target	contrast	d_FE	SE_FE	CI_lo	CI_hi	p_raw	discovery_coefficient	discovery_coefficient_SE	discovery_residual_SD	discovery_d	discovery_d_boot_CI_lo	discovery_d_boot_CI_hi	discovery_boot_SE_d	confirmatory_coefficient	confirmatory_coefficient_SE	confirmatory_residual_SD	confirmatory_d	confirmatory_d_boot_CI_lo	confirmatory_d_boot_CI_hi	confirmatory_boot_SE_d	weight_discovery	weight_confirmatory	weight_fraction_discovery	weight_fraction_confirmatory	opposite_direction_flag	meta_C2_direct_minus_reconstruction	interpretation_state	BH18_q_descriptive
GATA2	POLE_vs_NSMP	-1.0711602288477375	0.31988323166976285	-1.6981313629204728	-0.44418909477500235	0.0008122166123789822	-4.776284458026613	3.344434331252086	7.615835657923572	-0.6271517234037647	-1.642058252898356	0.22841027046067933	0.48122430655191534	-10.508078623545487	3.216135179163374	7.386162784162957	-1.4226708685701304	-2.253073708074811	-0.6411598032542816	0.4281748439237291	4.318221240488502	5.4545346356512505	0.44186320575462934	0.5581367942453707	False	-0.04349846546229319	CPTAC_META_SAME_DIRECTION_COMPATIBLE_BOTH_RESOLVED	0.0073099495114108395
GATA2	MMRd_vs_NSMP	-0.6199066525179047	0.20564193322974209	-1.0229648416481991	-0.2168484633876102	0.00257407152596932	-5.718426613900908	2.2276599631502365	7.615835657923572	-0.7508600330616922	-1.602245031456664	0.04462608681651139	0.4058152598924726	-4.244546656266749	1.6387035639238108	7.386162784162957	-0.5746619429194947	-1.0628635374228652	-0.14749846242125927	0.23853599282503182	6.072160640338297	17.574871628420702	0.25678320100913726	0.7432167989908628	False	-0.04349846546229319	CPTAC_META_SAME_DIRECTION_COMPATIBLE_BOTH_RESOLVED	0.008145453942437573
GATA2	POLE_vs_MMRd	-0.4373895626964306	0.32557070370744606	-1.075508141963025	0.20072901657016373	0.1791247147737236	0.9421421558742953	3.2638877106568764	7.615835657923572	0.1237083096579275	-0.8642187755212787	1.140585397081677	0.5008360235175576	-6.2635319672787375	3.2151819011673113	7.386162784162957	-0.8480089256506357	-1.6799162967407104	0.03178927998917292	0.42844586941998297	3.9866570979767655	5.4476359794329445	0.42257083442984866	0.5774291655701514	True	-0.04349846546229319	CPTAC_META_SAME_DIRECTION_COMPATIBLE_BOTH_RESOLVED	0.23894558655261824
GATA2	FROZEN_C2	-0.8890319061451143	0.2189655059650531	-1.3182042978366184	-0.45985951445361023	4.904205647235565e-05	-5.24735553596376	2.32607270023871	7.615835657923572	-0.6890058782327285	-1.4325225270005288	0.018615852449100335	0.36799762033981076	-7.376312639906118	1.9824451483296963	7.386162784162957	-0.9986664057448125	-1.563614318294229	-0.5055735349842367	0.2724428245803244	7.384311001456593	13.472532860405895	0.3540473836963933	0.6459526163036068	False	-0.04349846546229319	CPTAC_META_SAME_DIRECTION_COMPATIBLE_BOTH_RESOLVED	NA
SOX9	POLE_vs_NSMP	-1.050099734192495	0.33416798153180255	-1.705068977994828	-0.3951304903901619	0.0016755135339900885	-9.028636028160708	3.0761594016032374	7.004928827953994	-1.2888976105125969	-2.166853296414537	-0.4876794951789811	0.4371602957518919	-5.233059695973267	3.189431264026598	7.3248346828279844	-0.7144270038259593	-1.7560599931011158	0.3017982811735521	0.5183027481563862	5.2326125415565405	3.722485175263444	0.5843166324950697	0.4156833675049303	False	0.03460271563237616	CPTAC_META_SAME_DIRECTION_COMPATIBLE_BOTH_RESOLVED	0.007539810902955398
SOX9	MMRd_vs_NSMP	-0.6070935787947469	0.20248114799338293	-1.0039566288617774	-0.21023052872771636	0.0027151513141458576	-4.884790442777039	2.0489674666909186	7.004928827953994	-0.6973361989466198	-1.3918463810960613	0.05867086075123728	0.3657869735610856	-4.1548326079251545	1.6250972325765258	7.3248346828279844	-0.5672254443729029	-1.0921153911592996	-0.12919995904919182	0.24312820517783743	7.473835408643299	16.917232261820438	0.3064169026800622	0.6935830973199377	False	0.03460271563237616	CPTAC_META_SAME_DIRECTION_COMPATIBLE_BOTH_RESOLVED	0.008145453942437573
SOX9	POLE_vs_MMRd	-0.43372191931544635	0.30974791563599596	-1.0408278339619983	0.1733839953311057	0.16144098014052566	-4.143845585383669	3.0020738553881436	7.004928827953994	-0.591561411565977	-1.3294101705559722	0.1665976696453035	0.38574300146021606	-1.0782270880481128	3.18848590119992	7.3248346828279844	-0.14720155945305638	-1.1467354296859396	0.8924465222583968	0.5197182432552646	6.720535649947018	3.702235803238175	0.6447935350144539	0.35520646498554603	False	0.03460271563237616	CPTAC_META_SAME_DIRECTION_COMPATIBLE_BOTH_RESOLVED	0.23894558655261824
SOX9	FROZEN_C2	-0.7939939408612448	0.23336242361233592	-1.2513842911414232	-0.33660359058106637	0.0006679508697042039	-6.956713235468873	2.139485992829501	7.004928827953994	-0.9931169047296083	-1.7338808636031993	-0.3313840651234798	0.35391411572660664	-4.693946151949211	1.9659846937607182	7.3248346828279844	-0.640826224099431	-1.2858377561281213	-0.05968075804907922	0.31039936913055227	7.983700393572436	10.379067590837797	0.4347765217286686	0.5652234782713315	False	0.03460271563237616	CPTAC_META_SAME_DIRECTION_COMPATIBLE_BOTH_RESOLVED	NA
HOXA9	POLE_vs_NSMP	-0.6761167223756436	0.36212104781698656	-1.3858739760969372	0.03364053134565004	0.061887426253798665	-3.6448272605258554	1.835792500421873	4.180406191449227	-0.8718835188745854	-1.8394922252009012	0.06526051265369436	0.4912127682886593	-1.9480910488467973	1.914454639611869	4.396728627167876	-0.4430773909513827	-1.5795759920233763	0.5104872021831612	0.5359382364333103	4.144390846823467	3.4815329865716445	0.5434608235496049	0.45653917645039516	False	0.014554267414479183	CPTAC_META_SAME_DIRECTION_POINT_ESTIMATES_UNRESOLVED	0.1113973672568376
HOXA9	MMRd_vs_NSMP	-0.021244333483800202	0.19807420802104558	-0.40946978120504957	0.3669811142374491	0.9145871467183132	-0.9541111168955236	1.2227841986989292	4.180406191449227	-0.22823406941820665	-0.9119019690554908	0.6211416175618533	0.3847329697132043	0.23481141879332257	0.9754638614781552	4.396728627167876	0.05340593852947772	-0.41592535669825087	0.5061567544889122	0.23104719310472757	6.755868543349129	18.73262358034903	0.26505563807235966	0.7349443619276405	True	0.014554267414479183	CPTAC_META_SAME_DIRECTION_POINT_ESTIMATES_UNRESOLVED	0.96838639064292
HOXA9	POLE_vs_MMRd	-0.585312572242346	0.3508350303905208	-1.2729492318077669	0.10232408732307474	0.09524799287991084	-2.6907161436303317	1.7915796777507058	4.180406191449227	-0.6436494494563787	-1.6519885883395333	0.16734191449495134	0.4515739601550188	-2.18290246764012	1.913887186012833	4.396728627167876	-0.49648332948086044	-1.6961958025043486	0.523124167948351	0.5572310160974102	4.903906926458434	3.220545479668188	0.6035984557876681	0.3964015442123318	False	0.014554267414479183	CPTAC_META_SAME_DIRECTION_POINT_ESTIMATES_UNRESOLVED	0.15586035198530865
HOXA9	FROZEN_C2	-0.3341262605152427	0.23735630082797765	-0.7993446101380789	0.1310920891075935	0.15922017664231836	-2.2994691887106895	1.2768039063083088	4.180406191449227	-0.550058794146396	-1.2571778627413388	0.2207597788864385	0.3790448001022479	-0.8566398150267374	1.1800814022323258	4.396728627167876	-0.1948357262109525	-0.8053252737878658	0.3582052661628163	0.3044334049199791	6.960155037644943	10.789849570546284	0.39212130877042073	0.6078786912295793	False	0.014554267414479183	CPTAC_META_SAME_DIRECTION_POINT_ESTIMATES_UNRESOLVED	NA
WT1	POLE_vs_NSMP	-0.077831989082431	0.28441030935217154	-0.6352761954126873	0.47961221724782527	0.7843452070663433	-0.23556070868336806	3.88671332994246	8.850695525309005	-0.026614937550362056	-0.8434709371781421	0.794626895900749	0.41484864212181677	-1.1424745274356678	4.03610578312471	9.26930389039666	-0.12325354103659428	-0.9322235131955421	0.6501193198602954	0.3906729759124016	5.810595644121528	6.551990492031387	0.4700145730130956	0.5299854269869044	False	-0.010348019201242481	CPTAC_META_SAME_DIRECTION_POINT_ESTIMATES_UNRESOLVED	0.8823883579496361
WT1	MMRd_vs_NSMP	-0.24581810424576658	0.18580828120903098	-0.6100023354154673	0.11836612692393414	0.18584656731870308	-4.27795186281273	2.588861019768828	8.850695525309005	-0.483346404876285	-1.0470505357350508	0.1696917311957702	0.30637138820906745	-0.9975468332301178	2.056499668928867	9.26930389039666	-0.10761831147467428	-0.5847008095620971	0.33753586157859294	0.2336922013048781	10.653776731729629	18.31097884912332	0.36781863054188074	0.6321813694581193	False	-0.010348019201242481	CPTAC_META_SAME_DIRECTION_POINT_ESTIMATES_UNRESOLVED	0.23894558655261824
WT1	POLE_vs_MMRd	0.2187443116331519	0.2877744286982492	-0.3452935686154166	0.7827821918817204	0.4471803396705566	4.042391154129362	3.7931065812544045	8.850695525309005	0.4567314673259229	-0.3463439273881363	1.2888703366754406	0.4085375556135376	-0.14492769420554996	4.034909461882443	9.26930389039666	-0.015635229561920004	-0.8042067534242621	0.8351882497677439	0.40542924877803355	5.991506404092565	6.083728810776395	0.49618134118951684	0.503818658810483	True	-0.010348019201242481	CPTAC_META_SAME_DIRECTION_POINT_ESTIMATES_UNRESOLVED	0.536616407604668
WT1	FROZEN_C2	-0.17217306586534128	0.19262245945620188	-0.549713086399497	0.2053669546688144	0.3714091522761773	-2.256756285748049	2.7032307634063693	8.850695525309005	-0.2549806712133235	-0.8194779975729375	0.3724951110855877	0.30208554766003304	-1.0700106803328928	2.4878799808353933	9.26930389039666	-0.11543592625563429	-0.6456387820640298	0.3523107453312753	0.25005097597951026	10.958222225346967	15.993477069767028	0.4065874327758456	0.5934125672241544	False	-0.010348019201242481	CPTAC_META_SAME_DIRECTION_POINT_ESTIMATES_UNRESOLVED	NA
PAX8	POLE_vs_NSMP	-0.6375005510755258	0.26936328448550173	-1.1654525886671092	-0.10954851348394246	0.017947750437196864	-2.377080053193846	1.8670968119442493	4.251691338151332	-0.5590904569820957	-1.2796897699725662	0.19413387540756524	0.37894232240379433	-3.2614964374119553	1.979063465900733	4.545108991076397	-0.7175837683574559	-1.4852371818544579	0.0030653208495380634	0.3829639386412497	6.963920028097638	6.818427670555981	0.50527821386903	0.4947217861309699	False	0.0021627898495481523	CPTAC_META_SAME_DIRECTION_MATERIALLY_DIFFERENT_POLE_DOMINANT	0.03609968288202899
PAX8	MMRd_vs_NSMP	-0.006127150543136553	0.18850611628189337	-0.3755991384556476	0.36334483736937445	0.9740703472626349	0.4854445918531587	1.2436353665035225	4.251691338151332	0.11417681888079714	-0.5836919748803482	0.7314996492159791	0.3311891486112468	-0.2898804034744509	1.0083837196316414	4.545108991076397	-0.06377853733399688	-0.5142329199073196	0.3872906359347292	0.22926671032756932	9.116912833897938	19.024708057565856	0.3239654485098751	0.6760345514901249	True	0.0021627898495481523	CPTAC_META_SAME_DIRECTION_MATERIALLY_DIFFERENT_POLE_DOMINANT	0.974070347262635
PAX8	POLE_vs_MMRd	-0.6630299964037166	0.2803990745676508	-1.2126121825563123	-0.11344781025112105	0.018049841441014496	-2.8625246450470048	1.8221300631219166	4.251691338151332	-0.6732672758628928	-1.5043837626155097	0.10883980068809332	0.4072800578534656	-2.9716160339375044	1.9784768619336244	4.545108991076397	-0.653805231023459	-1.3902053650975092	0.1314497757620948	0.3866148495539258	6.028561678526814	6.690259111851457	0.473987469269745	0.5260125307302551	False	0.0021627898495481523	CPTAC_META_SAME_DIRECTION_MATERIALLY_DIFFERENT_POLE_DOMINANT	0.03609968288202899
PAX8	FROZEN_C2	-0.319651060959783	0.189638492309897	-0.6913425058871812	0.05204038396761507	0.09187650953399104	-0.9458177306703437	1.2985762292842862	4.251691338151332	-0.22245681905064926	-0.8042405942688632	0.32806274116303974	0.2918432910862117	-1.775688420443203	1.2199066729626913	4.545108991076397	-0.3906811528457264	-0.9016715988791638	0.07433269988802811	0.24948855867177772	11.740877901592656	16.06566592684965	0.42223434793012055	0.5777656520698794	False	0.0021627898495481523	CPTAC_META_SAME_DIRECTION_MATERIALLY_DIFFERENT_POLE_DOMINANT	NA
LHX1	POLE_vs_NSMP	-1.2968529275449043	0.27796010374365127	-1.841654730882461	-0.7520511242073479	3.0770558800832025e-06	-2.315943012746407	1.2396546200923846	2.8229006534790497	-0.8204125107598637	-2.1505148735658337	0.46839113958033807	0.6818555654413535	-4.149778820914196	1.298258396733452	2.981574877917337	-1.3918076824597012	-2.0632982872273047	-0.8873264540520779	0.30440126317013466	2.1508752426169937	10.792128292728357	0.1661805342742343	0.8338194657257657	False	0.020822760566739373	CPTAC_META_SAME_DIRECTION_MATERIALLY_DIFFERENT_POLE_DOMINANT	5.5387005841497645e-05
LHX1	MMRd_vs_NSMP	-0.6206508528144153	0.19281315769416557	-0.9985646418949798	-0.24273706373385084	0.0012867269549353916	-1.7800437368363844	0.825708831986593	2.8229006534790497	-0.6305725759929209	-1.2940273660182955	-0.03186852619730178	0.3233204469457021	-1.8341898830962604	0.6614960326930486	2.981574877917337	-0.6151748516131388	-1.1151652935041663	-0.17761512196113424	0.24019910504523587	9.566072302494586	17.332341210735184	0.35563704520304107	0.6443629547969589	False	0.020822760566739373	CPTAC_META_SAME_DIRECTION_MATERIALLY_DIFFERENT_POLE_DOMINANT	0.007539810902955398
LHX1	POLE_vs_MMRd	-0.6862264091207819	0.24870822660792075	-1.1736945332723066	-0.1987582849692573	0.005794971327275581	-0.5358992759100225	1.2097990509694896	2.8229006534790497	-0.18983993476694264	-1.3988551663110969	1.1251209071481227	0.6336259194366975	-2.3155889378179353	1.29787358667608	2.981574877917337	-0.7766328308465624	-1.325503906683183	-0.27989153337527767	0.27040991082465843	2.490772895803372	13.67586453000128	0.1540687052106261	0.845931294789374	False	0.020822760566739373	CPTAC_META_SAME_DIRECTION_MATERIALLY_DIFFERENT_POLE_DOMINANT	0.01490135484156578
LHX1	FROZEN_C2	-0.9379291296129205	0.2085162031945994	-1.3466208878743353	-0.5292373713515057	6.8559743496904234e-06	-2.0479933747913956	0.8621866910576036	2.8229006534790497	-0.7254925433763924	-1.6050608700007325	0.08388163778334229	0.4293729268628358	-2.991984352005228	0.800254316596243	2.981574877917337	-1.00349126703642	-1.5269183543309781	-0.6001333946435526	0.23853194665286032	5.424137434675434	17.575467871906064	0.23583610946242106	0.7641638905375789	False	0.020822760566739373	CPTAC_META_SAME_DIRECTION_MATERIALLY_DIFFERENT_POLE_DOMINANT	NA
