target	model	contrast	coefficient	coefficient_SE	residual_SD	d	d_boot_CI_lo	d_boot_CI_hi	perm_p_raw	BH18_q_descriptive	n_POLE	n_MMRd	n_NSMP	n_p53abn	interpretation_state
GATA2	TCGA_PRIMARY_CPE_N506	POLE_vs_NSMP	-5.366438071939792	1.4084604615272538	7.866733242530207	-0.6821685579634279	-1.109059655899362	-0.29661207031378684	0.0004997501249375312	0.0017991004497751122	49	148	146	163	SAME_DIRECTION_COMPATIBLE_BOTH_RESOLVED
GATA2	TCGA_PRIMARY_CPE_N506	MMRd_vs_NSMP	-3.3346544276636267	0.9941125967561311	7.866733242530207	-0.423893161857245	-0.6844859030132928	-0.17951334252028472	0.0009995002498750624	0.002570143499678732	49	148	146	163	SAME_DIRECTION_COMPATIBLE_BOTH_RESOLVED
GATA2	TCGA_PRIMARY_CPE_N506	POLE_vs_MMRd	-2.0317836442761656	1.3156972589542515	7.866733242530207	-0.2582753961061829	-0.6411182755412012	0.10425008930596241	0.12893553223388307	0.16577425572927823	49	148	146	163	SAME_DIRECTION_COMPATIBLE_BOTH_RESOLVED
SOX9	TCGA_PRIMARY_CPE_N506	POLE_vs_NSMP	-5.557372616805481	1.4409956072803995	8.048453155611263	-0.6904895275349852	-1.0299940483155963	-0.370202552096514	0.0004997501249375312	0.0017991004497751122	49	148	146	163	SAME_DIRECTION_COMPATIBLE_BOTH_RESOLVED
SOX9	TCGA_PRIMARY_CPE_N506	MMRd_vs_NSMP	-2.927483559093651	1.0170763924138577	8.048453155611263	-0.36373244678111255	-0.6275263636947145	-0.09346375071665247	0.0024987506246876563	0.005622188905547227	49	148	146	163	SAME_DIRECTION_COMPATIBLE_BOTH_RESOLVED
SOX9	TCGA_PRIMARY_CPE_N506	POLE_vs_MMRd	-2.6298890577118303	1.3460895938875832	8.048453155611263	-0.3267570807538726	-0.6357865305936402	-0.008978835151755528	0.05897051474262868	0.08845577211394302	49	148	146	163	SAME_DIRECTION_COMPATIBLE_BOTH_RESOLVED
HOXA9	TCGA_PRIMARY_CPE_N506	POLE_vs_NSMP	-3.64758919246682	0.8537453428440538	4.768459642753491	-0.7649407703407891	-1.1313367056673724	-0.4346532088496135	0.0004997501249375312	0.0017991004497751122	49	148	146	163	SAME_DIRECTION_COMPATIBLE_BOTH_RESOLVED
HOXA9	TCGA_PRIMARY_CPE_N506	MMRd_vs_NSMP	-2.513445525658112	0.6025863152898546	4.768459642753491	-0.5270979968295909	-0.791584057859476	-0.273346548188839	0.0004997501249375312	0.0017991004497751122	49	148	146	163	SAME_DIRECTION_COMPATIBLE_BOTH_RESOLVED
HOXA9	TCGA_PRIMARY_CPE_N506	POLE_vs_MMRd	-1.1341436668087077	0.7975164643293353	4.768459642753491	-0.2378427735111982	-0.5646186614895254	0.07477265225137111	0.14942528735632185	0.1793103448275862	49	148	146	163	SAME_DIRECTION_COMPATIBLE_BOTH_RESOLVED
WT1	TCGA_PRIMARY_CPE_N506	POLE_vs_NSMP	-6.688385684440303	1.7727404217974803	9.901361371130976	-0.6755016238414826	-1.0422527044064878	-0.3139380024367144	0.0009995002498750624	0.002570143499678732	49	148	146	163	SAME_DIRECTION_COMPATIBLE_BOTH_RESOLVED
WT1	TCGA_PRIMARY_CPE_N506	MMRd_vs_NSMP	-5.014074774612548	1.2512268765973815	9.901361371130976	-0.5064025629073489	-0.7665428566989885	-0.2556189949422573	0.0004997501249375312	0.0017991004497751122	49	148	146	163	SAME_DIRECTION_COMPATIBLE_BOTH_RESOLVED
WT1	TCGA_PRIMARY_CPE_N506	POLE_vs_MMRd	-1.6743109098277547	1.6559852246524824	9.901361371130976	-0.1690990609341337	-0.512592399351112	0.15861942230043583	0.3243378310844578	0.36488005997001505	49	148	146	163	SAME_DIRECTION_COMPATIBLE_BOTH_RESOLVED
PAX8	TCGA_PRIMARY_CPE_N506	POLE_vs_NSMP	-1.525359685224427	0.8635601790832651	4.823278858927491	-0.31624953270141376	-0.6964395558265765	0.03980591621652531	0.0544727636181909	0.08845577211394302	49	148	146	163	SAME_DIRECTION_POINT_ESTIMATES_UNRESOLVED
PAX8	TCGA_PRIMARY_CPE_N506	MMRd_vs_NSMP	-0.8491154258900264	0.609513774460358	4.823278858927491	-0.1760452693541415	-0.43240857355653867	0.05915212346355113	0.12543728135932034	0.16577425572927823	49	148	146	163	SAME_DIRECTION_POINT_ESTIMATES_UNRESOLVED
PAX8	TCGA_PRIMARY_CPE_N506	POLE_vs_MMRd	-0.6762442593344007	0.8066848815407157	4.823278858927491	-0.14020426334727223	-0.46833411288070753	0.19707673238978393	0.3893053473263368	0.41220566187494484	49	148	146	163	SAME_DIRECTION_POINT_ESTIMATES_UNRESOLVED
LHX1	TCGA_PRIMARY_CPE_N506	POLE_vs_NSMP	-0.9666792710419944	0.5576010430921967	3.114392474323656	-0.3103909603595884	-0.6242540070380243	0.009526890469830317	0.05897051474262868	0.08845577211394302	49	148	146	163	SAME_DIRECTION_POINT_ESTIMATES_UNRESOLVED
LHX1	TCGA_PRIMARY_CPE_N506	MMRd_vs_NSMP	-0.7623585443019394	0.3935632103589476	3.114392474323656	-0.24478563655259883	-0.47785447487370813	0.006677548927766904	0.03548225887056472	0.07096451774112944	49	148	146	163	SAME_DIRECTION_POINT_ESTIMATES_UNRESOLVED
LHX1	TCGA_PRIMARY_CPE_N506	POLE_vs_MMRd	-0.20432072674005503	0.5208766479613662	3.114392474323656	-0.06560532380698961	-0.33550881144049227	0.2242984531785637	0.6896551724137931	0.6896551724137931	49	148	146	163	SAME_DIRECTION_POINT_ESTIMATES_UNRESOLVED
GATA2	TCGA_NOPURITY_N507	POLE_vs_NSMP	-5.360792692807583	1.409923524158611	7.879739129225473	-0.6803261637082285	-1.1068090718617818	-0.3016432242474936	0.0004997501249375312	0.0014992503748125937	49	148	147	163	SAME_DIRECTION_COMPATIBLE_BOTH_RESOLVED
GATA2	TCGA_NOPURITY_N507	MMRd_vs_NSMP	-3.1350508066465084	0.9894606695018372	7.879739129225473	-0.397862258538331	-0.6695901489843171	-0.15859169409298163	0.0014992503748125937	0.003855215249518098	49	148	147	163	SAME_DIRECTION_COMPATIBLE_BOTH_RESOLVED
GATA2	TCGA_NOPURITY_N507	POLE_vs_MMRd	-2.2257418861610745	1.313916048461862	7.879739129225473	-0.2824639051698975	-0.6783729621244683	0.08033194875440451	0.08445777111444278	0.1169415292353823	49	148	147	163	SAME_DIRECTION_COMPATIBLE_BOTH_RESOLVED
SOX9	TCGA_NOPURITY_N507	POLE_vs_NSMP	-5.587785374250028	1.4494448725560602	8.100614878917623	-0.6897976829873251	-1.0122710540741722	-0.3612949132838641	0.0004997501249375312	0.0014992503748125937	49	148	147	163	SAME_DIRECTION_DISTINGUISHABLE_BELOW_MATERIALITY_FLOOR
SOX9	TCGA_NOPURITY_N507	MMRd_vs_NSMP	-2.6582839472745396	1.0171960886042966	8.100614878917623	-0.32815829255047	-0.5907168005951898	-0.09235057456158276	0.005497251374312844	0.012368815592203899	49	148	147	163	SAME_DIRECTION_DISTINGUISHABLE_BELOW_MATERIALITY_FLOOR
SOX9	TCGA_NOPURITY_N507	POLE_vs_MMRd	-2.929501426975488	1.3507462261463214	8.100614878917623	-0.3616393904368551	-0.6617331340683037	-0.06110646216680571	0.03298350824587706	0.05937031484257871	49	148	147	163	SAME_DIRECTION_DISTINGUISHABLE_BELOW_MATERIALITY_FLOOR
HOXA9	TCGA_NOPURITY_N507	POLE_vs_NSMP	-3.643011766212895	0.862956632273201	4.822866648888411	-0.7553623252371175	-1.1287845545879518	-0.40542021562875175	0.0004997501249375312	0.0014992503748125937	49	148	147	163	SAME_DIRECTION_COMPATIBLE_BOTH_RESOLVED
HOXA9	TCGA_NOPURITY_N507	MMRd_vs_NSMP	-2.2826713537710606	0.605608483360574	4.822866648888411	-0.47330177671347756	-0.7547626210256694	-0.2225031735294459	0.0004997501249375312	0.0014992503748125937	49	148	147	163	SAME_DIRECTION_COMPATIBLE_BOTH_RESOLVED
HOXA9	TCGA_NOPURITY_N507	POLE_vs_MMRd	-1.3603404124418343	0.804194375682185	4.822866648888411	-0.28206054852363993	-0.6214646012896536	0.06247972149943972	0.10044977511244378	0.12173913043478261	49	148	147	163	SAME_DIRECTION_COMPATIBLE_BOTH_RESOLVED
WT1	TCGA_NOPURITY_N507	POLE_vs_NSMP	-6.7214404834035575	1.7690502370780627	9.886815941303105	-0.6798387391156041	-1.0509447375841512	-0.31047131307081577	0.0004997501249375312	0.0014992503748125937	49	148	147	163	SAME_DIRECTION_COMPATIBLE_BOTH_RESOLVED
WT1	TCGA_NOPURITY_N507	MMRd_vs_NSMP	-5.1082323847034194	1.2414897701676548	9.886815941303105	-0.5166711320439675	-0.7789858766496858	-0.2781058902049637	0.0004997501249375312	0.0014992503748125937	49	148	147	163	SAME_DIRECTION_COMPATIBLE_BOTH_RESOLVED
WT1	TCGA_NOPURITY_N507	POLE_vs_MMRd	-1.613208098700138	1.648588350505913	9.886815941303105	-0.1631676070716366	-0.4868148202060316	0.1881497725114428	0.3288355822088955	0.36994002998500747	49	148	147	163	SAME_DIRECTION_COMPATIBLE_BOTH_RESOLVED
PAX8	TCGA_NOPURITY_N507	POLE_vs_NSMP	-1.5381783527700572	0.8626937912335744	4.821397690615693	-0.31903162764688503	-0.6836367343923921	0.03122146543325071	0.05297351324337831	0.08668393076189178	49	148	147	163	SAME_DIRECTION_POINT_ESTIMATES_UNRESOLVED
PAX8	TCGA_NOPURITY_N507	MMRd_vs_NSMP	-0.9356359243966124	0.6054240259296672	4.821397690615693	-0.19405906428704736	-0.4410203768994444	0.047439765943956616	0.10144927536231885	0.12173913043478261	49	148	147	163	SAME_DIRECTION_POINT_ESTIMATES_UNRESOLVED
PAX8	TCGA_NOPURITY_N507	POLE_vs_MMRd	-0.6025424283734448	0.8039494325670142	4.821397690615693	-0.12497256335983771	-0.47492972317558413	0.20155230045362257	0.4617691154422789	0.4889320045859423	49	148	147	163	SAME_DIRECTION_POINT_ESTIMATES_UNRESOLVED
LHX1	TCGA_NOPURITY_N507	POLE_vs_NSMP	-0.9708195142109477	0.556791890310674	3.111782142605681	-0.31198183861226947	-0.6166694714486235	-0.010740247300472102	0.06146926536731634	0.09220389805097451	49	148	147	163	SAME_DIRECTION_POINT_ESTIMATES_UNRESOLVED
LHX1	TCGA_NOPURITY_N507	MMRd_vs_NSMP	-0.8087683191455517	0.39074720516402717	3.111782142605681	-0.25990518682915303	-0.5036947318394122	-0.034314173923473024	0.028985507246376812	0.057971014492753624	49	148	147	163	SAME_DIRECTION_POINT_ESTIMATES_UNRESOLVED
LHX1	TCGA_NOPURITY_N507	POLE_vs_MMRd	-0.162051195065396	0.5188776467639897	3.111782142605681	-0.052076651783116434	-0.33245254773138516	0.2348067612276038	0.7491254372813593	0.7491254372813593	49	148	147	163	SAME_DIRECTION_POINT_ESTIMATES_UNRESOLVED
GATA2	CPTAC_DISCOVERY_N95	POLE_vs_NSMP	-4.776284458026613	3.344434331252086	7.615835657923572	-0.6271517234037647	-1.642058252898356	0.22841027046067933	0.13693153423288357	0.2593703148425787	7	25	43	20	SAME_DIRECTION_POINT_ESTIMATES_UNRESOLVED
GATA2	CPTAC_DISCOVERY_N95	MMRd_vs_NSMP	-5.718426613900908	2.2276599631502365	7.615835657923572	-0.7508600330616922	-1.602245031456664	0.04462608681651139	0.0029985007496251873	0.026986506746626684	7	25	43	20	SAME_DIRECTION_POINT_ESTIMATES_UNRESOLVED
GATA2	CPTAC_DISCOVERY_N95	POLE_vs_MMRd	0.9421421558742953	3.2638877106568764	7.615835657923572	0.1237083096579275	-0.8642187755212787	1.140585397081677	0.7746126936531734	0.8201781462210072	7	25	43	20	SAME_DIRECTION_POINT_ESTIMATES_UNRESOLVED
SOX9	CPTAC_DISCOVERY_N95	POLE_vs_NSMP	-9.028636028160708	3.0761594016032374	7.004928827953994	-1.2888976105125969	-2.166853296414537	-0.4876794951789811	0.0024987506246876563	0.026986506746626684	7	25	43	20	SAME_DIRECTION_COMPATIBLE_BOTH_RESOLVED
SOX9	CPTAC_DISCOVERY_N95	MMRd_vs_NSMP	-4.884790442777039	2.0489674666909186	7.004928827953994	-0.6973361989466198	-1.3918463810960613	0.05867086075123728	0.006496751624187906	0.038980509745127435	7	25	43	20	SAME_DIRECTION_COMPATIBLE_BOTH_RESOLVED
SOX9	CPTAC_DISCOVERY_N95	POLE_vs_MMRd	-4.143845585383669	3.0020738553881436	7.004928827953994	-0.591561411565977	-1.3294101705559722	0.1665976696453035	0.1729135432283858	0.2593703148425787	7	25	43	20	SAME_DIRECTION_COMPATIBLE_BOTH_RESOLVED
HOXA9	CPTAC_DISCOVERY_N95	POLE_vs_NSMP	-3.6448272605258554	1.835792500421873	4.180406191449227	-0.8718835188745854	-1.8394922252009012	0.06526051265369436	0.034482758620689655	0.12413793103448276	7	25	43	20	SAME_DIRECTION_POINT_ESTIMATES_UNRESOLVED
HOXA9	CPTAC_DISCOVERY_N95	MMRd_vs_NSMP	-0.9541111168955236	1.2227841986989292	4.180406191449227	-0.22823406941820665	-0.9119019690554908	0.6211416175618533	0.35932033983008493	0.461983294067252	7	25	43	20	SAME_DIRECTION_POINT_ESTIMATES_UNRESOLVED
HOXA9	CPTAC_DISCOVERY_N95	POLE_vs_MMRd	-2.6907161436303317	1.7915796777507058	4.180406191449227	-0.6436494494563787	-1.6519885883395333	0.16734191449495134	0.14492753623188406	0.2593703148425787	7	25	43	20	SAME_DIRECTION_POINT_ESTIMATES_UNRESOLVED
WT1	CPTAC_DISCOVERY_N95	POLE_vs_NSMP	-0.23556070868336806	3.88671332994246	8.850695525309005	-0.026614937550362056	-0.8434709371781421	0.794626895900749	0.9445277361319341	0.9445277361319341	7	25	43	20	SAME_DIRECTION_POINT_ESTIMATES_UNRESOLVED
WT1	CPTAC_DISCOVERY_N95	MMRd_vs_NSMP	-4.27795186281273	2.588861019768828	8.850695525309005	-0.483346404876285	-1.0470505357350508	0.1696917311957702	0.06746626686656672	0.17348468622831442	7	25	43	20	SAME_DIRECTION_POINT_ESTIMATES_UNRESOLVED
WT1	CPTAC_DISCOVERY_N95	POLE_vs_MMRd	4.042391154129362	3.7931065812544045	8.850695525309005	0.4567314673259229	-0.3463439273881363	1.2888703366754406	0.30334832583708143	0.42002075885134355	7	25	43	20	SAME_DIRECTION_POINT_ESTIMATES_UNRESOLVED
PAX8	CPTAC_DISCOVERY_N95	POLE_vs_NSMP	-2.377080053193846	1.8670968119442493	4.251691338151332	-0.5590904569820957	-1.2796897699725662	0.19413387540756524	0.16841579210394803	0.2593703148425787	7	25	43	20	OPPOSITE_DIRECTION_POINT_HETEROGENEITY_UNRESOLVED
PAX8	CPTAC_DISCOVERY_N95	MMRd_vs_NSMP	0.4854445918531587	1.2436353665035225	4.251691338151332	0.11417681888079714	-0.5836919748803482	0.7314996492159791	0.6676661669165417	0.7511244377811094	7	25	43	20	OPPOSITE_DIRECTION_POINT_HETEROGENEITY_UNRESOLVED
PAX8	CPTAC_DISCOVERY_N95	POLE_vs_MMRd	-2.8625246450470048	1.8221300631219166	4.251691338151332	-0.6732672758628928	-1.5043837626155097	0.10883980068809332	0.11294352823588207	0.25412293853073464	7	25	43	20	OPPOSITE_DIRECTION_POINT_HETEROGENEITY_UNRESOLVED
LHX1	CPTAC_DISCOVERY_N95	POLE_vs_NSMP	-2.315943012746407	1.2396546200923846	2.8229006534790497	-0.8204125107598637	-2.1505148735658337	0.46839113958033807	0.04297851074462768	0.12893553223388304	7	25	43	20	SAME_DIRECTION_POINT_ESTIMATES_UNRESOLVED
LHX1	CPTAC_DISCOVERY_N95	MMRd_vs_NSMP	-1.7800437368363844	0.825708831986593	2.8229006534790497	-0.6305725759929209	-1.2940273660182955	-0.03186852619730178	0.01899050474762619	0.08545727136431785	7	25	43	20	SAME_DIRECTION_POINT_ESTIMATES_UNRESOLVED
LHX1	CPTAC_DISCOVERY_N95	POLE_vs_MMRd	-0.5358992759100225	1.2097990509694896	2.8229006534790497	-0.18983993476694264	-1.3988551663110969	1.1251209071481227	0.6676661669165417	0.7511244377811094	7	25	43	20	SAME_DIRECTION_POINT_ESTIMATES_UNRESOLVED
GATA2	CPTAC_CONFIRMATORY_N135	POLE_vs_NSMP	-10.508078623545487	3.216135179163374	7.386162784162957	-1.4226708685701304	-2.253073708074811	-0.6411598032542816	0.0004997501249375312	0.008995502248875561	6	47	66	16	SAME_DIRECTION_COMPATIBLE_BOTH_RESOLVED
GATA2	CPTAC_CONFIRMATORY_N135	MMRd_vs_NSMP	-4.244546656266749	1.6387035639238108	7.386162784162957	-0.5746619429194947	-1.0628635374228652	-0.14749846242125927	0.0034982508745627187	0.012593703148425789	6	47	66	16	SAME_DIRECTION_COMPATIBLE_BOTH_RESOLVED
GATA2	CPTAC_CONFIRMATORY_N135	POLE_vs_MMRd	-6.2635319672787375	3.2151819011673113	7.386162784162957	-0.8480089256506357	-1.6799162967407104	0.03178927998917292	0.0559720139930035	0.16791604197901053	6	47	66	16	SAME_DIRECTION_COMPATIBLE_BOTH_RESOLVED
SOX9	CPTAC_CONFIRMATORY_N135	POLE_vs_NSMP	-5.233059695973267	3.189431264026598	7.3248346828279844	-0.7144270038259593	-1.7560599931011158	0.3017982811735521	0.10494752623688156	0.2098950524737631	6	47	66	16	SAME_DIRECTION_POINT_ESTIMATES_UNRESOLVED
SOX9	CPTAC_CONFIRMATORY_N135	MMRd_vs_NSMP	-4.1548326079251545	1.6250972325765258	7.3248346828279844	-0.5672254443729029	-1.0921153911592996	-0.12919995904919182	0.0034982508745627187	0.012593703148425789	6	47	66	16	SAME_DIRECTION_POINT_ESTIMATES_UNRESOLVED
SOX9	CPTAC_CONFIRMATORY_N135	POLE_vs_MMRd	-1.0782270880481128	3.18848590119992	7.3248346828279844	-0.14720155945305638	-1.1467354296859396	0.8924465222583968	0.7491254372813593	0.8185907046476762	6	47	66	16	SAME_DIRECTION_POINT_ESTIMATES_UNRESOLVED
HOXA9	CPTAC_CONFIRMATORY_N135	POLE_vs_NSMP	-1.9480910488467973	1.914454639611869	4.396728627167876	-0.4430773909513827	-1.5795759920233763	0.5104872021831612	0.2888555722138931	0.4332833583208396	6	47	66	16	OPPOSITE_DIRECTION_POINT_HETEROGENEITY_UNRESOLVED
HOXA9	CPTAC_CONFIRMATORY_N135	MMRd_vs_NSMP	0.23481141879332257	0.9754638614781552	4.396728627167876	0.05340593852947772	-0.41592535669825087	0.5061567544889122	0.767616191904048	0.8185907046476762	6	47	66	16	OPPOSITE_DIRECTION_POINT_HETEROGENEITY_UNRESOLVED
HOXA9	CPTAC_CONFIRMATORY_N135	POLE_vs_MMRd	-2.18290246764012	1.913887186012833	4.396728627167876	-0.49648332948086044	-1.6961958025043486	0.523124167948351	0.23938030984507747	0.39171323429194493	6	47	66	16	OPPOSITE_DIRECTION_POINT_HETEROGENEITY_UNRESOLVED
WT1	CPTAC_CONFIRMATORY_N135	POLE_vs_NSMP	-1.1424745274356678	4.03610578312471	9.26930389039666	-0.12325354103659428	-0.9322235131955421	0.6501193198602954	0.7731134432783608	0.8185907046476762	6	47	66	16	SAME_DIRECTION_POINT_ESTIMATES_UNRESOLVED
WT1	CPTAC_CONFIRMATORY_N135	MMRd_vs_NSMP	-0.9975468332301178	2.056499668928867	9.26930389039666	-0.10761831147467428	-0.5847008095620971	0.33753586157859294	0.5857071464267866	0.8109791258217045	6	47	66	16	SAME_DIRECTION_POINT_ESTIMATES_UNRESOLVED
WT1	CPTAC_CONFIRMATORY_N135	POLE_vs_MMRd	-0.14492769420554996	4.034909461882443	9.26930389039666	-0.015635229561920004	-0.8042067534242621	0.8351882497677439	0.9710144927536232	0.9710144927536233	6	47	66	16	SAME_DIRECTION_POINT_ESTIMATES_UNRESOLVED
PAX8	CPTAC_CONFIRMATORY_N135	POLE_vs_NSMP	-3.2614964374119553	1.979063465900733	4.545108991076397	-0.7175837683574559	-1.4852371818544579	0.0030653208495380634	0.09495252373813093	0.2098950524737631	6	47	66	16	SAME_DIRECTION_POINT_ESTIMATES_UNRESOLVED
PAX8	CPTAC_CONFIRMATORY_N135	MMRd_vs_NSMP	-0.2898804034744509	1.0083837196316414	4.545108991076397	-0.06377853733399688	-0.5142329199073196	0.3872906359347292	0.7276361819090454	0.8185907046476762	6	47	66	16	SAME_DIRECTION_POINT_ESTIMATES_UNRESOLVED
PAX8	CPTAC_CONFIRMATORY_N135	POLE_vs_MMRd	-2.9716160339375044	1.9784768619336244	4.545108991076397	-0.653805231023459	-1.3902053650975092	0.1314497757620948	0.14492753623188406	0.2608695652173913	6	47	66	16	SAME_DIRECTION_POINT_ESTIMATES_UNRESOLVED
LHX1	CPTAC_CONFIRMATORY_N135	POLE_vs_NSMP	-4.149778820914196	1.298258396733452	2.981574877917337	-1.3918076824597012	-2.0632982872273047	-0.8873264540520779	0.0014992503748125937	0.012593703148425789	6	47	66	16	SAME_DIRECTION_COMPATIBLE_BOTH_RESOLVED
LHX1	CPTAC_CONFIRMATORY_N135	MMRd_vs_NSMP	-1.8341898830962604	0.6614960326930486	2.981574877917337	-0.6151748516131388	-1.1151652935041663	-0.17761512196113424	0.0029985007496251873	0.012593703148425789	6	47	66	16	SAME_DIRECTION_COMPATIBLE_BOTH_RESOLVED
LHX1	CPTAC_CONFIRMATORY_N135	POLE_vs_MMRd	-2.3155889378179353	1.29787358667608	2.981574877917337	-0.7766328308465624	-1.325503906683183	-0.27989153337527767	0.07496251874062969	0.1927607624759049	6	47	66	16	SAME_DIRECTION_COMPATIBLE_BOTH_RESOLVED
GATA2	CPTAC_FIXED_EFFECT_META	POLE_vs_NSMP	NA	NA	NA	-1.0711602288477375	-1.6981313629204728	-0.44418909477500235	0.0008122166123789822	0.0073099495114108395	13	72	109	36	CPTAC_META_SAME_DIRECTION_COMPATIBLE_BOTH_RESOLVED
GATA2	CPTAC_FIXED_EFFECT_META	MMRd_vs_NSMP	NA	NA	NA	-0.6199066525179047	-1.0229648416481991	-0.2168484633876102	0.00257407152596932	0.008145453942437573	13	72	109	36	CPTAC_META_SAME_DIRECTION_COMPATIBLE_BOTH_RESOLVED
GATA2	CPTAC_FIXED_EFFECT_META	POLE_vs_MMRd	NA	NA	NA	-0.4373895626964306	-1.075508141963025	0.20072901657016373	0.1791247147737236	0.23894558655261824	13	72	109	36	CPTAC_META_SAME_DIRECTION_COMPATIBLE_BOTH_RESOLVED
SOX9	CPTAC_FIXED_EFFECT_META	POLE_vs_NSMP	NA	NA	NA	-1.050099734192495	-1.705068977994828	-0.3951304903901619	0.0016755135339900885	0.007539810902955398	13	72	109	36	CPTAC_META_SAME_DIRECTION_COMPATIBLE_BOTH_RESOLVED
SOX9	CPTAC_FIXED_EFFECT_META	MMRd_vs_NSMP	NA	NA	NA	-0.6070935787947469	-1.0039566288617774	-0.21023052872771636	0.0027151513141458576	0.008145453942437573	13	72	109	36	CPTAC_META_SAME_DIRECTION_COMPATIBLE_BOTH_RESOLVED
SOX9	CPTAC_FIXED_EFFECT_META	POLE_vs_MMRd	NA	NA	NA	-0.43372191931544635	-1.0408278339619983	0.1733839953311057	0.16144098014052566	0.23894558655261824	13	72	109	36	CPTAC_META_SAME_DIRECTION_COMPATIBLE_BOTH_RESOLVED
HOXA9	CPTAC_FIXED_EFFECT_META	POLE_vs_NSMP	NA	NA	NA	-0.6761167223756436	-1.3858739760969372	0.03364053134565004	0.061887426253798665	0.1113973672568376	13	72	109	36	CPTAC_META_SAME_DIRECTION_POINT_ESTIMATES_UNRESOLVED
HOXA9	CPTAC_FIXED_EFFECT_META	MMRd_vs_NSMP	NA	NA	NA	-0.021244333483800202	-0.40946978120504957	0.3669811142374491	0.9145871467183132	0.96838639064292	13	72	109	36	CPTAC_META_SAME_DIRECTION_POINT_ESTIMATES_UNRESOLVED
HOXA9	CPTAC_FIXED_EFFECT_META	POLE_vs_MMRd	NA	NA	NA	-0.585312572242346	-1.2729492318077669	0.10232408732307474	0.09524799287991084	0.15586035198530865	13	72	109	36	CPTAC_META_SAME_DIRECTION_POINT_ESTIMATES_UNRESOLVED
WT1	CPTAC_FIXED_EFFECT_META	POLE_vs_NSMP	NA	NA	NA	-0.077831989082431	-0.6352761954126873	0.47961221724782527	0.7843452070663433	0.8823883579496361	13	72	109	36	CPTAC_META_SAME_DIRECTION_POINT_ESTIMATES_UNRESOLVED
WT1	CPTAC_FIXED_EFFECT_META	MMRd_vs_NSMP	NA	NA	NA	-0.24581810424576658	-0.6100023354154673	0.11836612692393414	0.18584656731870308	0.23894558655261824	13	72	109	36	CPTAC_META_SAME_DIRECTION_POINT_ESTIMATES_UNRESOLVED
WT1	CPTAC_FIXED_EFFECT_META	POLE_vs_MMRd	NA	NA	NA	0.2187443116331519	-0.3452935686154166	0.7827821918817204	0.4471803396705566	0.536616407604668	13	72	109	36	CPTAC_META_SAME_DIRECTION_POINT_ESTIMATES_UNRESOLVED
PAX8	CPTAC_FIXED_EFFECT_META	POLE_vs_NSMP	NA	NA	NA	-0.6375005510755258	-1.1654525886671092	-0.10954851348394246	0.017947750437196864	0.03609968288202899	13	72	109	36	CPTAC_META_SAME_DIRECTION_MATERIALLY_DIFFERENT_POLE_DOMINANT
PAX8	CPTAC_FIXED_EFFECT_META	MMRd_vs_NSMP	NA	NA	NA	-0.006127150543136553	-0.3755991384556476	0.36334483736937445	0.9740703472626349	0.974070347262635	13	72	109	36	CPTAC_META_SAME_DIRECTION_MATERIALLY_DIFFERENT_POLE_DOMINANT
PAX8	CPTAC_FIXED_EFFECT_META	POLE_vs_MMRd	NA	NA	NA	-0.6630299964037166	-1.2126121825563123	-0.11344781025112105	0.018049841441014496	0.03609968288202899	13	72	109	36	CPTAC_META_SAME_DIRECTION_MATERIALLY_DIFFERENT_POLE_DOMINANT
LHX1	CPTAC_FIXED_EFFECT_META	POLE_vs_NSMP	NA	NA	NA	-1.2968529275449043	-1.841654730882461	-0.7520511242073479	3.0770558800832025e-06	5.5387005841497645e-05	13	72	109	36	CPTAC_META_SAME_DIRECTION_MATERIALLY_DIFFERENT_POLE_DOMINANT
LHX1	CPTAC_FIXED_EFFECT_META	MMRd_vs_NSMP	NA	NA	NA	-0.6206508528144153	-0.9985646418949798	-0.24273706373385084	0.0012867269549353916	0.007539810902955398	13	72	109	36	CPTAC_META_SAME_DIRECTION_MATERIALLY_DIFFERENT_POLE_DOMINANT
LHX1	CPTAC_FIXED_EFFECT_META	POLE_vs_MMRd	NA	NA	NA	-0.6862264091207819	-1.1736945332723066	-0.1987582849692573	0.005794971327275581	0.01490135484156578	13	72	109	36	CPTAC_META_SAME_DIRECTION_MATERIALLY_DIFFERENT_POLE_DOMINANT
