model_id	n	p	rank	residual_df	condition_number	max_vif	subtype_gvif_adjusted	max_hat	fraction_hat_gt_3p_n	n_hat_gt_2p_n	n_cooks_flags	n_dfbeta_flags	n_studentized_flags	n_influence_union	max_single_case_abs_d_change	single_case_direction_change	cramers_v	max_clinical_dummy_abs_correlation	status	reasons	subtype_counts	clinical_counts
primary_cpe|full_base|base|GATA2	506	7	7	499	4.0097948920722946	3.3297015800065175	1.0671154119674002	0.16415372903191713	0.0059288537549407111	28	21	87	0	87	0.03152788694051456	False			PASS	none	"{""MMRd"":148,""NSMP"":146,""POLE"":49,""p53abn"":163}"	{}
primary_cpe|full_base|base|SOX9	506	7	7	499	4.0097948920722946	3.3297015800065175	1.0671154119674002	0.16415372903191713	0.0059288537549407111	28	18	80	0	80	0.023614276855486449	False			PASS	none	"{""MMRd"":148,""NSMP"":146,""POLE"":49,""p53abn"":163}"	{}
primary_cpe|full_base|base|HOXA9	506	7	7	499	4.0097948920722946	3.3297015800065175	1.0671154119674002	0.16415372903191713	0.0059288537549407111	28	24	100	0	100	0.026934530773601528	False			PASS	none	"{""MMRd"":148,""NSMP"":146,""POLE"":49,""p53abn"":163}"	{}
primary_cpe|full_base|base|WT1	506	7	7	499	4.0097948920722946	3.3297015800065175	1.0671154119674002	0.16415372903191713	0.0059288537549407111	28	11	95	0	95	0.026358817172680515	False			PASS	none	"{""MMRd"":148,""NSMP"":146,""POLE"":49,""p53abn"":163}"	{}
primary_cpe|full_base|base|PAX8	506	7	7	499	4.0097948920722946	3.3297015800065175	1.0671154119674002	0.16415372903191713	0.0059288537549407111	28	15	94	0	94	0.029089046921529055	False			PASS	none	"{""MMRd"":148,""NSMP"":146,""POLE"":49,""p53abn"":163}"	{}
primary_cpe|full_base|base|LHX1	506	7	7	499	4.0097948920722946	3.3297015800065175	1.0671154119674002	0.16415372903191713	0.0059288537549407111	28	16	90	0	90	0.027693535301589023	False			PASS	none	"{""MMRd"":148,""NSMP"":146,""POLE"":49,""p53abn"":163}"	{}
primary_cpe|histology_matched|base_refit|GATA2	505	7	7	498	4.0114149953939799	3.3281617271581032	1.067145168541505	0.16418813554113279	0.0059405940594059407	28	21	87	0	87	0.031705769085760949	False			PASS	none	"{""MMRd"":148,""NSMP"":146,""POLE"":49,""p53abn"":162}"	{}
primary_cpe|histology_matched|base_plus_binary_histology|GATA2	505	8	8	497	4.400066109474329	3.7163612061832887	1.1544599442039043	0.16496970627720339	0.0099009900990099011	29	24	106	0	106	0.03163852081363816	False	0.64400211557674114	0.64284481015770267	PASS	none	"{""MMRd"":148,""NSMP"":146,""POLE"":49,""p53abn"":162}"	"{""0.0"":381,""1.0"":124}"
primary_cpe|histology_matched|base_refit|SOX9	505	7	7	498	4.0114149953939799	3.3281617271581032	1.067145168541505	0.16418813554113279	0.0059405940594059407	28	18	79	0	79	0.023583198329131916	False			PASS	none	"{""MMRd"":148,""NSMP"":146,""POLE"":49,""p53abn"":162}"	{}
primary_cpe|histology_matched|base_plus_binary_histology|SOX9	505	8	8	497	4.400066109474329	3.7163612061832887	1.1544599442039043	0.16496970627720339	0.0099009900990099011	29	18	103	0	103	0.023336724636610406	False	0.64400211557674114	0.64284481015770267	PASS	none	"{""MMRd"":148,""NSMP"":146,""POLE"":49,""p53abn"":162}"	"{""0.0"":381,""1.0"":124}"
primary_cpe|histology_matched|base_refit|HOXA9	505	7	7	498	4.0114149953939799	3.3281617271581032	1.067145168541505	0.16418813554113279	0.0059405940594059407	28	24	100	0	100	0.026839360208205987	False			PASS	none	"{""MMRd"":148,""NSMP"":146,""POLE"":49,""p53abn"":162}"	{}
primary_cpe|histology_matched|base_plus_binary_histology|HOXA9	505	8	8	497	4.400066109474329	3.7163612061832887	1.1544599442039043	0.16496970627720339	0.0099009900990099011	29	21	127	0	127	0.027623527879488297	False	0.64400211557674114	0.64284481015770267	PASS	none	"{""MMRd"":148,""NSMP"":146,""POLE"":49,""p53abn"":162}"	"{""0.0"":381,""1.0"":124}"
primary_cpe|histology_matched|base_refit|WT1	505	7	7	498	4.0114149953939799	3.3281617271581032	1.067145168541505	0.16418813554113279	0.0059405940594059407	28	11	94	0	94	0.026551575664288229	False			PASS	none	"{""MMRd"":148,""NSMP"":146,""POLE"":49,""p53abn"":162}"	{}
primary_cpe|histology_matched|base_plus_binary_histology|WT1	505	8	8	497	4.400066109474329	3.7163612061832887	1.1544599442039043	0.16496970627720339	0.0099009900990099011	29	13	124	0	124	0.026507323496664292	False	0.64400211557674114	0.64284481015770267	PASS	none	"{""MMRd"":148,""NSMP"":146,""POLE"":49,""p53abn"":162}"	"{""0.0"":381,""1.0"":124}"
primary_cpe|histology_matched|base_refit|PAX8	505	7	7	498	4.0114149953939799	3.3281617271581032	1.067145168541505	0.16418813554113279	0.0059405940594059407	28	15	93	0	93	0.029034864002616456	False			PASS	none	"{""MMRd"":148,""NSMP"":146,""POLE"":49,""p53abn"":162}"	{}
primary_cpe|histology_matched|base_plus_binary_histology|PAX8	505	8	8	497	4.400066109474329	3.7163612061832887	1.1544599442039043	0.16496970627720339	0.0099009900990099011	29	15	107	0	107	0.029789671120184102	False	0.64400211557674114	0.64284481015770267	PASS	none	"{""MMRd"":148,""NSMP"":146,""POLE"":49,""p53abn"":162}"	"{""0.0"":381,""1.0"":124}"
primary_cpe|histology_matched|base_refit|LHX1	505	7	7	498	4.0114149953939799	3.3281617271581032	1.067145168541505	0.16418813554113279	0.0059405940594059407	28	17	89	0	89	0.028047902288206528	False			PASS	none	"{""MMRd"":148,""NSMP"":146,""POLE"":49,""p53abn"":162}"	{}
primary_cpe|histology_matched|base_plus_binary_histology|LHX1	505	8	8	497	4.400066109474329	3.7163612061832887	1.1544599442039043	0.16496970627720339	0.0099009900990099011	29	23	105	0	105	0.028733696959656885	False	0.64400211557674114	0.64284481015770267	PASS	none	"{""MMRd"":148,""NSMP"":146,""POLE"":49,""p53abn"":162}"	"{""0.0"":381,""1.0"":124}"
primary_cpe|endometrioid_grade_matched|base_refit|GATA2	380	7	7	373	3.5659593492032338	3.1539950492733895	1.0577781267258743	0.19934946234420961	0.005263157894736842	18	15	71	0	71	0.037426996788580857	False			PASS	none	"{""MMRd"":142,""NSMP"":138,""POLE"":44,""p53abn"":56}"	{}
primary_cpe|endometrioid_grade_matched|base_plus_binary_grade|GATA2	380	8	8	372	3.8295684761480189	3.2361989411322214	1.0762789935402162	0.20265182241357349	0.005263157894736842	15	12	85	1	85	0.03833258669714501	False	0.4479216635941754	0.41608787075813669	PASS	none	"{""MMRd"":142,""NSMP"":138,""POLE"":44,""p53abn"":56}"	"{""0.0"":176,""1.0"":204}"
primary_cpe|endometrioid_grade_matched|base_refit|SOX9	380	7	7	373	3.5659593492032338	3.1539950492733895	1.0577781267258743	0.19934946234420961	0.005263157894736842	18	18	67	0	67	0.028275446233189894	False			PASS	none	"{""MMRd"":142,""NSMP"":138,""POLE"":44,""p53abn"":56}"	{}
primary_cpe|endometrioid_grade_matched|base_plus_binary_grade|SOX9	380	8	8	372	3.8295684761480189	3.2361989411322214	1.0762789935402162	0.20265182241357349	0.005263157894736842	15	16	74	0	74	0.02802155083388691	False	0.4479216635941754	0.41608787075813669	PASS	none	"{""MMRd"":142,""NSMP"":138,""POLE"":44,""p53abn"":56}"	"{""0.0"":176,""1.0"":204}"
primary_cpe|endometrioid_grade_matched|base_refit|HOXA9	380	7	7	373	3.5659593492032338	3.1539950492733895	1.0577781267258743	0.19934946234420961	0.005263157894736842	18	13	93	0	93	0.031709162566011861	False			PASS	none	"{""MMRd"":142,""NSMP"":138,""POLE"":44,""p53abn"":56}"	{}
primary_cpe|endometrioid_grade_matched|base_plus_binary_grade|HOXA9	380	8	8	372	3.8295684761480189	3.2361989411322214	1.0762789935402162	0.20265182241357349	0.005263157894736842	15	11	97	0	97	0.034716772944589525	False	0.4479216635941754	0.41608787075813669	PASS	none	"{""MMRd"":142,""NSMP"":138,""POLE"":44,""p53abn"":56}"	"{""0.0"":176,""1.0"":204}"
primary_cpe|endometrioid_grade_matched|base_refit|WT1	380	7	7	373	3.5659593492032338	3.1539950492733895	1.0577781267258743	0.19934946234420961	0.005263157894736842	18	9	93	0	93	0.030956823424634794	False			PASS	none	"{""MMRd"":142,""NSMP"":138,""POLE"":44,""p53abn"":56}"	{}
primary_cpe|endometrioid_grade_matched|base_plus_binary_grade|WT1	380	8	8	372	3.8295684761480189	3.2361989411322214	1.0762789935402162	0.20265182241357349	0.005263157894736842	15	8	98	0	98	0.035534021265458682	False	0.4479216635941754	0.41608787075813669	PASS	none	"{""MMRd"":142,""NSMP"":138,""POLE"":44,""p53abn"":56}"	"{""0.0"":176,""1.0"":204}"
primary_cpe|endometrioid_grade_matched|base_refit|PAX8	380	7	7	373	3.5659593492032338	3.1539950492733895	1.0577781267258743	0.19934946234420961	0.005263157894736842	18	11	80	0	80	0.034307517958967304	False			PASS	none	"{""MMRd"":142,""NSMP"":138,""POLE"":44,""p53abn"":56}"	{}
primary_cpe|endometrioid_grade_matched|base_plus_binary_grade|PAX8	380	8	8	372	3.8295684761480189	3.2361989411322214	1.0762789935402162	0.20265182241357349	0.005263157894736842	15	12	90	0	90	0.035557338865223803	False	0.4479216635941754	0.41608787075813669	PASS	none	"{""MMRd"":142,""NSMP"":138,""POLE"":44,""p53abn"":56}"	"{""0.0"":176,""1.0"":204}"
primary_cpe|endometrioid_grade_matched|base_refit|LHX1	380	7	7	373	3.5659593492032338	3.1539950492733895	1.0577781267258743	0.19934946234420961	0.005263157894736842	18	18	76	0	76	0.03702306739575395	False			PASS	none	"{""MMRd"":142,""NSMP"":138,""POLE"":44,""p53abn"":56}"	{}
primary_cpe|endometrioid_grade_matched|base_plus_binary_grade|LHX1	380	8	8	372	3.8295684761480189	3.2361989411322214	1.0762789935402162	0.20265182241357349	0.005263157894736842	15	19	88	0	88	0.04050409362873475	False	0.4479216635941754	0.41608787075813669	PASS	none	"{""MMRd"":142,""NSMP"":138,""POLE"":44,""p53abn"":56}"	"{""0.0"":176,""1.0"":204}"
no_purity|full_base|base|GATA2	507	6	6	501	3.8902888361473895	3.3417911921635888	1.0650326447389107	0.039999830172288552	0.0059171597633136093	25	21	77	0	77	0.033354096613355644	False			PASS	none	"{""MMRd"":148,""NSMP"":147,""POLE"":49,""p53abn"":163}"	{}
no_purity|full_base|base|SOX9	507	6	6	501	3.8902888361473895	3.3417911921635888	1.0650326447389107	0.039999830172288552	0.0059171597633136093	25	16	63	0	63	0.023142698075456547	False			PASS	none	"{""MMRd"":148,""NSMP"":147,""POLE"":49,""p53abn"":163}"	{}
no_purity|full_base|base|HOXA9	507	6	6	501	3.8902888361473895	3.3417911921635888	1.0650326447389107	0.039999830172288552	0.0059171597633136093	25	23	83	0	83	0.031639041009685953	False			PASS	none	"{""MMRd"":148,""NSMP"":147,""POLE"":49,""p53abn"":163}"	{}
no_purity|full_base|base|WT1	507	6	6	501	3.8902888361473895	3.3417911921635888	1.0650326447389107	0.039999830172288552	0.0059171597633136093	25	11	82	0	82	0.026602072540614086	False			PASS	none	"{""MMRd"":148,""NSMP"":147,""POLE"":49,""p53abn"":163}"	{}
no_purity|full_base|base|PAX8	507	6	6	501	3.8902888361473895	3.3417911921635888	1.0650326447389107	0.039999830172288552	0.0059171597633136093	25	14	85	0	85	0.029225826957650525	False			PASS	none	"{""MMRd"":148,""NSMP"":147,""POLE"":49,""p53abn"":163}"	{}
no_purity|full_base|base|LHX1	507	6	6	501	3.8902888361473895	3.3417911921635888	1.0650326447389107	0.039999830172288552	0.0059171597633136093	25	16	77	0	77	0.027616996669646732	False			PASS	none	"{""MMRd"":148,""NSMP"":147,""POLE"":49,""p53abn"":163}"	{}
no_purity|histology_matched|base_refit|GATA2	506	6	6	500	3.8889936095458757	3.3402214919510613	1.065049296725229	0.040000655941586249	0.0059288537549407111	25	21	78	0	78	0.033522080336444104	False			PASS	none	"{""MMRd"":148,""NSMP"":147,""POLE"":49,""p53abn"":162}"	{}
no_purity|histology_matched|base_plus_binary_histology|GATA2	506	7	7	499	4.3415285148333957	3.6963422036524998	1.1517442772384745	0.059290885884604849	0.003952569169960474	28	25	99	0	99	0.033384540698735421	False	0.64426940658206355	0.64311268265073929	PASS	none	"{""MMRd"":148,""NSMP"":147,""POLE"":49,""p53abn"":162}"	"{""0.0"":382,""1.0"":124}"
no_purity|histology_matched|base_refit|SOX9	506	6	6	500	3.8889936095458757	3.3402214919510613	1.065049296725229	0.040000655941586249	0.0059288537549407111	25	16	63	0	63	0.023137518737457285	False			PASS	none	"{""MMRd"":148,""NSMP"":147,""POLE"":49,""p53abn"":162}"	{}
no_purity|histology_matched|base_plus_binary_histology|SOX9	506	7	7	499	4.3415285148333957	3.6963422036524998	1.1517442772384745	0.059290885884604849	0.003952569169960474	28	19	90	0	90	0.022957772474601734	False	0.64426940658206355	0.64311268265073929	PASS	none	"{""MMRd"":148,""NSMP"":147,""POLE"":49,""p53abn"":162}"	"{""0.0"":382,""1.0"":124}"
no_purity|histology_matched|base_refit|HOXA9	506	6	6	500	3.8889936095458757	3.3402214919510613	1.065049296725229	0.040000655941586249	0.0059288537549407111	25	22	83	0	83	0.031567739579437926	False			PASS	none	"{""MMRd"":148,""NSMP"":147,""POLE"":49,""p53abn"":162}"	{}
no_purity|histology_matched|base_plus_binary_histology|HOXA9	506	7	7	499	4.3415285148333957	3.6963422036524998	1.1517442772384745	0.059290885884604849	0.003952569169960474	28	21	111	0	111	0.032355715109489314	False	0.64426940658206355	0.64311268265073929	PASS	none	"{""MMRd"":148,""NSMP"":147,""POLE"":49,""p53abn"":162}"	"{""0.0"":382,""1.0"":124}"
no_purity|histology_matched|base_refit|WT1	506	6	6	500	3.8889936095458757	3.3402214919510613	1.065049296725229	0.040000655941586249	0.0059288537549407111	25	11	82	0	82	0.026770369913060699	False			PASS	none	"{""MMRd"":148,""NSMP"":147,""POLE"":49,""p53abn"":162}"	{}
no_purity|histology_matched|base_plus_binary_histology|WT1	506	7	7	499	4.3415285148333957	3.6963422036524998	1.1517442772384745	0.059290885884604849	0.003952569169960474	28	11	113	0	113	0.026716062932862772	False	0.64426940658206355	0.64311268265073929	PASS	none	"{""MMRd"":148,""NSMP"":147,""POLE"":49,""p53abn"":162}"	"{""0.0"":382,""1.0"":124}"
no_purity|histology_matched|base_refit|PAX8	506	6	6	500	3.8889936095458757	3.3402214919510613	1.065049296725229	0.040000655941586249	0.0059288537549407111	25	14	85	0	85	0.029169807057266517	False			PASS	none	"{""MMRd"":148,""NSMP"":147,""POLE"":49,""p53abn"":162}"	{}
no_purity|histology_matched|base_plus_binary_histology|PAX8	506	7	7	499	4.3415285148333957	3.6963422036524998	1.1517442772384745	0.059290885884604849	0.003952569169960474	28	17	98	0	98	0.029895981840191238	False	0.64426940658206355	0.64311268265073929	PASS	none	"{""MMRd"":148,""NSMP"":147,""POLE"":49,""p53abn"":162}"	"{""0.0"":382,""1.0"":124}"
no_purity|histology_matched|base_refit|LHX1	506	6	6	500	3.8889936095458757	3.3402214919510613	1.065049296725229	0.040000655941586249	0.0059288537549407111	25	15	77	0	77	0.02793208796729052	False			PASS	none	"{""MMRd"":148,""NSMP"":147,""POLE"":49,""p53abn"":162}"	{}
no_purity|histology_matched|base_plus_binary_histology|LHX1	506	7	7	499	4.3415285148333957	3.6963422036524998	1.1517442772384745	0.059290885884604849	0.003952569169960474	28	25	97	0	97	0.028769347674432122	False	0.64426940658206355	0.64311268265073929	PASS	none	"{""MMRd"":148,""NSMP"":147,""POLE"":49,""p53abn"":162}"	"{""0.0"":382,""1.0"":124}"
no_purity|endometrioid_grade_matched|base_refit|GATA2	381	6	6	375	3.5000636407480714	3.1639896158148844	1.055075714023354	0.046304953021255951	0	15	14	67	0	67	0.03935872179343447	False			PASS	none	"{""MMRd"":142,""NSMP"":139,""POLE"":44,""p53abn"":56}"	{}
no_purity|endometrioid_grade_matched|base_plus_binary_grade|GATA2	381	7	7	374	3.8020064135644027	3.2466910269391014	1.0732284996475447	0.052450765784047546	0	10	14	76	1	76	0.040232344433325407	False	0.44951939443396099	0.41788171413017122	PASS	none	"{""MMRd"":142,""NSMP"":139,""POLE"":44,""p53abn"":56}"	"{""0.0"":176,""1.0"":205}"
no_purity|endometrioid_grade_matched|base_refit|SOX9	381	6	6	375	3.5000636407480714	3.1639896158148844	1.055075714023354	0.046304953021255951	0	15	17	57	0	57	0.02624723452090727	False			PASS	none	"{""MMRd"":142,""NSMP"":139,""POLE"":44,""p53abn"":56}"	{}
no_purity|endometrioid_grade_matched|base_plus_binary_grade|SOX9	381	7	7	374	3.8020064135644027	3.2466910269391014	1.0732284996475447	0.052450765784047546	0	10	16	69	0	69	0.029053585423010064	False	0.44951939443396099	0.41788171413017122	PASS	none	"{""MMRd"":142,""NSMP"":139,""POLE"":44,""p53abn"":56}"	"{""0.0"":176,""1.0"":205}"
no_purity|endometrioid_grade_matched|base_refit|HOXA9	381	6	6	375	3.5000636407480714	3.1639896158148844	1.055075714023354	0.046304953021255951	0	15	11	77	0	77	0.03682660273793803	False			PASS	none	"{""MMRd"":142,""NSMP"":139,""POLE"":44,""p53abn"":56}"	{}
no_purity|endometrioid_grade_matched|base_plus_binary_grade|HOXA9	381	7	7	374	3.8020064135644027	3.2466910269391014	1.0732284996475447	0.052450765784047546	0	10	9	90	0	90	0.042131039574865192	False	0.44951939443396099	0.41788171413017122	PASS	none	"{""MMRd"":142,""NSMP"":139,""POLE"":44,""p53abn"":56}"	"{""0.0"":176,""1.0"":205}"
no_purity|endometrioid_grade_matched|base_refit|WT1	381	6	6	375	3.5000636407480714	3.1639896158148844	1.055075714023354	0.046304953021255951	0	15	9	82	0	82	0.031550263683998048	False			PASS	none	"{""MMRd"":142,""NSMP"":139,""POLE"":44,""p53abn"":56}"	{}
no_purity|endometrioid_grade_matched|base_plus_binary_grade|WT1	381	7	7	374	3.8020064135644027	3.2466910269391014	1.0732284996475447	0.052450765784047546	0	10	6	87	0	87	0.036261574219780379	False	0.44951939443396099	0.41788171413017122	PASS	none	"{""MMRd"":142,""NSMP"":139,""POLE"":44,""p53abn"":56}"	"{""0.0"":176,""1.0"":205}"
no_purity|endometrioid_grade_matched|base_refit|PAX8	381	6	6	375	3.5000636407480714	3.1639896158148844	1.055075714023354	0.046304953021255951	0	15	11	76	0	76	0.034361105143415671	False			PASS	none	"{""MMRd"":142,""NSMP"":139,""POLE"":44,""p53abn"":56}"	{}
no_purity|endometrioid_grade_matched|base_plus_binary_grade|PAX8	381	7	7	374	3.8020064135644027	3.2466910269391014	1.0732284996475447	0.052450765784047546	0	10	11	85	0	85	0.035601643954228046	False	0.44951939443396099	0.41788171413017122	PASS	none	"{""MMRd"":142,""NSMP"":139,""POLE"":44,""p53abn"":56}"	"{""0.0"":176,""1.0"":205}"
no_purity|endometrioid_grade_matched|base_refit|LHX1	381	6	6	375	3.5000636407480714	3.1639896158148844	1.055075714023354	0.046304953021255951	0	15	21	69	0	69	0.03833029272114985	False			PASS	none	"{""MMRd"":142,""NSMP"":139,""POLE"":44,""p53abn"":56}"	{}
no_purity|endometrioid_grade_matched|base_plus_binary_grade|LHX1	381	7	7	374	3.8020064135644027	3.2466910269391014	1.0732284996475447	0.052450765784047546	0	10	20	81	0	81	0.041893848747382445	False	0.44951939443396099	0.41788171413017122	PASS	none	"{""MMRd"":142,""NSMP"":139,""POLE"":44,""p53abn"":56}"	"{""0.0"":176,""1.0"":205}"
