cohort	base_specification	node	model	target	contrast	n	p_design	coefficient	se	t	residual_df	ci_lo	ci_hi	raw_p	direction	residual_sd	d	d_ci_lo	d_ci_hi	coefficient_boot_ci_lo	coefficient_boot_ci_hi	bootstrap_attempts	bootstrap_valid	diagnostic_permutations	permutation_p	interpretability
TCGA-UCEC	primary_cpe	full_base	base	GATA2	C2	506	7	-4.3505462498017096	1.0262775180488262	-4.2391518602814484	499	-6.3669038528221362	-2.3341886467812829	2.6736982074373046e-05	negative	7.8667332425302066	-0.55303085991033651	-0.84205486846927846	-0.27997687121447334	-6.4139934806626	-2.2091917408874804	2000	2000	2000	0.00049975012493753122	PASS
TCGA-UCEC	primary_cpe	full_base	base	SOX9	C2	506	7	-4.2424280879495662	1.0499843167449636	-4.0404680529909598	499	-6.305363135134523	-2.1794930407646094	6.1757792474499636e-05	negative	8.0484531556112628	-0.52711098715804883	-0.79163122117298856	-0.25577032010176332	-6.2460766215554218	-2.0848559063903611	2000	2000	2000	0.00049975012493753122	PASS
TCGA-UCEC	primary_cpe	full_base	base	HOXA9	C2	506	7	-3.0805173590624659	0.6220832429684684	-4.9519375322871513	499	-4.3027425901635512	-1.8582921279613807	1.0071934058853881e-06	negative	4.7684596427534913	-0.64601938358519007	-0.91794308675888592	-0.39879476357865712	-4.259498981100549	-1.8998537994033393	2000	2000	2000	0.00049975012493753122	PASS
TCGA-UCEC	primary_cpe	full_base	base	WT1	C2	506	7	-5.8512302295264256	1.2917108359963312	-4.5298297935336391	499	-8.3890924736656949	-3.3133679853871558	7.3935331358484831e-06	negative	9.9013613711309763	-0.59095209337441568	-0.86142364741062505	-0.3277304684598758	-8.3219909107814747	-3.2651407866058948	2000	2000	2000	0.00049975012493753122	PASS
TCGA-UCEC	primary_cpe	full_base	base	PAX8	C2	506	7	-1.1872375555572268	0.62923484292514109	-1.8867956358520823	499	-2.4235137452857733	0.049038634171319595	0.059768086485621721	negative	4.8232788589274911	-0.24614740102777763	-0.51232218787358097	0.0060077027308760326	-2.4159621705703276	0.029134192436579678	2000	2000	2000	0.034982508745627187	PASS
TCGA-UCEC	primary_cpe	full_base	base	LHX1	C2	506	7	-0.86451890767196682	0.40629710964380039	-2.1277997976158094	499	-1.6627827804624888	-0.066255034881444685	0.033843253679356471	negative	3.114392474323656	-0.27758829845609362	-0.50930238406030426	-0.051141804514262562	-1.5558017694116442	-0.15735775136631477	2000	2000	2000	0.015992003998000999	PASS
TCGA-UCEC	primary_cpe	histology_matched	base_refit	GATA2	C2	505	7	-4.3716491002561604	1.0261391736542511	-4.2602886747691304	498	-6.3877447366845077	-2.3555534638278131	2.4418699324649824e-05	negative	7.8643905772280807	-0.55587894031033891	-0.84067902416895257	-0.27818149151673666	-6.4191218952299778	-2.173488772586651	2000	2000	2000	0.00049975012493753122	PASS
TCGA-UCEC	primary_cpe	histology_matched	base_plus_binary_histology	GATA2	C2	505	8	-4.3996223693646384	1.0257631945795966	-4.2891209127149459	497	-6.4149891838366813	-2.3842555548925954	2.1561442449541119e-05	negative	7.8596786894782786	-0.55977127605157651	-0.84806445844607969	-0.28357228862119721	-6.4684148849643872	-2.2548094793334612	2000	2000	2000	0.00049975012493753122	PASS
TCGA-UCEC	primary_cpe	histology_matched	base_refit	SOX9	C2	505	7	-4.2594963626630458	1.050355487669782	-4.0552902447463346	498	-6.3231707352614839	-2.1958219900646077	5.8103476662636922e-05	negative	8.0499858226378489	-0.52913091482529817	-0.79410181112589462	-0.2767817050715779	-6.2246806931013667	-2.2299748678686555	2000	2000	2000	0.00049975012493753122	PASS
TCGA-UCEC	primary_cpe	histology_matched	base_plus_binary_histology	SOX9	C2	505	8	-4.2683649311593932	1.0514948945965954	-4.0593301528077754	497	-6.3342880675664057	-2.2024417947523807	5.7155969929031688e-05	negative	8.0568420263345413	-0.5297813854619271	-0.7971157987089158	-0.26288678188078701	-6.26863769750197	-2.1153187319156106	2000	2000	2000	0.00049975012493753122	PASS
TCGA-UCEC	primary_cpe	histology_matched	base_refit	HOXA9	C2	505	7	-3.06829580434135	0.62206998139432901	-4.9323965086114052	498	-4.290500946920524	-1.8460906617621757	1.1088669967572555e-06	negative	4.7675806807297603	-0.64357501420860996	-0.93516006540128216	-0.36489860337354085	-4.3182071564200388	-1.7535026754460561	2000	2000	2000	0.00049975012493753122	PASS
TCGA-UCEC	primary_cpe	histology_matched	base_plus_binary_histology	HOXA9	C2	505	8	-3.0895776636781869	0.6212672680054202	-4.9730250132077325	497	-4.3102116671910462	-1.868943660165328	9.0931140178794296e-07	negative	4.7603200549751117	-0.64902729816437521	-0.93398452161455492	-0.39791649593459461	-4.3306244248998542	-1.9088146074439094	2000	2000	2000	0.00049975012493753122	PASS
TCGA-UCEC	primary_cpe	histology_matched	base_refit	WT1	C2	505	7	-5.8817744140076469	1.290994173232699	-4.5560038425885825	498	-8.4182409929415556	-3.3453078350737377	6.5652762361189338e-06	negative	9.8942547676759105	-0.59446361066253739	-0.8778286071448852	-0.32470067768721156	-8.5115605260904843	-3.2417212517730865	2000	2000	2000	0.00049975012493753122	PASS
TCGA-UCEC	primary_cpe	histology_matched	base_plus_binary_histology	WT1	C2	505	8	-5.8780514040662979	1.2925700861362621	-4.5475688066067752	497	-8.4176266888335967	-3.3384761192989996	6.825987548468558e-06	negative	9.9040262063857423	-0.59350119654129674	-0.87674966180974911	-0.34026749700156961	-8.4783318973380233	-3.3820246598779709	2000	2000	2000	0.00049975012493753122	PASS
TCGA-UCEC	primary_cpe	histology_matched	base_refit	PAX8	C2	505	7	-1.1814896566971094	0.62980744291017721	-1.8759537855534882	498	-2.4188968915456797	0.055917578151460923	0.061246330275656145	negative	4.8268810378345401	-0.24477289732981594	-0.51933069416900479	0.0093814782528957724	-2.4629244327484052	0.045796131622502657	2000	2000	2000	0.034982508745627187	PASS
TCGA-UCEC	primary_cpe	histology_matched	base_plus_binary_histology	PAX8	C2	505	8	-1.1221175642669747	0.61839083628618019	-1.8145766373350314	497	-2.3371001025472298	0.09286497401328031	0.070191732933365517	negative	4.7382800469060804	-0.23681959554072274	-0.49298700261093592	0.026076457181755854	-2.3102514317696889	0.12232809608781064	2000	2000	2000	0.044977511244377814	PASS
TCGA-UCEC	primary_cpe	histology_matched	base_refit	LHX1	C2	505	7	-0.88015971242545932	0.40491469851453216	-2.1736916828517425	498	-1.6757114053734075	-0.084608019477511065	0.030198683829252313	negative	3.1032899058308385	-0.2836214917503222	-0.52766736486668864	-0.04253927783890727	-1.6075093520790924	-0.13070538180761096	2000	2000	2000	0.016991504247876061	PASS
TCGA-UCEC	primary_cpe	histology_matched	base_plus_binary_histology	LHX1	C2	505	8	-0.84431920742425892	0.39851123205563888	-2.1186835890898497	497	-1.6272935981250942	-0.061344816723423734	0.034612694398089193	negative	3.0535022651004167	-0.27650845950706798	-0.52575487693296952	-0.038762407692456424	-1.5722521033492622	-0.11672907015503856	2000	2000	2000	0.02048975512243878	PASS
TCGA-UCEC	primary_cpe	endometrioid_grade_matched	base_refit	GATA2	C2	380	7	-4.1037244655325313	1.0791107300352616	-3.8028761565538653	373	-6.2256276956702816	-1.9818212353947811	0.00016704714686763828	negative	7.8496189261816918	-0.52279282652116155	-0.83197223590327185	-0.25427093356770775	-6.3699742584497443	-1.9767418646347323	2000	2000	2000	0.00049975012493753122	PASS
TCGA-UCEC	primary_cpe	endometrioid_grade_matched	base_plus_binary_grade	GATA2	C2	380	8	-3.3618463951585635	1.0912025650395891	-3.0808637212437224	372	-5.5075451116879766	-1.216147678629151	0.0022176158424336402	negative	7.754953692789865	-0.43350953833344302	-0.7487051341467027	-0.15844292320438769	-5.6639596806689063	-1.2200297674468261	2000	2000	2000	0.0014992503748125937	PASS
TCGA-UCEC	primary_cpe	endometrioid_grade_matched	base_refit	SOX9	C2	380	7	-4.8252399869435454	1.0758509962543576	-4.4850448656393116	373	-6.9407334581505662	-2.7097465157365241	9.7191964823373679e-06	negative	7.8259071167549976	-0.61657261132231855	-0.91140115579802072	-0.3311650862914246	-6.8851085006137058	-2.6060687369064266	2000	2000	2000	0.00049975012493753122	PASS
TCGA-UCEC	primary_cpe	endometrioid_grade_matched	base_plus_binary_grade	SOX9	C2	380	8	-4.3713614542449601	1.0971310121165918	-3.9843568415878639	372	-6.5287176408827534	-2.2140052676071669	8.1425796534261821e-05	negative	7.7970859549612275	-0.56064040841610774	-0.86592704242517027	-0.28822128766486688	-6.4834280024351001	-2.2842854906945362	2000	2000	2000	0.00049975012493753122	PASS
TCGA-UCEC	primary_cpe	endometrioid_grade_matched	base_refit	HOXA9	C2	380	7	-3.0450803778801787	0.66923983787761054	-4.5500584477116224	373	-4.3610363166029487	-1.7291244391574088	7.2655230519840372e-06	negative	4.8681544454545458	-0.62551022404874745	-0.93540454061455902	-0.36096443616063884	-4.3712831025240426	-1.7725873312326823	2000	2000	2000	0.00049975012493753122	PASS
TCGA-UCEC	primary_cpe	endometrioid_grade_matched	base_plus_binary_grade	HOXA9	C2	380	8	-2.8924779724216139	0.68491602389643924	-4.2231133036813908	372	-4.2392704750141093	-1.5456854698291187	3.0329661627176959e-05	negative	4.8675582508128912	-0.59423592351227938	-0.89037511097062072	-0.314044880251176	-4.1897704529938569	-1.5610556987475412	2000	2000	2000	0.00049975012493753122	PASS
TCGA-UCEC	primary_cpe	endometrioid_grade_matched	base_refit	WT1	C2	380	7	-5.7217057358590981	1.3574666593316997	-4.2149880415302245	373	-8.3909525601827823	-3.0524589115354135	3.137192566050324e-05	negative	9.8744231561876497	-0.57944708722288074	-0.86685493968385485	-0.30744086913158425	-8.2761204694965809	-3.0433417842944954	2000	2000	2000	0.00049975012493753122	PASS
TCGA-UCEC	primary_cpe	endometrioid_grade_matched	base_plus_binary_grade	WT1	C2	380	8	-5.8294419622698417	1.3910536624473393	-4.1906664851547557	372	-8.5647563335557138	-3.0941275909839692	3.4781936367790615e-05	negative	9.8859341813162658	-0.58967031899596145	-0.87918960091139031	-0.310255604169139	-8.4662614877773539	-3.049059445204708	2000	2000	2000	0.00049975012493753122	PASS
TCGA-UCEC	primary_cpe	endometrioid_grade_matched	base_refit	PAX8	C2	380	7	-1.0288871982662242	0.65637805188046605	-1.5675222462398795	373	-2.3195524374406822	0.26177804090823376	0.11784059680264382	negative	4.7745958179869223	-0.21549199921597267	-0.51424412725601554	0.054318617734748414	-2.4086725989103224	0.25699169746453809	2000	2000	2000	0.082458770614692659	PASS
TCGA-UCEC	primary_cpe	endometrioid_grade_matched	base_plus_binary_grade	PAX8	C2	380	8	-0.88277769410196383	0.67179928428884739	-1.3140497686544186	372	-2.203777944877273	0.43822255667334531	0.1896391711720137	negative	4.774340262222875	-0.1849004565273597	-0.46054937711450511	0.096030865803321874	-2.1477713350510417	0.46049308918366677	2000	2000	2000	0.14242878560719641	PASS
TCGA-UCEC	primary_cpe	endometrioid_grade_matched	base_refit	LHX1	C2	380	7	-0.94719806780863169	0.40786640778681094	-2.322324294732617	373	-1.7492038528120251	-0.14519228280523822	0.02075310382787077	negative	2.9668835503215449	-0.31925690770909304	-0.59972615612145963	-0.067205942808438335	-1.7498856507134768	-0.20298618515729638	2000	2000	2000	0.010494752623688156	PASS
TCGA-UCEC	primary_cpe	endometrioid_grade_matched	base_plus_binary_grade	LHX1	C2	380	8	-0.84903563094004975	0.41735039068472701	-2.0343472772292777	372	-1.6696973726972077	-0.028373889182891743	0.042625473961514206	negative	2.9660239602812832	-0.28625380047824406	-0.5615093008635007	-0.02142121329886109	-1.6138526022961841	-0.063404349658964562	2000	2000	2000	0.018490754622688656	PASS
TCGA-UCEC	no_purity	full_base	base	GATA2	C2	507	6	-4.2479217497270456	1.0256044728022702	-4.1418713182094491	501	-6.2629374439110101	-2.2329060555430811	4.0428897954142371e-05	negative	7.8797391292254728	-0.53909421112327971	-0.82637380239869251	-0.27059432747921169	-6.36426312801464	-2.1176268625777817	2000	2000	2000	0.00049975012493753122	PASS
TCGA-UCEC	no_purity	full_base	base	SOX9	C2	507	6	-4.1230346607622836	1.0543530332689022	-3.9104877879274285	501	-6.1945329484427258	-2.0515363730818414	0.00010480050853617325	negative	8.1006148789176233	-0.50897798776889758	-0.76224256703066884	-0.25565130523828411	-6.0190491022280606	-2.0797174822750808	2000	2000	2000	0.00049975012493753122	PASS
TCGA-UCEC	no_purity	full_base	base	HOXA9	C2	507	6	-2.9628415599919777	0.62773062987366235	-4.719925106392024	501	-4.1961504080504799	-1.7295327119334758	3.0657931353986833e-06	negative	4.8228666488884109	-0.61433205097529753	-0.88951206159209528	-0.34502195040605649	-4.2043363944759369	-1.6783369332375351	2000	2000	2000	0.00049975012493753122	PASS
TCGA-UCEC	no_purity	full_base	base	WT1	C2	507	6	-5.9148364340534885	1.2868398921437318	-4.5964043158469625	501	-8.443104053135464	-3.3865688149715139	5.4477524561894246e-06	negative	9.8868159413031051	-0.59825493557978582	-0.87341170557775671	-0.34991376166405341	-8.465063542853505	-3.4985762989042164	2000	2000	2000	0.00049975012493753122	PASS
TCGA-UCEC	no_purity	full_base	base	PAX8	C2	507	6	-1.2369071385833348	0.62753943443557081	-1.9710428870431846	501	-2.4698403429910654	-0.0039739341756042101	0.049268936086828939	negative	4.8213976906156928	-0.25654534596696621	-0.51737563404020115	-0.0027121316160134967	-2.4432343604183173	-0.013008286560029985	2000	2000	2000	0.032983508245877063	PASS
TCGA-UCEC	no_purity	full_base	base	LHX1	C2	507	6	-0.8897939166782497	0.40502072866926464	-2.1969095744846316	501	-1.6855423229897895	-0.09404551036671005	0.02848411887683789	negative	3.1117821426056809	-0.28594351272071128	-0.51914956583014071	-0.057183674532466165	-1.5949223163381812	-0.1723876551519864	2000	2000	2000	0.011494252873563218	PASS
TCGA-UCEC	no_purity	histology_matched	base_refit	GATA2	C2	506	6	-4.2709855464588848	1.0253914349958084	-4.165224518845668	500	-6.2855924399642804	-2.2563786529534893	3.6641254827001314e-05	negative	7.8766691529122328	-0.54223244159998496	-0.83516824092792774	-0.26661376293205663	-6.4024628789526936	-2.0946052169632203	2000	2000	2000	0.00049975012493753122	PASS
TCGA-UCEC	no_purity	histology_matched	base_plus_binary_histology	GATA2	C2	506	7	-4.3043525936871116	1.0248039963241939	-4.2001715539031146	499	-6.317815125266895	-2.2908900621073287	3.1593738639920137e-05	negative	7.869911760675306	-0.54693784690131786	-0.8490699635594291	-0.27589229576229196	-6.4931806107926491	-2.1578357816043456	2000	2000	2000	0.00049975012493753122	PASS
TCGA-UCEC	no_purity	histology_matched	base_refit	SOX9	C2	506	6	-4.142328831479853	1.0546291096567748	-3.9277588619073476	500	-6.2143795643930666	-2.0702780985666398	9.7788718731459486e-05	negative	8.1012619106095496	-0.51131896205639138	-0.76159773895873006	-0.25136851709906799	-6.0374423302170008	-2.0345403379386706	2000	2000	2000	0.00049975012493753122	PASS
TCGA-UCEC	no_purity	histology_matched	base_plus_binary_histology	SOX9	C2	506	7	-4.156183300144396	1.0556670245420461	-3.937021052587458	499	-6.2302833303586755	-2.0820832699301164	9.4225494449120428e-05	negative	8.106922261817898	-0.51267092071663856	-0.76462584743642104	-0.26088645760979379	-6.1275929769779154	-2.1188510408032126	2000	2000	2000	0.00049975012493753122	PASS
TCGA-UCEC	no_purity	histology_matched	base_refit	HOXA9	C2	506	6	-2.9509299287278861	0.62785151912596959	-4.7000442602032209	500	-4.1844822633387011	-1.7173775941170712	3.3676099500308104e-06	negative	4.8229178872835279	-0.61185572669784249	-0.87396033196512823	-0.35025758859064993	-4.1017524886333705	-1.7048901575818838	2000	2000	2000	0.00049975012493753122	PASS
TCGA-UCEC	no_purity	histology_matched	base_plus_binary_histology	HOXA9	C2	506	7	-2.977408963544486	0.62669684698405925	-4.7509557098828354	499	-4.2086986780533815	-1.7461192490355906	2.6509418839449308e-06	negative	4.8126753058618448	-0.61865984599418078	-0.89662934175282716	-0.35037752181868603	-4.2127614676965184	-1.7007646277079254	2000	2000	2000	0.00049975012493753122	PASS
TCGA-UCEC	no_purity	histology_matched	base_refit	WT1	C2	506	6	-5.9467855417509323	1.2861808993981141	-4.6235996386929799	500	-8.4737706693700279	-3.4198004141318368	4.8076196237023844e-06	negative	9.8799551757475417	-0.6019041013818146	-0.86530748556788462	-0.33686159807910387	-8.3327258897482146	-3.3544186528423854	2000	2000	2000	0.00049975012493753122	PASS
TCGA-UCEC	no_purity	histology_matched	base_plus_binary_histology	WT1	C2	506	7	-5.941940637826689	1.2878042396835776	-4.6140092218415623	499	-8.4721274773715685	-3.41175379828181	5.0278229330630366e-06	negative	9.8896040293417808	-0.60082695123054031	-0.87373747221313469	-0.34254379383751549	-8.4117321018161757	-3.3882985357160549	2000	2000	2000	0.00049975012493753122	PASS
TCGA-UCEC	no_purity	histology_matched	base_refit	PAX8	C2	506	6	-1.2305445509215409	0.62810382618755012	-1.9591419437621824	500	-2.4645925982213761	0.0035034963782942796	0.050651467979093728	negative	4.8248560146963255	-0.25504275094911633	-0.5284934951121909	0.007376279296563034	-2.5283026374063589	0.035754939408459904	2000	2000	2000	0.029985007496251874	PASS
TCGA-UCEC	no_purity	histology_matched	base_plus_binary_histology	PAX8	C2	506	7	-1.1641640994330571	0.61647850795440851	-1.8884098705986885	499	-2.3753775429233208	0.047049344057206843	0.059550722157838736	negative	4.7342042745305264	-0.2459049149391643	-0.49700106324865406	0.026122036890810271	-2.3257043059860938	0.12371089687554611	2000	2000	2000	0.042478760619690158	PASS
TCGA-UCEC	no_purity	histology_matched	base_refit	LHX1	C2	506	6	-0.90609692029500355	0.40369365364694076	-2.2445161376934863	500	-1.6992418498748287	-0.11295199071517836	0.02523574550305693	negative	3.1010219516026005	-0.29219300425356065	-0.52855203020468156	-0.065995930652269705	-1.613918429590012	-0.2029912437013329	2000	2000	2000	0.010994502748625687	PASS
TCGA-UCEC	no_purity	histology_matched	base_plus_binary_histology	LHX1	C2	506	7	-0.8660098423722995	0.39716634810245272	-2.180471347861789	499	-1.6463342396004359	-0.085685445144163208	0.029688960730284535	negative	3.0500116364565386	-0.28393656995303068	-0.51545068430247232	-0.046454465238296529	-1.5532950280940121	-0.14652503915892229	2000	2000	2000	0.013993003498250875	PASS
TCGA-UCEC	no_purity	endometrioid_grade_matched	base_refit	GATA2	C2	381	6	-4.0061442593339933	1.0758709983055716	-3.7236288231985206	375	-6.1216403350148738	-1.8906481836531133	0.00022653032304947247	negative	7.848860077482648	-0.51041096666089092	-0.83294747734758534	-0.21021078104125376	-6.3442648944708289	-1.6343742028291892	2000	2000	2000	0.00049975012493753122	PASS
TCGA-UCEC	no_purity	endometrioid_grade_matched	base_plus_binary_grade	GATA2	C2	381	7	-3.2583602794693176	1.0870108320179852	-2.9975416835730355	374	-5.3957792269627722	-1.120941331975863	0.002903431307480807	negative	7.7505802901495606	-0.42040210635717989	-0.74136409915562396	-0.12940082141615925	-5.6131825191048463	-0.98716484034879282	2000	2000	2000	0.00099950024987506244	PASS
TCGA-UCEC	no_purity	endometrioid_grade_matched	base_refit	SOX9	C2	381	6	-4.6954628699776721	1.0790058807439136	-4.3516564216873554	375	-6.8171230968499845	-2.5738026431053593	1.744421156818502e-05	negative	7.8717301554535721	-0.59649692980451485	-0.8835729515426991	-0.33448165127382362	-6.7073130421719149	-2.6913955612203027	2000	2000	2000	0.00049975012493753122	PASS
TCGA-UCEC	no_purity	endometrioid_grade_matched	base_plus_binary_grade	SOX9	C2	381	7	-4.2166130386587231	1.0992656431744336	-3.8358453799047938	374	-6.3781289544548025	-2.0550971228626436	0.00014682949971448576	negative	7.8379592702029095	-0.53797332868119929	-0.82166165299538518	-0.27502200950850653	-6.2498299451907506	-2.1825728933431781	2000	2000	2000	0.00049975012493753122	PASS
TCGA-UCEC	no_purity	endometrioid_grade_matched	base_refit	HOXA9	C2	381	6	-2.9311544833108236	0.67254589331697467	-4.3582966046442779	375	-4.2535883069459262	-1.6087206596757213	1.6948172899559261e-05	negative	4.906460552096072	-0.59740712315695987	-0.88212249390137021	-0.32711143591296438	-4.231127591596513	-1.6470397956976708	2000	2000	2000	0.00049975012493753122	PASS
TCGA-UCEC	no_purity	endometrioid_grade_matched	base_plus_binary_grade	HOXA9	C2	381	7	-2.7604420548186677	0.68778120461577452	-4.0135468028103132	374	-4.1128449335889741	-1.4080391760483613	7.2276263361105802e-05	negative	4.9040021418499942	-0.56289576859306056	-0.86906879957807226	-0.28092659209489862	-4.0798516890008765	-1.388987273359384	2000	2000	2000	0.00049975012493753122	PASS
TCGA-UCEC	no_purity	endometrioid_grade_matched	base_refit	WT1	C2	381	6	-5.7738795845513815	1.3504677075764266	-4.2754666047611671	375	-8.4293179597944494	-3.1184412093083131	2.4226037301452689e-05	negative	9.8521403519751658	-0.58605332225030971	-0.87659336653902287	-0.29849209111684644	-8.3678475224832791	-2.9311306001267403	2000	2000	2000	0.00049975012493753122	PASS
TCGA-UCEC	no_purity	endometrioid_grade_matched	base_plus_binary_grade	WT1	C2	381	7	-5.8813588873203431	1.3833491378915606	-4.2515361640984208	374	-8.6014759010937958	-3.1612418735468912	2.6848407174829499e-05	negative	9.8635250420028182	-0.59627352921751342	-0.89726436653752228	-0.3330501336612684	-8.5954983269542478	-3.2943582968930047	2000	2000	2000	0.00049975012493753122	PASS
TCGA-UCEC	no_purity	endometrioid_grade_matched	base_refit	PAX8	C2	381	6	-1.0656647311742007	0.6531964261861225	-1.6314613620842884	375	-2.3500515009837963	0.21872203863539474	0.10363247924982118	negative	4.7652993345122763	-0.22363017648360811	-0.50433668206161353	0.046129364377553696	-2.3729179128515145	0.21433432789602816	2000	2000	2000	0.070464767616191901	PASS
TCGA-UCEC	no_purity	endometrioid_grade_matched	base_plus_binary_grade	PAX8	C2	381	7	-0.92437244826009324	0.66832978170960089	-1.3831082701350375	374	-2.2385274654169325	0.38978256889674601	0.16745679107592704	negative	4.7653100418714924	-0.19397949769015702	-0.47286121020955296	0.074122757181893734	-2.2065396396122252	0.35081219121404111	2000	2000	2000	0.11594202898550725	PASS
TCGA-UCEC	no_purity	endometrioid_grade_matched	base_refit	LHX1	C2	381	6	-0.93877391497653395	0.40573356284811946	-2.3137694313150785	375	-1.7365719421833554	-0.14097588776971259	0.021220394108846619	negative	2.9599700787072605	-0.31715655564549988	-0.57801393724795858	-0.052061889335643804	-1.6728465451622676	-0.14842839434225172	2000	2000	2000	0.013993003498250875	PASS
TCGA-UCEC	no_purity	endometrioid_grade_matched	base_plus_binary_grade	LHX1	C2	381	7	-0.83950893533628745	0.41497890250579766	-2.0230159419358884	374	-1.655493231812236	-0.023524638860339064	0.043782491814825061	negative	2.9588732769280406	-0.28372588372824192	-0.5561659715380235	-0.011823300383771577	-1.6014063748376006	-0.035173209596472584	2000	2000	2000	0.023988005997001498	PASS
