# m3_primary_edge_ledger -- M3 PRIMARY CollecTRI signed-edge ledger v2 (SEAL CANDIDATE, TASK-028 Freeze B)
# AMENDMENT v2 per Vladimir DEC-M3-DUAL-EDGE. Supersedes v1 (which split ALL unresolved edges).
# ONE ROW PER ADMITTED PRIMARY EDGE (source-ledger order preserved).
#
# PRIMARY POLICY:
#   consensus_sign = +1 if consensus_stimulation and not consensus_inhibition;
#                    -1 if consensus_inhibition  and not consensus_stimulation;
#                    unresolved otherwise (neither, or both consensus flags set).
#   An edge with a RESOLVED consensus sign PARTICIPATES ONCE in primary signed scoring with
#   that sign -- this INCLUDES both-flagged edges that resolved to a single consensus sign.
#   Edges with an UNRESOLVED consensus sign are EXCLUDED from primary signed scoring; they are
#   NOT split into activation+repression and are NOT assigned an arbitrary sign.
#   primary_inclusion=Y iff resolved; primary_sign=consensus sign if included, blank if excluded.
#   exclusion_reason: 'none' if included; else the TRUE reason
#     ('unresolved-both-flagged' or 'unresolved-single-flag-no-consensus').
#
# WEIGHTING RULE:
#   VIPER/aREA mode-of-regulation (MoR) = consensus sign (+1 activation, -1 repression).
#   weight = CollecTRI CONSENSUS confidence = 1.0 when the primary sign is a consensus call
#   (consensus_stimulation for +1, consensus_inhibition for -1); 0.5 for a non-consensus curated
#   call. weight blank for excluded (primary_inclusion=N) edges. evidence_class = CollecTRI-curated.
#
# PRE-FROZEN SENSITIVITY SETS (membership recorded here; NOTHING is scored in this ledger):
#   S1 flag-split (s1_representation): every both-flagged edge (all 79) = TWO contributions
#     (activation +1 and repression -1), each with its own consensus-confidence weight ->
#     s1_representation='split-dual'. Non-both-flagged consensus edges enter once -> 'single'.
#   S2 conservative exclusion (s2_inclusion): ALL both-flagged edges EXCLUDED (s2_inclusion=N);
#     only single-flag consensus edges remain (s2_inclusion=Y).
#
# both_flagged = stimulation_flag AND inhibition_flag (raw CollecTRI is_stimulation/is_inhibition).
# consensus_resolved = both_flagged AND consensus_sign in {+1,-1}.
# Columns: TF	target	ensembl_id	stimulation_flag	inhibition_flag	consensus_sign	both_flagged	consensus_resolved	primary_inclusion	primary_sign	exclusion_reason	s1_representation	s2_inclusion	evidence_class	weight
TF	target	ensembl_id	stimulation_flag	inhibition_flag	consensus_sign	both_flagged	consensus_resolved	primary_inclusion	primary_sign	exclusion_reason	s1_representation	s2_inclusion	evidence_class	weight
PAX8	TNF	ENSG00000232810	Y	N	1	N	N	Y	1	none	single	Y	CollecTRI-curated	1.0
PAX8	TG	ENSG00000042832	Y	Y	1	Y	Y	Y	1	none	split-dual	N	CollecTRI-curated	1.0
PAX8	TPO	ENSG00000115705	Y	N	1	N	N	Y	1	none	single	Y	CollecTRI-curated	1.0
PAX8	SLC5A5	ENSG00000105641	Y	N	1	N	N	Y	1	none	single	Y	CollecTRI-curated	1.0
PAX8	HHEX	ENSG00000152804	Y	N	1	N	N	Y	1	none	single	Y	CollecTRI-curated	1.0
PAX8	TSHR	ENSG00000165409	Y	Y	1	Y	Y	Y	1	none	split-dual	N	CollecTRI-curated	1.0
PAX8	RET	ENSG00000165731	Y	N	1	N	N	Y	1	none	single	Y	CollecTRI-curated	1.0
PAX8	HCRT	ENSG00000161610	Y	N	1	N	N	Y	1	none	single	Y	CollecTRI-curated	1.0
PAX8	DUOX1	ENSG00000137857	Y	N	1	N	N	Y	1	none	single	Y	CollecTRI-curated	1.0
PAX8	TH	ENSG00000180176	Y	Y	unresolved	Y	N	N		unresolved-both-flagged	split-dual	N	CollecTRI-curated	
PAX8	TERT	ENSG00000164362	Y	N	1	N	N	Y	1	none	single	Y	CollecTRI-curated	1.0
PAX8	L1CAM	ENSG00000198910	Y	Y	-1	Y	Y	Y	-1	none	split-dual	N	CollecTRI-curated	1.0
PAX8	TNFRSF11A	ENSG00000141655	Y	N	1	N	N	Y	1	none	single	Y	CollecTRI-curated	1.0
PAX8	CDH17	ENSG00000079112	Y	N	1	N	N	Y	1	none	single	Y	CollecTRI-curated	1.0
PAX8	WT1	ENSG00000184937	Y	N	1	N	N	Y	1	none	single	Y	CollecTRI-curated	1.0
PAX8	TSHB	ENSG00000134200	Y	N	1	N	N	Y	1	none	single	Y	CollecTRI-curated	1.0
PAX8	INS	ENSG00000254647	Y	N	1	N	N	Y	1	none	single	Y	CollecTRI-curated	1.0
PAX8	BPIFA4P	ENSG00000183566	Y	N	1	N	N	Y	1	none	single	Y	CollecTRI-curated	1.0
PAX8	F2R	ENSG00000181104	Y	N	1	N	N	Y	1	none	single	Y	CollecTRI-curated	1.0
PAX8	SLC3A1	ENSG00000138079	Y	N	1	N	N	Y	1	none	single	Y	CollecTRI-curated	1.0
PAX8	NKX2-1	ENSG00000136352	Y	Y	1	Y	Y	Y	1	none	split-dual	N	CollecTRI-curated	1.0
PAX8	FOXE1	ENSG00000178919	Y	N	1	N	N	Y	1	none	single	Y	CollecTRI-curated	1.0
PAX8	PPARG	ENSG00000132170	Y	Y	-1	Y	Y	Y	-1	none	split-dual	N	CollecTRI-curated	1.0
PAX8	DUOX2	ENSG00000140279	N	Y	-1	N	N	Y	-1	none	single	Y	CollecTRI-curated	1.0
PAX2	EN2	ENSG00000164778	Y	N	1	N	N	Y	1	none	single	Y	CollecTRI-curated	1.0
PAX2	GCG	ENSG00000115263	Y	N	1	N	N	Y	1	none	single	Y	CollecTRI-curated	1.0
PAX2	GDNF	ENSG00000168621	Y	N	1	N	N	Y	1	none	single	Y	CollecTRI-curated	1.0
PAX2	ROBO3	ENSG00000154134	Y	N	1	N	N	Y	1	none	single	Y	CollecTRI-curated	1.0
PAX2	PAX6	ENSG00000007372	Y	Y	unresolved	Y	N	N		unresolved-both-flagged	split-dual	N	CollecTRI-curated	
PAX2	MITF	ENSG00000187098	Y	N	1	N	N	Y	1	none	single	Y	CollecTRI-curated	1.0
PAX2	WNT4	ENSG00000162552	Y	N	1	N	N	Y	1	none	single	Y	CollecTRI-curated	1.0
PAX2	NPHS1	ENSG00000161270	N	Y	-1	N	N	Y	-1	none	single	Y	CollecTRI-curated	1.0
PAX2	NAIP	ENSG00000249437	Y	N	1	N	N	Y	1	none	single	Y	CollecTRI-curated	1.0
PAX2	RET	ENSG00000165731	Y	N	1	N	N	Y	1	none	single	Y	CollecTRI-curated	1.0
PAX2	GBX2	ENSG00000168505	Y	N	1	N	N	Y	1	none	single	Y	CollecTRI-curated	1.0
PAX2	WNT5A	ENSG00000114251	Y	N	1	N	N	Y	1	none	single	Y	CollecTRI-curated	1.0
PAX2	DEFB1	ENSG00000164825	N	Y	-1	N	N	Y	-1	none	single	Y	CollecTRI-curated	1.0
PAX2	WT1	ENSG00000184937	Y	N	1	N	N	Y	1	none	single	Y	CollecTRI-curated	1.0
PAX2	L1CAM	ENSG00000198910	N	Y	-1	N	N	Y	-1	none	single	Y	CollecTRI-curated	1.0
PAX2	PAX5	ENSG00000196092	Y	N	1	N	N	Y	1	none	single	Y	CollecTRI-curated	1.0
PAX2	IL5	ENSG00000113525	Y	N	1	N	N	Y	1	none	single	Y	CollecTRI-curated	1.0
PAX2	SIX1	ENSG00000126778	Y	Y	-1	Y	Y	Y	-1	none	split-dual	N	CollecTRI-curated	1.0
PAX2	WNT1	ENSG00000125084	Y	N	1	N	N	Y	1	none	single	Y	CollecTRI-curated	1.0
PAX2	PLAAT4	ENSG00000133321	Y	N	1	N	N	Y	1	none	single	Y	CollecTRI-curated	1.0
PAX2	PAX8	ENSG00000125618	Y	N	1	N	N	Y	1	none	single	Y	CollecTRI-curated	1.0
SOX17	HP	ENSG00000257017	Y	N	1	N	N	Y	1	none	single	Y	CollecTRI-curated	1.0
SOX17	SLURP1	ENSG00000126233	Y	N	1	N	N	Y	1	none	single	Y	CollecTRI-curated	1.0
SOX17	NFKBIB	ENSG00000104825	Y	N	1	N	N	Y	1	none	single	Y	CollecTRI-curated	1.0
SOX17	ESR1	ENSG00000091831	Y	N	1	N	N	Y	1	none	single	Y	CollecTRI-curated	1.0
SOX17	ACHE	ENSG00000087085	Y	N	1	N	N	Y	1	none	single	Y	CollecTRI-curated	1.0
SOX17	HSPB2	ENSG00000170276	Y	N	1	N	N	Y	1	none	single	Y	CollecTRI-curated	1.0
SOX17	ADRA1D	ENSG00000171873	Y	N	1	N	N	Y	1	none	single	Y	CollecTRI-curated	1.0
SOX17	LAMA1	ENSG00000101680	Y	N	1	N	N	Y	1	none	single	Y	CollecTRI-curated	1.0
SOX17	IBSP	ENSG00000029559	Y	N	1	N	N	Y	1	none	single	Y	CollecTRI-curated	1.0
SOX17	DMRT1	ENSG00000137090	Y	N	1	N	N	Y	1	none	single	Y	CollecTRI-curated	1.0
SOX17	TBATA	ENSG00000166220	Y	N	1	N	N	Y	1	none	single	Y	CollecTRI-curated	1.0
SOX17	MBP	ENSG00000197971	Y	N	1	N	N	Y	1	none	single	Y	CollecTRI-curated	1.0
SOX17	SCGB1A1	ENSG00000149021	Y	N	1	N	N	Y	1	none	single	Y	CollecTRI-curated	1.0
SOX17	ZNF202	ENSG00000166261	Y	N	1	N	N	Y	1	none	single	Y	CollecTRI-curated	1.0
SOX17	NES	ENSG00000132688	Y	N	1	N	N	Y	1	none	single	Y	CollecTRI-curated	1.0
SOX17	CDKN2B	ENSG00000147883	N	Y	-1	N	N	Y	-1	none	single	Y	CollecTRI-curated	1.0
SOX17	POU5F1	ENSG00000204531	Y	N	unresolved	N	N	N		unresolved-single-flag-no-consensus	single	Y	CollecTRI-curated	
SOX17	CXCR4	ENSG00000121966	Y	N	1	N	N	Y	1	none	single	Y	CollecTRI-curated	1.0
SOX17	STS	ENSG00000101846	Y	N	1	N	N	Y	1	none	single	Y	CollecTRI-curated	1.0
SOX17	LEF1	ENSG00000138795	N	Y	-1	N	N	Y	-1	none	single	Y	CollecTRI-curated	1.0
SOX17	CYP17A1	ENSG00000148795	Y	N	1	N	N	Y	1	none	single	Y	CollecTRI-curated	1.0
SOX17	ROBO4	ENSG00000154133	Y	N	1	N	N	Y	1	none	single	Y	CollecTRI-curated	1.0
SOX17	COMP	ENSG00000105664	Y	N	1	N	N	Y	1	none	single	Y	CollecTRI-curated	1.0
SOX17	KDR	ENSG00000128052	Y	N	1	N	N	Y	1	none	single	Y	CollecTRI-curated	1.0
SOX17	MATN1	ENSG00000162510	Y	N	1	N	N	Y	1	none	single	Y	CollecTRI-curated	1.0
SOX17	MACC1	ENSG00000183742	N	Y	-1	N	N	Y	-1	none	single	Y	CollecTRI-curated	1.0
SOX17	FGF4	ENSG00000075388	Y	N	1	N	N	Y	1	none	single	Y	CollecTRI-curated	1.0
SOX17	HNF4A	ENSG00000101076	Y	N	1	N	N	Y	1	none	single	Y	CollecTRI-curated	1.0
SOX17	COL2A1	ENSG00000139219	Y	N	1	N	N	Y	1	none	single	Y	CollecTRI-curated	1.0
SOX17	ACAN	ENSG00000157766	Y	N	1	N	N	Y	1	none	single	Y	CollecTRI-curated	1.0
SOX17	TUBB3	ENSG00000258947	Y	N	1	N	N	Y	1	none	single	Y	CollecTRI-curated	1.0
SOX17	AXIN2	ENSG00000168646	N	Y	-1	N	N	Y	-1	none	single	Y	CollecTRI-curated	1.0
HOXA10	CYBB	ENSG00000165168	N	Y	-1	N	N	Y	-1	none	single	Y	CollecTRI-curated	1.0
HOXA10	IGFBP1	ENSG00000146678	Y	N	1	N	N	Y	1	none	single	Y	CollecTRI-curated	1.0
HOXA10	GLB1	ENSG00000170266	Y	N	1	N	N	Y	1	none	single	Y	CollecTRI-curated	1.0
HOXA10	ESR1	ENSG00000091831	Y	Y	unresolved	Y	N	N		unresolved-both-flagged	split-dual	N	CollecTRI-curated	
HOXA10	HOXA9	ENSG00000078399	Y	N	1	N	N	Y	1	none	single	Y	CollecTRI-curated	1.0
HOXA10	MYLK	ENSG00000065534	Y	N	1	N	N	Y	1	none	single	Y	CollecTRI-curated	1.0
HOXA10	NCF2	ENSG00000116701	N	Y	-1	N	N	Y	-1	none	single	Y	CollecTRI-curated	1.0
HOXA10	CDH1	ENSG00000039068	Y	N	1	N	N	Y	1	none	single	Y	CollecTRI-curated	1.0
HOXA10	EPCAM	ENSG00000119888	Y	N	1	N	N	Y	1	none	single	Y	CollecTRI-curated	1.0
HOXA10	IBSP	ENSG00000029559	Y	Y	unresolved	Y	N	N		unresolved-both-flagged	split-dual	N	CollecTRI-curated	
HOXA10	DUSP4	ENSG00000120875	Y	N	1	N	N	Y	1	none	single	Y	CollecTRI-curated	1.0
HOXA10	STXBP1	ENSG00000136854	Y	N	1	N	N	Y	1	none	single	Y	CollecTRI-curated	1.0
HOXA10	KAT2B	ENSG00000114166	Y	Y	-1	Y	Y	Y	-1	none	split-dual	N	CollecTRI-curated	1.0
HOXA10	KLF9	ENSG00000119138	N	Y	-1	N	N	Y	-1	none	single	Y	CollecTRI-curated	1.0
HOXA10	CBX2	ENSG00000173894	Y	N	1	N	N	Y	1	none	single	Y	CollecTRI-curated	1.0
HOXA10	CDX4	ENSG00000131264	Y	N	unresolved	N	N	N		unresolved-single-flag-no-consensus	single	Y	CollecTRI-curated	
HOXA10	SP7	ENSG00000170374	Y	Y	unresolved	Y	N	N		unresolved-both-flagged	split-dual	N	CollecTRI-curated	
HOXA10	SPAST	ENSG00000021574	Y	N	1	N	N	Y	1	none	single	Y	CollecTRI-curated	1.0
HOXA10	EMX2	ENSG00000170370	Y	Y	-1	Y	Y	Y	-1	none	split-dual	N	CollecTRI-curated	1.0
HOXA10	GHRHR	ENSG00000106128	Y	N	1	N	N	Y	1	none	single	Y	CollecTRI-curated	1.0
HOXA10	FGF2	ENSG00000138685	Y	N	1	N	N	Y	1	none	single	Y	CollecTRI-curated	1.0
HOXA10	HOXB4	ENSG00000182742	Y	N	1	N	N	Y	1	none	single	Y	CollecTRI-curated	1.0
HOXA10	PRDM16	ENSG00000142611	Y	N	1	N	N	Y	1	none	single	Y	CollecTRI-curated	1.0
HOXA10	BHLHE22	ENSG00000180828	Y	N	1	N	N	Y	1	none	single	Y	CollecTRI-curated	1.0
HOXA10	IL11	ENSG00000095752	N	Y	-1	N	N	Y	-1	none	single	Y	CollecTRI-curated	1.0
HOXA10	IL15	ENSG00000164136	Y	Y	1	Y	Y	Y	1	none	split-dual	N	CollecTRI-curated	1.0
HOXA10	ITGB3	ENSG00000259207	Y	N	1	N	N	Y	1	none	single	Y	CollecTRI-curated	1.0
HOXA10	LYL1	ENSG00000104903	Y	N	1	N	N	Y	1	none	single	Y	CollecTRI-curated	1.0
HOXA10	MYCN	ENSG00000134323	Y	Y	-1	Y	Y	Y	-1	none	split-dual	N	CollecTRI-curated	1.0
HOXA10	SNAI1	ENSG00000124216	N	Y	-1	N	N	Y	-1	none	single	Y	CollecTRI-curated	1.0
HOXA10	WT1	ENSG00000184937	Y	Y	-1	Y	Y	Y	-1	none	split-dual	N	CollecTRI-curated	1.0
HOXA10	MEF2C	ENSG00000081189	N	Y	-1	N	N	Y	-1	none	single	Y	CollecTRI-curated	1.0
HOXA10	PTGER4	ENSG00000171522	Y	N	1	N	N	Y	1	none	single	Y	CollecTRI-curated	1.0
HOXA10	PTGER3	ENSG00000050628	Y	N	1	N	N	Y	1	none	single	Y	CollecTRI-curated	1.0
HOXA10	PRL	ENSG00000172179	Y	Y	1	Y	Y	Y	1	none	split-dual	N	CollecTRI-curated	1.0
HOXA10	CAPN5	ENSG00000149260	Y	N	1	N	N	Y	1	none	single	Y	CollecTRI-curated	1.0
HOXA11	EGFR	ENSG00000146648	Y	N	1	N	N	Y	1	none	single	Y	CollecTRI-curated	1.0
HOXA11	ASXL3	ENSG00000141431	Y	N	1	N	N	Y	1	none	single	Y	CollecTRI-curated	1.0
HOXA11	HOXA10	ENSG00000253293	N	Y	-1	N	N	Y	-1	none	single	Y	CollecTRI-curated	1.0
HOXA11	PRL	ENSG00000172179	Y	Y	1	Y	Y	Y	1	none	split-dual	N	CollecTRI-curated	1.0
HOXA11	MYOD1	ENSG00000129152	N	Y	-1	N	N	Y	-1	none	single	Y	CollecTRI-curated	1.0
HOXA9	SPP1	ENSG00000118785	N	Y	-1	N	N	Y	-1	none	single	Y	CollecTRI-curated	1.0
HOXA9	CYBB	ENSG00000165168	Y	N	1	N	N	Y	1	none	single	Y	CollecTRI-curated	1.0
HOXA9	HOXA10	ENSG00000253293	Y	Y	unresolved	Y	N	N		unresolved-both-flagged	split-dual	N	CollecTRI-curated	
HOXA9	KDR	ENSG00000128052	Y	N	1	N	N	Y	1	none	single	Y	CollecTRI-curated	1.0
HOXA9	FLT3	ENSG00000122025	Y	N	1	N	N	Y	1	none	single	Y	CollecTRI-curated	1.0
HOXA9	SELE	ENSG00000007908	Y	N	1	N	N	Y	1	none	single	Y	CollecTRI-curated	1.0
HOXA9	DACH1	ENSG00000276644	Y	N	unresolved	N	N	N		unresolved-single-flag-no-consensus	single	Y	CollecTRI-curated	
HOXA9	CD34	ENSG00000174059	Y	N	1	N	N	Y	1	none	single	Y	CollecTRI-curated	1.0
HOXA9	SHOX	ENSG00000185960	Y	N	1	N	N	Y	1	none	single	Y	CollecTRI-curated	1.0
HOXA9	FGF2	ENSG00000138685	Y	N	1	N	N	Y	1	none	single	Y	CollecTRI-curated	1.0
HOXA9	HOXB4	ENSG00000182742	Y	N	1	N	N	Y	1	none	single	Y	CollecTRI-curated	1.0
HOXA9	PRDM16	ENSG00000142611	Y	N	1	N	N	Y	1	none	single	Y	CollecTRI-curated	1.0
HOXA9	NFKB1	ENSG00000109320	N	Y	unresolved	N	N	N		unresolved-single-flag-no-consensus	single	Y	CollecTRI-curated	
HOXA9	ARHGEF1	ENSG00000076928	Y	N	1	N	N	Y	1	none	single	Y	CollecTRI-curated	1.0
HOXA9	CDH3	ENSG00000062038	Y	N	1	N	N	Y	1	none	single	Y	CollecTRI-curated	1.0
HOXA9	MYCN	ENSG00000134323	Y	N	1	N	N	Y	1	none	single	Y	CollecTRI-curated	1.0
HOXA9	VCAM1	ENSG00000162692	Y	N	1	N	N	Y	1	none	single	Y	CollecTRI-curated	1.0
HOXA9	IGF1	ENSG00000017427	Y	N	1	N	N	Y	1	none	single	Y	CollecTRI-curated	1.0
HOXA9	MEF2C	ENSG00000081189	N	Y	-1	N	N	Y	-1	none	single	Y	CollecTRI-curated	1.0
HOXA9	MSI2	ENSG00000153944	Y	N	1	N	N	Y	1	none	single	Y	CollecTRI-curated	1.0
HOXA9	MYB	ENSG00000118513	Y	N	1	N	N	Y	1	none	single	Y	CollecTRI-curated	1.0
HOXA9	PKNOX1	ENSG00000160199	Y	N	1	N	N	Y	1	none	single	Y	CollecTRI-curated	1.0
HOXA13	BMP4	ENSG00000125378	Y	N	1	N	N	Y	1	none	single	Y	CollecTRI-curated	1.0
HOXA13	EPHA7	ENSG00000135333	Y	N	1	N	N	Y	1	none	single	Y	CollecTRI-curated	1.0
HOXA13	SOSTDC1	ENSG00000171243	N	Y	-1	N	N	Y	-1	none	single	Y	CollecTRI-curated	1.0
HOXA13	EPHA6	ENSG00000080224	Y	N	1	N	N	Y	1	none	single	Y	CollecTRI-curated	1.0
HOXA13	FOXF1	ENSG00000103241	Y	N	1	N	N	Y	1	none	single	Y	CollecTRI-curated	1.0
HOXA13	TEK	ENSG00000120156	Y	N	1	N	N	Y	1	none	single	Y	CollecTRI-curated	1.0
HOXA13	ALDH1A2	ENSG00000128918	Y	N	1	N	N	Y	1	none	single	Y	CollecTRI-curated	1.0
HOXA13	SALL3	ENSG00000256463	N	Y	-1	N	N	Y	-1	none	single	Y	CollecTRI-curated	1.0
HOXA13	EPHA3	ENSG00000044524	Y	Y	-1	Y	Y	Y	-1	none	split-dual	N	CollecTRI-curated	1.0
HOXA13	BMP7	ENSG00000101144	Y	N	1	N	N	Y	1	none	single	Y	CollecTRI-curated	1.0
HOXA13	FGF8	ENSG00000107831	Y	N	1	N	N	Y	1	none	single	Y	CollecTRI-curated	1.0
HOXA13	SALL1	ENSG00000103449	N	Y	-1	N	N	Y	-1	none	single	Y	CollecTRI-curated	1.0
HOXA13	EPHA4	ENSG00000116106	N	Y	-1	N	N	Y	-1	none	single	Y	CollecTRI-curated	1.0
HOXA13	HOXA11	ENSG00000005073	N	Y	-1	N	N	Y	-1	none	single	Y	CollecTRI-curated	1.0
WT1	NR0B1	ENSG00000169297	Y	N	1	N	N	Y	1	none	single	Y	CollecTRI-curated	1.0
WT1	THBS1	ENSG00000137801	Y	Y	1	Y	Y	Y	1	none	split-dual	N	CollecTRI-curated	1.0
WT1	ABCB1	ENSG00000085563	Y	Y	-1	Y	Y	Y	-1	none	split-dual	N	CollecTRI-curated	1.0
WT1	MYCN	ENSG00000134323	N	Y	-1	N	N	Y	-1	none	single	Y	CollecTRI-curated	1.0
WT1	AREG	ENSG00000109321	Y	N	1	N	N	Y	1	none	single	Y	CollecTRI-curated	1.0
WT1	TERT	ENSG00000164362	N	Y	-1	N	N	Y	-1	none	single	Y	CollecTRI-curated	1.0
WT1	AMH	ENSG00000104899	Y	N	1	N	N	Y	1	none	single	Y	CollecTRI-curated	1.0
WT1	CDH1	ENSG00000039068	N	Y	-1	N	N	Y	-1	none	single	Y	CollecTRI-curated	1.0
WT1	VDR	ENSG00000111424	Y	N	1	N	N	Y	1	none	single	Y	CollecTRI-curated	1.0
WT1	EGFR	ENSG00000146648	N	Y	-1	N	N	Y	-1	none	single	Y	CollecTRI-curated	1.0
WT1	INSR	ENSG00000171105	Y	Y	1	Y	Y	Y	1	none	split-dual	N	CollecTRI-curated	1.0
WT1	SRY	ENSG00000184895	Y	N	1	N	N	Y	1	none	single	Y	CollecTRI-curated	1.0
WT1	AR	ENSG00000169083	N	Y	-1	N	N	Y	-1	none	single	Y	CollecTRI-curated	1.0
WT1	PODXL	ENSG00000128567	Y	N	1	N	N	Y	1	none	single	Y	CollecTRI-curated	1.0
WT1	CYP19A1	ENSG00000137869	N	Y	-1	N	N	Y	-1	none	single	Y	CollecTRI-curated	1.0
WT1	CYP2B6	ENSG00000197408	Y	Y	unresolved	Y	N	N		unresolved-both-flagged	split-dual	N	CollecTRI-curated	
WT1	POU4F2	ENSG00000151615	Y	N	1	N	N	Y	1	none	single	Y	CollecTRI-curated	1.0
WT1	IL1B	ENSG00000125538	Y	N	1	N	N	Y	1	none	single	Y	CollecTRI-curated	1.0
WT1	SLC6A6	ENSG00000131389	Y	N	1	N	N	Y	1	none	single	Y	CollecTRI-curated	1.0
WT1	GRP	ENSG00000134443	Y	N	1	N	N	Y	1	none	single	Y	CollecTRI-curated	1.0
WT1	NOS2	ENSG00000007171	Y	N	1	N	N	Y	1	none	single	Y	CollecTRI-curated	1.0
WT1	PDGFA	ENSG00000197461	N	Y	-1	N	N	Y	-1	none	single	Y	CollecTRI-curated	1.0
WT1	NPHS1	ENSG00000161270	Y	N	1	N	N	Y	1	none	single	Y	CollecTRI-curated	1.0
WT1	NUP210	ENSG00000132182	Y	N	1	N	N	Y	1	none	single	Y	CollecTRI-curated	1.0
WT1	MYB	ENSG00000118513	N	Y	unresolved	N	N	N		unresolved-single-flag-no-consensus	single	Y	CollecTRI-curated	
WT1	SLC5A5	ENSG00000105641	Y	N	1	N	N	Y	1	none	single	Y	CollecTRI-curated	1.0
WT1	ESR1	ENSG00000091831	Y	N	1	N	N	Y	1	none	single	Y	CollecTRI-curated	1.0
WT1	BAK1	ENSG00000030110	Y	Y	-1	Y	Y	Y	-1	none	split-dual	N	CollecTRI-curated	1.0
WT1	NTRK2	ENSG00000148053	Y	N	1	N	N	Y	1	none	single	Y	CollecTRI-curated	1.0
WT1	EPO	ENSG00000130427	Y	N	1	N	N	Y	1	none	single	Y	CollecTRI-curated	1.0
WT1	CSF3	ENSG00000108342	Y	N	1	N	N	Y	1	none	single	Y	CollecTRI-curated	1.0
WT1	BCL2L1	ENSG00000171552	Y	N	1	N	N	Y	1	none	single	Y	CollecTRI-curated	1.0
WT1	GC	ENSG00000145321	Y	N	1	N	N	Y	1	none	single	Y	CollecTRI-curated	1.0
WT1	AMHR2	ENSG00000135409	Y	Y	unresolved	Y	N	N		unresolved-both-flagged	split-dual	N	CollecTRI-curated	
WT1	MMP9	ENSG00000100985	Y	Y	-1	Y	Y	Y	-1	none	split-dual	N	CollecTRI-curated	1.0
WT1	CD34	ENSG00000174059	Y	N	1	N	N	Y	1	none	single	Y	CollecTRI-curated	1.0
WT1	ETS1	ENSG00000134954	Y	N	1	N	N	Y	1	none	single	Y	CollecTRI-curated	1.0
WT1	EPOR	ENSG00000187266	Y	N	1	N	N	Y	1	none	single	Y	CollecTRI-curated	1.0
WT1	KIT	ENSG00000157404	Y	N	1	N	N	Y	1	none	single	Y	CollecTRI-curated	1.0
WT1	REN	ENSG00000143839	Y	Y	-1	Y	Y	Y	-1	none	split-dual	N	CollecTRI-curated	1.0
WT1	ABCC3	ENSG00000108846	Y	N	1	N	N	Y	1	none	single	Y	CollecTRI-curated	1.0
WT1	ADAT2	ENSG00000189007	Y	N	1	N	N	Y	1	none	single	Y	CollecTRI-curated	1.0
WT1	SLC29A4	ENSG00000164638	Y	N	1	N	N	Y	1	none	single	Y	CollecTRI-curated	1.0
WT1	KLK3	ENSG00000142515	Y	N	1	N	N	Y	1	none	single	Y	CollecTRI-curated	1.0
WT1	DUSP6	ENSG00000139318	Y	N	1	N	N	Y	1	none	single	Y	CollecTRI-curated	1.0
WT1	CDKN2B	ENSG00000147883	Y	N	1	N	N	Y	1	none	single	Y	CollecTRI-curated	1.0
WT1	DAPK1	ENSG00000196730	Y	N	1	N	N	Y	1	none	single	Y	CollecTRI-curated	1.0
WT1	TBXA2R	ENSG00000006638	N	Y	-1	N	N	Y	-1	none	single	Y	CollecTRI-curated	1.0
WT1	PRM1	ENSG00000175646	Y	Y	-1	Y	Y	Y	-1	none	split-dual	N	CollecTRI-curated	1.0
WT1	PAX2	ENSG00000075891	N	Y	unresolved	N	N	N		unresolved-single-flag-no-consensus	single	Y	CollecTRI-curated	
WT1	AMER1	ENSG00000184675	Y	N	1	N	N	Y	1	none	single	Y	CollecTRI-curated	1.0
WT1	WNT4	ENSG00000162552	Y	N	1	N	N	Y	1	none	single	Y	CollecTRI-curated	1.0
WT1	CXXC5	ENSG00000171604	Y	Y	1	Y	Y	Y	1	none	split-dual	N	CollecTRI-curated	1.0
WT1	IRF8	ENSG00000140968	N	Y	-1	N	N	Y	-1	none	single	Y	CollecTRI-curated	1.0
WT1	HTRA2	ENSG00000115317	Y	N	1	N	N	Y	1	none	single	Y	CollecTRI-curated	1.0
WT1	SULF1	ENSG00000137573	Y	N	1	N	N	Y	1	none	single	Y	CollecTRI-curated	1.0
WT1	SULF2	ENSG00000196562	Y	N	1	N	N	Y	1	none	single	Y	CollecTRI-curated	1.0
WT1	IL10	ENSG00000136634	Y	N	1	N	N	Y	1	none	single	Y	CollecTRI-curated	1.0
WT1	ALDH1A2	ENSG00000128918	Y	N	1	N	N	Y	1	none	single	Y	CollecTRI-curated	1.0
WT1	MEN1	ENSG00000133895	Y	N	1	N	N	Y	1	none	single	Y	CollecTRI-curated	1.0
WT1	KIRREL2	ENSG00000126259	Y	N	1	N	N	Y	1	none	single	Y	CollecTRI-curated	1.0
WT1	USP18	ENSG00000184979	N	Y	-1	N	N	Y	-1	none	single	Y	CollecTRI-curated	1.0
WT1	INHA	ENSG00000123999	Y	N	1	N	N	Y	1	none	single	Y	CollecTRI-curated	1.0
WT1	CDH2	ENSG00000170558	Y	N	1	N	N	Y	1	none	single	Y	CollecTRI-curated	1.0
WT1	TBX18	ENSG00000112837	Y	N	unresolved	N	N	N		unresolved-single-flag-no-consensus	single	Y	CollecTRI-curated	
WT1	GDNF	ENSG00000168621	Y	N	1	N	N	Y	1	none	single	Y	CollecTRI-curated	1.0
WT1	ADAMTS16	ENSG00000145536	Y	Y	-1	Y	Y	Y	-1	none	split-dual	N	CollecTRI-curated	1.0
WT1	FASLG	ENSG00000117560	Y	N	1	N	N	Y	1	none	single	Y	CollecTRI-curated	1.0
WT1	SALL2	ENSG00000165821	Y	N	1	N	N	Y	1	none	single	Y	CollecTRI-curated	1.0
WT1	IGF1	ENSG00000017427	N	Y	-1	N	N	Y	-1	none	single	Y	CollecTRI-curated	1.0
WT1	CSF1	ENSG00000184371	Y	Y	-1	Y	Y	Y	-1	none	split-dual	N	CollecTRI-curated	1.0
WT1	CCN3	ENSG00000136999	Y	Y	-1	Y	Y	Y	-1	none	split-dual	N	CollecTRI-curated	1.0
WT1	SLC10A4	ENSG00000145248	Y	N	1	N	N	Y	1	none	single	Y	CollecTRI-curated	1.0
WT1	SDC1	ENSG00000115884	Y	N	1	N	N	Y	1	none	single	Y	CollecTRI-curated	1.0
WT1	ATP7A	ENSG00000165240	Y	N	1	N	N	Y	1	none	single	Y	CollecTRI-curated	1.0
WT1	CALCA	ENSG00000110680	Y	N	1	N	N	Y	1	none	single	Y	CollecTRI-curated	1.0
WT1	CALCA	ENSG00000110680	Y	N	1	N	N	Y	1	none	single	Y	CollecTRI-curated	1.0
WT1	GHRHR	ENSG00000106128	Y	N	1	N	N	Y	1	none	single	Y	CollecTRI-curated	1.0
WT1	TFAP2A	ENSG00000137203	Y	Y	unresolved	Y	N	N		unresolved-both-flagged	split-dual	N	CollecTRI-curated	
WT1	SLC31A1	ENSG00000136868	Y	N	1	N	N	Y	1	none	single	Y	CollecTRI-curated	1.0
WT1	HOXA10	ENSG00000253293	Y	Y	unresolved	Y	N	N		unresolved-both-flagged	split-dual	N	CollecTRI-curated	
WT1	CAMP	ENSG00000164047	N	Y	-1	N	N	Y	-1	none	single	Y	CollecTRI-curated	1.0
WT1	ADGRE5	ENSG00000123146	Y	N	1	N	N	Y	1	none	single	Y	CollecTRI-curated	1.0
WT1	CKM	ENSG00000104879	Y	N	1	N	N	Y	1	none	single	Y	CollecTRI-curated	1.0
WT1	CX3CL1	ENSG00000006210	Y	N	1	N	N	Y	1	none	single	Y	CollecTRI-curated	1.0
WT1	EREG	ENSG00000124882	Y	N	1	N	N	Y	1	none	single	Y	CollecTRI-curated	1.0
WT1	HBEGF	ENSG00000113070	Y	N	1	N	N	Y	1	none	single	Y	CollecTRI-curated	1.0
WT1	IL2RB	ENSG00000100385	Y	N	1	N	N	Y	1	none	single	Y	CollecTRI-curated	1.0
WT1	ITGAX	ENSG00000140678	Y	N	1	N	N	Y	1	none	single	Y	CollecTRI-curated	1.0
WT1	NR5A1	ENSG00000136931	Y	Y	1	Y	Y	Y	1	none	split-dual	N	CollecTRI-curated	1.0
WT1	TGFB2	ENSG00000092969	N	Y	-1	N	N	Y	-1	none	single	Y	CollecTRI-curated	1.0
WT1	BAIAP3	ENSG00000007516	Y	N	1	N	N	Y	1	none	single	Y	CollecTRI-curated	1.0
WT1	SIM1	ENSG00000112246	N	Y	-1	N	N	Y	-1	none	single	Y	CollecTRI-curated	1.0
WT1	DNMT3L	ENSG00000142182	Y	N	1	N	N	Y	1	none	single	Y	CollecTRI-curated	1.0
WT1	NES	ENSG00000132688	Y	N	1	N	N	Y	1	none	single	Y	CollecTRI-curated	1.0
WT1	SNURF	ENSG00000273173	Y	N	1	N	N	Y	1	none	single	Y	CollecTRI-curated	1.0
WT1	FASN	ENSG00000169710	N	Y	-1	N	N	Y	-1	none	single	Y	CollecTRI-curated	1.0
WT1	ITGA4	ENSG00000115232	Y	N	1	N	N	Y	1	none	single	Y	CollecTRI-curated	1.0
WT1	FGF8	ENSG00000107831	Y	N	1	N	N	Y	1	none	single	Y	CollecTRI-curated	1.0
WT1	MDM2	ENSG00000135679	N	Y	-1	N	N	Y	-1	none	single	Y	CollecTRI-curated	1.0
GATA3	IL5	ENSG00000113525	Y	N	1	N	N	Y	1	none	single	Y	CollecTRI-curated	1.0
GATA3	IL4	ENSG00000113520	Y	N	1	N	N	Y	1	none	single	Y	CollecTRI-curated	1.0
GATA3	CD38	ENSG00000004468	Y	N	1	N	N	Y	1	none	single	Y	CollecTRI-curated	1.0
GATA3	VCAM1	ENSG00000162692	N	Y	-1	N	N	Y	-1	none	single	Y	CollecTRI-curated	1.0
GATA3	IL13	ENSG00000169194	Y	Y	1	Y	Y	Y	1	none	split-dual	N	CollecTRI-curated	1.0
GATA3	IFNG	ENSG00000111537	Y	Y	-1	Y	Y	Y	-1	none	split-dual	N	CollecTRI-curated	1.0
GATA3	IL12RB1	ENSG00000096996	Y	N	1	N	N	Y	1	none	single	Y	CollecTRI-curated	1.0
GATA3	IL7R	ENSG00000168685	Y	Y	-1	Y	Y	Y	-1	none	split-dual	N	CollecTRI-curated	1.0
GATA3	RAG1	ENSG00000166349	Y	Y	-1	Y	Y	Y	-1	none	split-dual	N	CollecTRI-curated	1.0
GATA3	SPI1	ENSG00000066336	Y	Y	-1	Y	Y	Y	-1	none	split-dual	N	CollecTRI-curated	1.0
GATA3	KLRC1	ENSG00000134545	Y	N	1	N	N	Y	1	none	single	Y	CollecTRI-curated	1.0
GATA3	IL1RL1	ENSG00000115602	Y	N	1	N	N	Y	1	none	single	Y	CollecTRI-curated	1.0
GATA3	TH	ENSG00000180176	Y	N	1	N	N	Y	1	none	single	Y	CollecTRI-curated	1.0
GATA3	DBH	ENSG00000123454	Y	N	1	N	N	Y	1	none	single	Y	CollecTRI-curated	1.0
GATA3	FUT7	ENSG00000180549	N	Y	-1	N	N	Y	-1	none	single	Y	CollecTRI-curated	1.0
GATA3	MUC1	ENSG00000185499	Y	N	1	N	N	Y	1	none	single	Y	CollecTRI-curated	1.0
GATA3	CD80	ENSG00000121594	Y	N	1	N	N	Y	1	none	single	Y	CollecTRI-curated	1.0
GATA3	GFI1B	ENSG00000165702	Y	N	unresolved	N	N	N		unresolved-single-flag-no-consensus	single	Y	CollecTRI-curated	
GATA3	CD28	ENSG00000178562	Y	N	1	N	N	Y	1	none	single	Y	CollecTRI-curated	1.0
GATA3	CD5	ENSG00000110448	N	Y	-1	N	N	Y	-1	none	single	Y	CollecTRI-curated	1.0
GATA3	ESR1	ENSG00000091831	Y	N	1	N	N	Y	1	none	single	Y	CollecTRI-curated	1.0
GATA3	ICOS	ENSG00000163600	Y	N	1	N	N	Y	1	none	single	Y	CollecTRI-curated	1.0
GATA3	FOXP3	ENSG00000049768	Y	N	1	N	N	Y	1	none	single	Y	CollecTRI-curated	1.0
GATA3	PPARG	ENSG00000132170	N	Y	-1	N	N	Y	-1	none	single	Y	CollecTRI-curated	1.0
GATA3	IL18R1	ENSG00000115604	Y	Y	-1	Y	Y	Y	-1	none	split-dual	N	CollecTRI-curated	1.0
GATA3	CHST2	ENSG00000175040	Y	N	1	N	N	Y	1	none	single	Y	CollecTRI-curated	1.0
GATA3	DTX1	ENSG00000135144	Y	N	1	N	N	Y	1	none	single	Y	CollecTRI-curated	1.0
GATA3	STAT1	ENSG00000115415	Y	N	unresolved	N	N	N		unresolved-single-flag-no-consensus	single	Y	CollecTRI-curated	
GATA3	KLK1	ENSG00000167748	Y	N	1	N	N	Y	1	none	single	Y	CollecTRI-curated	1.0
GATA3	TEK	ENSG00000120156	Y	N	1	N	N	Y	1	none	single	Y	CollecTRI-curated	1.0
GATA3	BMP2	ENSG00000125845	Y	N	1	N	N	Y	1	none	single	Y	CollecTRI-curated	1.0
GATA3	ABCB1	ENSG00000085563	Y	N	1	N	N	Y	1	none	single	Y	CollecTRI-curated	1.0
GATA3	G6PC2	ENSG00000152254	Y	N	1	N	N	Y	1	none	single	Y	CollecTRI-curated	1.0
GATA3	INS	ENSG00000254647	Y	N	1	N	N	Y	1	none	single	Y	CollecTRI-curated	1.0
GATA3	PTH	ENSG00000152266	Y	N	1	N	N	Y	1	none	single	Y	CollecTRI-curated	1.0
GATA3	GCM2	ENSG00000124827	Y	Y	unresolved	Y	N	N		unresolved-both-flagged	split-dual	N	CollecTRI-curated	
GATA3	FGF4	ENSG00000075388	Y	N	1	N	N	Y	1	none	single	Y	CollecTRI-curated	1.0
GATA3	NKX3-1	ENSG00000167034	Y	N	1	N	N	Y	1	none	single	Y	CollecTRI-curated	1.0
GATA3	MYCN	ENSG00000134323	Y	N	1	N	N	Y	1	none	single	Y	CollecTRI-curated	1.0
GATA3	MMP1	ENSG00000196611	Y	N	1	N	N	Y	1	none	single	Y	CollecTRI-curated	1.0
GATA3	TOX	ENSG00000198846	Y	N	1	N	N	Y	1	none	single	Y	CollecTRI-curated	1.0
GATA3	ERG	ENSG00000157554	Y	N	1	N	N	Y	1	none	single	Y	CollecTRI-curated	1.0
GATA3	DUSP16	ENSG00000111266	Y	N	1	N	N	Y	1	none	single	Y	CollecTRI-curated	1.0
GATA3	FOXC1	ENSG00000054598	N	Y	-1	N	N	Y	-1	none	single	Y	CollecTRI-curated	1.0
GATA3	CHST4	ENSG00000140835	Y	N	1	N	N	Y	1	none	single	Y	CollecTRI-curated	1.0
GATA3	LYL1	ENSG00000104903	Y	N	1	N	N	Y	1	none	single	Y	CollecTRI-curated	1.0
GATA3	TAL1	ENSG00000162367	Y	N	1	N	N	Y	1	none	single	Y	CollecTRI-curated	1.0
GATA3	CTLA4	ENSG00000163599	Y	N	1	N	N	Y	1	none	single	Y	CollecTRI-curated	1.0
GATA3	LORICRIN	ENSG00000203782	Y	N	1	N	N	Y	1	none	single	Y	CollecTRI-curated	1.0
GATA3	FGF10	ENSG00000070193	Y	N	1	N	N	Y	1	none	single	Y	CollecTRI-curated	1.0
GATA3	LMO1	ENSG00000166407	Y	N	1	N	N	Y	1	none	single	Y	CollecTRI-curated	1.0
GATA3	USP21	ENSG00000143258	Y	N	unresolved	N	N	N		unresolved-single-flag-no-consensus	single	Y	CollecTRI-curated	
GATA3	CCL27	ENSG00000213927	Y	N	1	N	N	Y	1	none	single	Y	CollecTRI-curated	1.0
GATA3	ABCC3	ENSG00000108846	Y	N	1	N	N	Y	1	none	single	Y	CollecTRI-curated	1.0
GATA3	SLCO4C1	ENSG00000173930	Y	Y	-1	Y	Y	Y	-1	none	split-dual	N	CollecTRI-curated	1.0
GATA3	NOTCH1	ENSG00000148400	Y	N	unresolved	N	N	N		unresolved-single-flag-no-consensus	single	Y	CollecTRI-curated	
GATA3	TNF	ENSG00000232810	Y	N	1	N	N	Y	1	none	single	Y	CollecTRI-curated	1.0
GATA3	FOXA1	ENSG00000129514	Y	N	1	N	N	Y	1	none	single	Y	CollecTRI-curated	1.0
GATA3	TRDV1	ENSG00000211804	Y	N	1	N	N	Y	1	none	single	Y	CollecTRI-curated	1.0
GATA3	CYBB	ENSG00000165168	Y	Y	-1	Y	Y	Y	-1	none	split-dual	N	CollecTRI-curated	1.0
GATA3	ALDH1A2	ENSG00000128918	Y	N	1	N	N	Y	1	none	single	Y	CollecTRI-curated	1.0
GATA3	CFC1	ENSG00000136698	Y	N	1	N	N	Y	1	none	single	Y	CollecTRI-curated	1.0
GATA3	CD40LG	ENSG00000102245	Y	N	1	N	N	Y	1	none	single	Y	CollecTRI-curated	1.0
GATA3	EPO	ENSG00000130427	N	Y	-1	N	N	Y	-1	none	single	Y	CollecTRI-curated	1.0
GATA3	APBA1	ENSG00000107282	Y	N	1	N	N	Y	1	none	single	Y	CollecTRI-curated	1.0
GATA3	RHOH	ENSG00000168421	Y	N	1	N	N	Y	1	none	single	Y	CollecTRI-curated	1.0
GATA3	ABCC2	ENSG00000023839	Y	N	1	N	N	Y	1	none	single	Y	CollecTRI-curated	1.0
GATA3	CTNNA2	ENSG00000066032	Y	N	1	N	N	Y	1	none	single	Y	CollecTRI-curated	1.0
GATA3	EDN1	ENSG00000078401	Y	N	1	N	N	Y	1	none	single	Y	CollecTRI-curated	1.0
GATA3	EGFR	ENSG00000146648	Y	N	1	N	N	Y	1	none	single	Y	CollecTRI-curated	1.0
GATA3	EPHA7	ENSG00000135333	Y	N	1	N	N	Y	1	none	single	Y	CollecTRI-curated	1.0
GATA3	GRM7	ENSG00000196277	Y	N	1	N	N	Y	1	none	single	Y	CollecTRI-curated	1.0
GATA3	MYH3	ENSG00000109063	Y	N	1	N	N	Y	1	none	single	Y	CollecTRI-curated	1.0
GATA3	NRCAM	ENSG00000091129	Y	N	1	N	N	Y	1	none	single	Y	CollecTRI-curated	1.0
GATA3	PDE3A	ENSG00000172572	Y	N	1	N	N	Y	1	none	single	Y	CollecTRI-curated	1.0
GATA3	PDGFRL	ENSG00000104213	Y	N	1	N	N	Y	1	none	single	Y	CollecTRI-curated	1.0
GATA3	SNAPC1	ENSG00000023608	Y	N	1	N	N	Y	1	none	single	Y	CollecTRI-curated	1.0
GATA3	SST	ENSG00000157005	Y	N	1	N	N	Y	1	none	single	Y	CollecTRI-curated	1.0
GATA3	TLR5	ENSG00000187554	Y	N	1	N	N	Y	1	none	single	Y	CollecTRI-curated	1.0
GATA3	TPTE	ENSG00000274391	Y	N	1	N	N	Y	1	none	single	Y	CollecTRI-curated	1.0
GATA3	WASF1	ENSG00000112290	Y	N	1	N	N	Y	1	none	single	Y	CollecTRI-curated	1.0
GATA3	CLIC3	ENSG00000169583	Y	N	1	N	N	Y	1	none	single	Y	CollecTRI-curated	1.0
GATA3	SLIT2	ENSG00000145147	Y	N	1	N	N	Y	1	none	single	Y	CollecTRI-curated	1.0
GATA3	ARNT2	ENSG00000172379	Y	N	1	N	N	Y	1	none	single	Y	CollecTRI-curated	1.0
GATA3	UST	ENSG00000111962	Y	N	1	N	N	Y	1	none	single	Y	CollecTRI-curated	1.0
GATA3	RAPGEF3	ENSG00000079337	Y	N	1	N	N	Y	1	none	single	Y	CollecTRI-curated	1.0
GATA3	ZNF507	ENSG00000168813	Y	N	1	N	N	Y	1	none	single	Y	CollecTRI-curated	1.0
GATA3	PPIL2	ENSG00000100023	Y	N	1	N	N	Y	1	none	single	Y	CollecTRI-curated	1.0
GATA3	MYRIP	ENSG00000170011	Y	N	1	N	N	Y	1	none	single	Y	CollecTRI-curated	1.0
GATA3	PDE7B	ENSG00000171408	Y	N	1	N	N	Y	1	none	single	Y	CollecTRI-curated	1.0
GATA3	GPR162	ENSG00000250510	Y	N	1	N	N	Y	1	none	single	Y	CollecTRI-curated	1.0
GATA3	PACSIN1	ENSG00000124507	Y	N	1	N	N	Y	1	none	single	Y	CollecTRI-curated	1.0
GATA3	GCNT4	ENSG00000176928	Y	N	1	N	N	Y	1	none	single	Y	CollecTRI-curated	1.0
GATA3	TET2	ENSG00000168769	Y	N	1	N	N	Y	1	none	single	Y	CollecTRI-curated	1.0
GATA3	DNAJC17	ENSG00000104129	Y	N	1	N	N	Y	1	none	single	Y	CollecTRI-curated	1.0
GATA3	GALNT10	ENSG00000164574	Y	N	1	N	N	Y	1	none	single	Y	CollecTRI-curated	1.0
GATA3	SLC24A3	ENSG00000185052	Y	N	1	N	N	Y	1	none	single	Y	CollecTRI-curated	1.0
GATA3	LRRC61	ENSG00000127399	Y	N	1	N	N	Y	1	none	single	Y	CollecTRI-curated	1.0
GATA3	ZXDC	ENSG00000070476	Y	N	1	N	N	Y	1	none	single	Y	CollecTRI-curated	1.0
GATA3	SPEF2	ENSG00000152582	Y	N	1	N	N	Y	1	none	single	Y	CollecTRI-curated	1.0
GATA3	FBXO11	ENSG00000138081	Y	N	1	N	N	Y	1	none	single	Y	CollecTRI-curated	1.0
GATA3	TMPRSS5	ENSG00000166682	Y	N	1	N	N	Y	1	none	single	Y	CollecTRI-curated	1.0
GATA3	NETO1	ENSG00000166342	Y	N	1	N	N	Y	1	none	single	Y	CollecTRI-curated	1.0
GATA3	LRMDA	ENSG00000148655	Y	N	1	N	N	Y	1	none	single	Y	CollecTRI-curated	1.0
GATA3	RTN4IP1	ENSG00000130347	Y	N	1	N	N	Y	1	none	single	Y	CollecTRI-curated	1.0
GATA3	BPIFB1	ENSG00000125999	Y	N	1	N	N	Y	1	none	single	Y	CollecTRI-curated	1.0
GATA3	LCN8	ENSG00000204001	Y	N	1	N	N	Y	1	none	single	Y	CollecTRI-curated	1.0
GATA3	XKR3	ENSG00000172967	Y	N	1	N	N	Y	1	none	single	Y	CollecTRI-curated	1.0
GATA3	ST8SIA6	ENSG00000148488	Y	N	1	N	N	Y	1	none	single	Y	CollecTRI-curated	1.0
GATA3	CDH1	ENSG00000039068	Y	N	1	N	N	Y	1	none	single	Y	CollecTRI-curated	1.0
GATA3	CDH3	ENSG00000062038	N	Y	-1	N	N	Y	-1	none	single	Y	CollecTRI-curated	1.0
GATA3	CDX2	ENSG00000165556	Y	N	1	N	N	Y	1	none	single	Y	CollecTRI-curated	1.0
GATA3	CXCL1	ENSG00000163739	Y	Y	-1	Y	Y	Y	-1	none	split-dual	N	CollecTRI-curated	1.0
GATA3	EPOR	ENSG00000187266	Y	N	1	N	N	Y	1	none	single	Y	CollecTRI-curated	1.0
GATA3	ERVW-1	ENSG00000242950	Y	N	1	N	N	Y	1	none	single	Y	CollecTRI-curated	1.0
GATA3	FOXC2	ENSG00000176692	N	Y	-1	N	N	Y	-1	none	single	Y	CollecTRI-curated	1.0
GATA3	HSD17B1	ENSG00000108786	N	Y	-1	N	N	Y	-1	none	single	Y	CollecTRI-curated	1.0
GATA3	IL10	ENSG00000136634	Y	N	1	N	N	Y	1	none	single	Y	CollecTRI-curated	1.0
GATA3	IL12RB2	ENSG00000081985	N	Y	-1	N	N	Y	-1	none	single	Y	CollecTRI-curated	1.0
GATA3	NFKB1	ENSG00000109320	Y	N	unresolved	N	N	N		unresolved-single-flag-no-consensus	single	Y	CollecTRI-curated	
GATA3	PAEP	ENSG00000122133	Y	N	1	N	N	Y	1	none	single	Y	CollecTRI-curated	1.0
GATA3	STAT4	ENSG00000138378	N	Y	-1	N	N	Y	-1	none	single	Y	CollecTRI-curated	1.0
GATA3	GNRHR	ENSG00000109163	Y	N	1	N	N	Y	1	none	single	Y	CollecTRI-curated	1.0
GATA3	RAG2	ENSG00000175097	Y	N	1	N	N	Y	1	none	single	Y	CollecTRI-curated	1.0
GATA3	ACTR6	ENSG00000075089	Y	N	1	N	N	Y	1	none	single	Y	CollecTRI-curated	1.0
GATA3	BCAS3	ENSG00000141376	Y	N	1	N	N	Y	1	none	single	Y	CollecTRI-curated	1.0
GATA3	CDH2	ENSG00000170558	Y	N	1	N	N	Y	1	none	single	Y	CollecTRI-curated	1.0
GATA3	GREB1	ENSG00000196208	Y	N	1	N	N	Y	1	none	single	Y	CollecTRI-curated	1.0
GATA3	NCOA3	ENSG00000124151	Y	N	1	N	N	Y	1	none	single	Y	CollecTRI-curated	1.0
GATA3	ZNF217	ENSG00000171940	Y	Y	-1	Y	Y	Y	-1	none	split-dual	N	CollecTRI-curated	1.0
GATA3	GLS2	ENSG00000135423	Y	N	1	N	N	Y	1	none	single	Y	CollecTRI-curated	1.0
GATA3	IL3	ENSG00000164399	N	Y	-1	N	N	Y	-1	none	single	Y	CollecTRI-curated	1.0
GATA3	IL24	ENSG00000162892	Y	N	1	N	N	Y	1	none	single	Y	CollecTRI-curated	1.0
GATA3	CCR5	ENSG00000160791	N	Y	-1	N	N	Y	-1	none	single	Y	CollecTRI-curated	1.0
GATA3	ZBTB7B	ENSG00000160685	Y	N	1	N	N	Y	1	none	single	Y	CollecTRI-curated	1.0
GATA3	BHLHE41	ENSG00000123095	Y	N	1	N	N	Y	1	none	single	Y	CollecTRI-curated	1.0
GATA3	OPRM1	ENSG00000112038	Y	N	1	N	N	Y	1	none	single	Y	CollecTRI-curated	1.0
GATA3	BCL2L1	ENSG00000171552	Y	N	1	N	N	Y	1	none	single	Y	CollecTRI-curated	1.0
GATA3	RUNX3	ENSG00000020633	N	Y	-1	N	N	Y	-1	none	single	Y	CollecTRI-curated	1.0
GATA2	NOS3	ENSG00000164867	Y	N	1	N	N	Y	1	none	single	Y	CollecTRI-curated	1.0
GATA2	EPO	ENSG00000130427	N	Y	-1	N	N	Y	-1	none	single	Y	CollecTRI-curated	1.0
GATA2	EDN1	ENSG00000078401	Y	N	1	N	N	Y	1	none	single	Y	CollecTRI-curated	1.0
GATA2	CYP19A1	ENSG00000137869	Y	N	1	N	N	Y	1	none	single	Y	CollecTRI-curated	1.0
GATA2	TSHB	ENSG00000134200	Y	N	1	N	N	Y	1	none	single	Y	CollecTRI-curated	1.0
GATA2	SPI1	ENSG00000066336	Y	Y	-1	Y	Y	Y	-1	none	split-dual	N	CollecTRI-curated	1.0
GATA2	TAL1	ENSG00000162367	Y	N	unresolved	N	N	N		unresolved-single-flag-no-consensus	single	Y	CollecTRI-curated	
GATA2	ADH1A	ENSG00000187758	Y	N	1	N	N	Y	1	none	single	Y	CollecTRI-curated	1.0
GATA2	BMP4	ENSG00000125378	Y	N	1	N	N	Y	1	none	single	Y	CollecTRI-curated	1.0
GATA2	KIT	ENSG00000157404	Y	N	1	N	N	Y	1	none	single	Y	CollecTRI-curated	1.0
GATA2	PPARG	ENSG00000132170	N	Y	-1	N	N	Y	-1	none	single	Y	CollecTRI-curated	1.0
GATA2	CHST2	ENSG00000175040	Y	N	1	N	N	Y	1	none	single	Y	CollecTRI-curated	1.0
GATA2	GFI1B	ENSG00000165702	Y	N	1	N	N	Y	1	none	single	Y	CollecTRI-curated	1.0
GATA2	AZGP1	ENSG00000160862	N	Y	-1	N	N	Y	-1	none	single	Y	CollecTRI-curated	1.0
GATA2	CYP2C19	ENSG00000165841	Y	N	1	N	N	Y	1	none	single	Y	CollecTRI-curated	1.0
GATA2	GFI1	ENSG00000162676	Y	N	1	N	N	Y	1	none	single	Y	CollecTRI-curated	1.0
GATA2	EGFL7	ENSG00000172889	Y	N	1	N	N	Y	1	none	single	Y	CollecTRI-curated	1.0
GATA2	COP1	ENSG00000143207	Y	N	1	N	N	Y	1	none	single	Y	CollecTRI-curated	1.0
GATA2	PRKN	ENSG00000185345	Y	N	1	N	N	Y	1	none	single	Y	CollecTRI-curated	1.0
GATA2	CGA	ENSG00000135346	Y	N	1	N	N	Y	1	none	single	Y	CollecTRI-curated	1.0
GATA2	CDX2	ENSG00000165556	Y	N	1	N	N	Y	1	none	single	Y	CollecTRI-curated	1.0
GATA2	EMCN	ENSG00000164035	Y	N	1	N	N	Y	1	none	single	Y	CollecTRI-curated	1.0
GATA2	SNCA	ENSG00000145335	Y	N	1	N	N	Y	1	none	single	Y	CollecTRI-curated	1.0
GATA2	CASP3	ENSG00000164305	Y	N	1	N	N	Y	1	none	single	Y	CollecTRI-curated	1.0
GATA2	ASAH2	ENSG00000188611	Y	Y	unresolved	Y	N	N		unresolved-both-flagged	split-dual	N	CollecTRI-curated	
GATA2	ANGPT2	ENSG00000091879	Y	N	1	N	N	Y	1	none	single	Y	CollecTRI-curated	1.0
GATA2	IL1RL1	ENSG00000115602	Y	N	1	N	N	Y	1	none	single	Y	CollecTRI-curated	1.0
GATA2	GNRHR	ENSG00000109163	Y	Y	unresolved	Y	N	N		unresolved-both-flagged	split-dual	N	CollecTRI-curated	
GATA2	ADCYAP1	ENSG00000141433	Y	N	1	N	N	Y	1	none	single	Y	CollecTRI-curated	1.0
GATA2	AR	ENSG00000169083	Y	N	1	N	N	Y	1	none	single	Y	CollecTRI-curated	1.0
GATA2	AQP2	ENSG00000167580	Y	N	1	N	N	Y	1	none	single	Y	CollecTRI-curated	1.0
GATA2	FCER1G	ENSG00000158869	Y	N	1	N	N	Y	1	none	single	Y	CollecTRI-curated	1.0
GATA2	FCER1A	ENSG00000179639	Y	N	1	N	N	Y	1	none	single	Y	CollecTRI-curated	1.0
GATA2	MS4A2	ENSG00000149534	Y	N	1	N	N	Y	1	none	single	Y	CollecTRI-curated	1.0
GATA2	PRG2	ENSG00000186652	N	Y	-1	N	N	Y	-1	none	single	Y	CollecTRI-curated	1.0
GATA2	MBP	ENSG00000197971	Y	Y	-1	Y	Y	Y	-1	none	split-dual	N	CollecTRI-curated	1.0
GATA2	WT1	ENSG00000184937	Y	N	1	N	N	Y	1	none	single	Y	CollecTRI-curated	1.0
GATA2	CYBB	ENSG00000165168	N	Y	-1	N	N	Y	-1	none	single	Y	CollecTRI-curated	1.0
GATA2	HCRTR2	ENSG00000137252	Y	N	1	N	N	Y	1	none	single	Y	CollecTRI-curated	1.0
GATA2	RNASE2	ENSG00000169385	Y	N	1	N	N	Y	1	none	single	Y	CollecTRI-curated	1.0
GATA2	DPYSL2	ENSG00000092964	Y	N	1	N	N	Y	1	none	single	Y	CollecTRI-curated	1.0
GATA2	ERVW-1	ENSG00000242950	Y	N	1	N	N	Y	1	none	single	Y	CollecTRI-curated	1.0
GATA2	SULT2A1	ENSG00000105398	Y	N	1	N	N	Y	1	none	single	Y	CollecTRI-curated	1.0
GATA2	TAC1	ENSG00000006128	Y	N	1	N	N	Y	1	none	single	Y	CollecTRI-curated	1.0
GATA2	CACNA1S	ENSG00000081248	Y	N	1	N	N	Y	1	none	single	Y	CollecTRI-curated	1.0
GATA2	CPA3	ENSG00000163751	Y	N	1	N	N	Y	1	none	single	Y	CollecTRI-curated	1.0
GATA2	HSD17B1	ENSG00000108786	N	Y	-1	N	N	Y	-1	none	single	Y	CollecTRI-curated	1.0
GATA2	RAG1	ENSG00000166349	Y	N	1	N	N	Y	1	none	single	Y	CollecTRI-curated	1.0
GATA2	KDR	ENSG00000128052	Y	N	1	N	N	Y	1	none	single	Y	CollecTRI-curated	1.0
GATA2	KLF1	ENSG00000105610	Y	N	1	N	N	Y	1	none	single	Y	CollecTRI-curated	1.0
GATA2	TRH	ENSG00000170893	Y	N	1	N	N	Y	1	none	single	Y	CollecTRI-curated	1.0
GATA2	CSF2	ENSG00000164400	Y	N	1	N	N	Y	1	none	single	Y	CollecTRI-curated	1.0
GATA2	IL5	ENSG00000113525	Y	N	1	N	N	Y	1	none	single	Y	CollecTRI-curated	1.0
GATA2	IL4	ENSG00000113520	Y	N	1	N	N	Y	1	none	single	Y	CollecTRI-curated	1.0
GATA2	IL13	ENSG00000169194	N	Y	-1	N	N	Y	-1	none	single	Y	CollecTRI-curated	1.0
GATA2	RCAN1	ENSG00000159200	Y	N	1	N	N	Y	1	none	single	Y	CollecTRI-curated	1.0
GATA2	EDNRB	ENSG00000136160	Y	N	1	N	N	Y	1	none	single	Y	CollecTRI-curated	1.0
GATA2	HBE1	ENSG00000213931	Y	N	1	N	N	Y	1	none	single	Y	CollecTRI-curated	1.0
GATA2	BHLHA15	ENSG00000180535	Y	N	1	N	N	Y	1	none	single	Y	CollecTRI-curated	1.0
GATA2	HHEX	ENSG00000152804	Y	N	1	N	N	Y	1	none	single	Y	CollecTRI-curated	1.0
GATA2	SKP2	ENSG00000145604	N	Y	-1	N	N	Y	-1	none	single	Y	CollecTRI-curated	1.0
GATA2	ADH1C	ENSG00000248144	Y	N	1	N	N	Y	1	none	single	Y	CollecTRI-curated	1.0
GATA2	CEBPA	ENSG00000245848	Y	Y	-1	Y	Y	Y	-1	none	split-dual	N	CollecTRI-curated	1.0
GATA2	NFE2	ENSG00000123405	Y	N	1	N	N	Y	1	none	single	Y	CollecTRI-curated	1.0
GATA2	MICA	ENSG00000204520	Y	N	1	N	N	Y	1	none	single	Y	CollecTRI-curated	1.0
GATA2	CYP2C9	ENSG00000138109	Y	N	1	N	N	Y	1	none	single	Y	CollecTRI-curated	1.0
GATA2	DIO2	ENSG00000211448	Y	N	1	N	N	Y	1	none	single	Y	CollecTRI-curated	1.0
GATA2	MICB	ENSG00000204516	Y	N	1	N	N	Y	1	none	single	Y	CollecTRI-curated	1.0
GATA2	PDE9A	ENSG00000160191	Y	N	1	N	N	Y	1	none	single	Y	CollecTRI-curated	1.0
GATA2	ARRDC4	ENSG00000140450	Y	N	1	N	N	Y	1	none	single	Y	CollecTRI-curated	1.0
GATA2	CCRL2	ENSG00000121797	Y	N	1	N	N	Y	1	none	single	Y	CollecTRI-curated	1.0
GATA2	GPR146	ENSG00000164849	Y	N	1	N	N	Y	1	none	single	Y	CollecTRI-curated	1.0
GATA2	HTR5A	ENSG00000157219	Y	N	1	N	N	Y	1	none	single	Y	CollecTRI-curated	1.0
GATA2	ICAM4	ENSG00000105371	Y	N	1	N	N	Y	1	none	single	Y	CollecTRI-curated	1.0
GATA2	LYL1	ENSG00000104903	Y	N	1	N	N	Y	1	none	single	Y	CollecTRI-curated	1.0
GATA2	PLSCR2	ENSG00000163746	Y	N	1	N	N	Y	1	none	single	Y	CollecTRI-curated	1.0
GATA2	PSD4	ENSG00000125637	Y	N	1	N	N	Y	1	none	single	Y	CollecTRI-curated	1.0
GATA2	TNFAIP8L1	ENSG00000185361	Y	N	1	N	N	Y	1	none	single	Y	CollecTRI-curated	1.0
GATA2	VWA5A	ENSG00000110002	Y	N	1	N	N	Y	1	none	single	Y	CollecTRI-curated	1.0
EMX2	WNT2	ENSG00000105989	Y	N	1	N	N	Y	1	none	single	Y	CollecTRI-curated	1.0
EMX2	WNT1	ENSG00000125084	Y	Y	-1	Y	Y	Y	-1	none	split-dual	N	CollecTRI-curated	1.0
EMX2	FGF8	ENSG00000107831	Y	Y	-1	Y	Y	Y	-1	none	split-dual	N	CollecTRI-curated	1.0
EMX2	SP8	ENSG00000164651	Y	N	1	N	N	Y	1	none	single	Y	CollecTRI-curated	1.0
EMX2	SOX2	ENSG00000181449	N	Y	-1	N	N	Y	-1	none	single	Y	CollecTRI-curated	1.0
EMX2	EGFR	ENSG00000146648	N	Y	-1	N	N	Y	-1	none	single	Y	CollecTRI-curated	1.0
LHX1	HESX1	ENSG00000163666	Y	Y	-1	Y	Y	Y	-1	none	split-dual	N	CollecTRI-curated	1.0
LHX1	HHEX	ENSG00000152804	Y	N	1	N	N	Y	1	none	single	Y	CollecTRI-curated	1.0
LHX1	PAX8	ENSG00000125618	Y	N	1	N	N	Y	1	none	single	Y	CollecTRI-curated	1.0
LHX1	RELN	ENSG00000189056	Y	N	1	N	N	Y	1	none	single	Y	CollecTRI-curated	1.0
LHX1	CHRD	ENSG00000090539	Y	N	1	N	N	Y	1	none	single	Y	CollecTRI-curated	1.0
LHX1	NPY	ENSG00000122585	Y	N	1	N	N	Y	1	none	single	Y	CollecTRI-curated	1.0
MSX1	BMP2	ENSG00000125845	Y	N	1	N	N	Y	1	none	single	Y	CollecTRI-curated	1.0
MSX1	BMP4	ENSG00000125378	Y	N	1	N	N	Y	1	none	single	Y	CollecTRI-curated	1.0
MSX1	SHH	ENSG00000164690	Y	N	1	N	N	Y	1	none	single	Y	CollecTRI-curated	1.0
MSX1	H1-5	ENSG00000184357	Y	N	1	N	N	Y	1	none	single	Y	CollecTRI-curated	1.0
MSX1	PITX1	ENSG00000069011	N	Y	-1	N	N	Y	-1	none	single	Y	CollecTRI-curated	1.0
MSX1	CGA	ENSG00000135346	N	Y	-1	N	N	Y	-1	none	single	Y	CollecTRI-curated	1.0
MSX1	FSHB	ENSG00000131808	N	Y	-1	N	N	Y	-1	none	single	Y	CollecTRI-curated	1.0
MSX1	LHB	ENSG00000104826	N	Y	-1	N	N	Y	-1	none	single	Y	CollecTRI-curated	1.0
MSX1	DKK1	ENSG00000107984	N	Y	-1	N	N	Y	-1	none	single	Y	CollecTRI-curated	1.0
MSX1	GNRHR	ENSG00000109163	N	Y	-1	N	N	Y	-1	none	single	Y	CollecTRI-curated	1.0
MSX1	MYOD1	ENSG00000129152	N	Y	-1	N	N	Y	-1	none	single	Y	CollecTRI-curated	1.0
MSX1	BGLAP	ENSG00000242252	Y	N	1	N	N	Y	1	none	single	Y	CollecTRI-curated	1.0
MSX1	DLK1	ENSG00000185559	Y	N	1	N	N	Y	1	none	single	Y	CollecTRI-curated	1.0
MSX1	HEY1	ENSG00000164683	Y	N	1	N	N	Y	1	none	single	Y	CollecTRI-curated	1.0
MSX1	NOTCH3	ENSG00000074181	Y	N	1	N	N	Y	1	none	single	Y	CollecTRI-curated	1.0
MSX1	ZHX2	ENSG00000178764	Y	Y	-1	Y	Y	Y	-1	none	split-dual	N	CollecTRI-curated	1.0
MSX1	VDR	ENSG00000111424	N	Y	-1	N	N	Y	-1	none	single	Y	CollecTRI-curated	1.0
MSX1	RUNX2	ENSG00000124813	N	Y	-1	N	N	Y	-1	none	single	Y	CollecTRI-curated	1.0
MSX1	CDKN2D	ENSG00000129355	Y	Y	-1	Y	Y	Y	-1	none	split-dual	N	CollecTRI-curated	1.0
MSX1	PTCH1	ENSG00000185920	Y	N	1	N	N	Y	1	none	single	Y	CollecTRI-curated	1.0
MSX1	SDC1	ENSG00000115884	Y	N	1	N	N	Y	1	none	single	Y	CollecTRI-curated	1.0
MSX1	WNT1	ENSG00000125084	Y	N	1	N	N	Y	1	none	single	Y	CollecTRI-curated	1.0
MSX1	CDH2	ENSG00000170558	Y	N	1	N	N	Y	1	none	single	Y	CollecTRI-curated	1.0
MSX1	TAGLN	ENSG00000149591	Y	Y	-1	Y	Y	Y	-1	none	split-dual	N	CollecTRI-curated	1.0
MSX2	AMELX	ENSG00000125363	N	Y	-1	N	N	Y	-1	none	single	Y	CollecTRI-curated	1.0
MSX2	SIX3	ENSG00000138083	N	Y	-1	N	N	Y	-1	none	single	Y	CollecTRI-curated	1.0
MSX2	DLX2	ENSG00000115844	N	Y	unresolved	N	N	N		unresolved-single-flag-no-consensus	single	Y	CollecTRI-curated	
MSX2	BGLAP	ENSG00000242252	N	Y	-1	N	N	Y	-1	none	single	Y	CollecTRI-curated	1.0
MSX2	IBSP	ENSG00000029559	Y	Y	-1	Y	Y	Y	-1	none	split-dual	N	CollecTRI-curated	1.0
MSX2	BMP4	ENSG00000125378	Y	N	1	N	N	Y	1	none	single	Y	CollecTRI-curated	1.0
MSX2	RUNX2	ENSG00000124813	N	Y	-1	N	N	Y	-1	none	single	Y	CollecTRI-curated	1.0
MSX2	SOX2	ENSG00000181449	N	Y	-1	N	N	Y	-1	none	single	Y	CollecTRI-curated	1.0
MSX2	TAGLN	ENSG00000149591	N	Y	-1	N	N	Y	-1	none	single	Y	CollecTRI-curated	1.0
MSX2	DKK1	ENSG00000107984	N	Y	-1	N	N	Y	-1	none	single	Y	CollecTRI-curated	1.0
MSX2	NOTCH1	ENSG00000148400	Y	N	1	N	N	Y	1	none	single	Y	CollecTRI-curated	1.0
MSX2	DSPP	ENSG00000152591	N	Y	-1	N	N	Y	-1	none	single	Y	CollecTRI-curated	1.0
MSX2	ABCG2	ENSG00000118777	Y	N	1	N	N	Y	1	none	single	Y	CollecTRI-curated	1.0
MSX2	WNT3A	ENSG00000154342	Y	N	1	N	N	Y	1	none	single	Y	CollecTRI-curated	1.0
MSX2	WNT7A	ENSG00000154764	Y	N	1	N	N	Y	1	none	single	Y	CollecTRI-curated	1.0
MSX2	WNT7B	ENSG00000188064	Y	N	1	N	N	Y	1	none	single	Y	CollecTRI-curated	1.0
MSX2	LRP5	ENSG00000162337	Y	N	1	N	N	Y	1	none	single	Y	CollecTRI-curated	1.0
MSX2	WNT10B	ENSG00000169884	Y	N	1	N	N	Y	1	none	single	Y	CollecTRI-curated	1.0
MSX2	WNT2	ENSG00000105989	Y	N	1	N	N	Y	1	none	single	Y	CollecTRI-curated	1.0
MSX2	SOST	ENSG00000167941	N	Y	-1	N	N	Y	-1	none	single	Y	CollecTRI-curated	1.0
MSX2	EPHA7	ENSG00000135333	Y	N	1	N	N	Y	1	none	single	Y	CollecTRI-curated	1.0
MSX2	CDH2	ENSG00000170558	N	Y	-1	N	N	Y	-1	none	single	Y	CollecTRI-curated	1.0
MSX2	NKX3-1	ENSG00000167034	Y	N	1	N	N	Y	1	none	single	Y	CollecTRI-curated	1.0
MSX2	ENPP1	ENSG00000197594	Y	N	1	N	N	Y	1	none	single	Y	CollecTRI-curated	1.0
MSX2	SPP1	ENSG00000118785	Y	N	1	N	N	Y	1	none	single	Y	CollecTRI-curated	1.0
MSX2	DLX5	ENSG00000105880	N	Y	-1	N	N	Y	-1	none	single	Y	CollecTRI-curated	1.0
MSX2	MSX1	ENSG00000163132	Y	N	1	N	N	Y	1	none	single	Y	CollecTRI-curated	1.0
MSX2	TGFB3	ENSG00000119699	Y	N	1	N	N	Y	1	none	single	Y	CollecTRI-curated	1.0
MSX2	TGFB2	ENSG00000092969	Y	N	1	N	N	Y	1	none	single	Y	CollecTRI-curated	1.0
MSX2	ATOH7	ENSG00000179774	N	Y	-1	N	N	Y	-1	none	single	Y	CollecTRI-curated	1.0
MSX2	PITX2	ENSG00000164093	N	Y	-1	N	N	Y	-1	none	single	Y	CollecTRI-curated	1.0
MSX2	IHH	ENSG00000163501	Y	N	1	N	N	Y	1	none	single	Y	CollecTRI-curated	1.0
MSX2	WDR5	ENSG00000196363	N	Y	-1	N	N	Y	-1	none	single	Y	CollecTRI-curated	1.0
MSX2	COL2A1	ENSG00000139219	N	Y	-1	N	N	Y	-1	none	single	Y	CollecTRI-curated	1.0
MSX2	COL10A1	ENSG00000123500	Y	N	1	N	N	Y	1	none	single	Y	CollecTRI-curated	1.0
MSX2	LAMA3	ENSG00000053747	Y	N	1	N	N	Y	1	none	single	Y	CollecTRI-curated	1.0
MSX2	MYOD1	ENSG00000129152	N	Y	-1	N	N	Y	-1	none	single	Y	CollecTRI-curated	1.0
MSX2	POU4F2	ENSG00000151615	N	Y	-1	N	N	Y	-1	none	single	Y	CollecTRI-curated	1.0
MSX2	GPNMB	ENSG00000136235	Y	N	1	N	N	Y	1	none	single	Y	CollecTRI-curated	1.0
MSX2	SP7	ENSG00000170374	Y	N	1	N	N	Y	1	none	single	Y	CollecTRI-curated	1.0
MSX2	ALPL	ENSG00000162551	N	Y	-1	N	N	Y	-1	none	single	Y	CollecTRI-curated	1.0
DLX5	BGLAP	ENSG00000242252	Y	N	1	N	N	Y	1	none	single	Y	CollecTRI-curated	1.0
DLX5	BMP2	ENSG00000125845	Y	N	1	N	N	Y	1	none	single	Y	CollecTRI-curated	1.0
DLX5	RUNX2	ENSG00000124813	Y	N	1	N	N	Y	1	none	single	Y	CollecTRI-curated	1.0
DLX5	WNT10B	ENSG00000169884	Y	N	1	N	N	Y	1	none	single	Y	CollecTRI-curated	1.0
DLX5	COL10A1	ENSG00000123500	Y	N	1	N	N	Y	1	none	single	Y	CollecTRI-curated	1.0
DLX5	NPPA	ENSG00000175206	Y	N	1	N	N	Y	1	none	single	Y	CollecTRI-curated	1.0
DLX5	BMP4	ENSG00000125378	Y	N	1	N	N	Y	1	none	single	Y	CollecTRI-curated	1.0
DLX5	DKK1	ENSG00000107984	Y	N	1	N	N	Y	1	none	single	Y	CollecTRI-curated	1.0
DLX5	DPPA4	ENSG00000121570	Y	N	1	N	N	Y	1	none	single	Y	CollecTRI-curated	1.0
DLX5	LEFTY2	ENSG00000143768	Y	N	1	N	N	Y	1	none	single	Y	CollecTRI-curated	1.0
DLX5	MAB21L1	ENSG00000180660	Y	N	1	N	N	Y	1	none	single	Y	CollecTRI-curated	1.0
DLX5	STAR	ENSG00000147465	Y	N	1	N	N	Y	1	none	single	Y	CollecTRI-curated	1.0
DLX5	DLX6	ENSG00000006377	Y	N	1	N	N	Y	1	none	single	Y	CollecTRI-curated	1.0
DLX5	ACVR1	ENSG00000115170	Y	N	1	N	N	Y	1	none	single	Y	CollecTRI-curated	1.0
DLX5	CAMK2A	ENSG00000070808	Y	N	1	N	N	Y	1	none	single	Y	CollecTRI-curated	1.0
DLX5	DSPP	ENSG00000152591	Y	N	1	N	N	Y	1	none	single	Y	CollecTRI-curated	1.0
DLX5	IRS2	ENSG00000185950	Y	N	1	N	N	Y	1	none	single	Y	CollecTRI-curated	1.0
DLX5	PPARG	ENSG00000132170	N	Y	-1	N	N	Y	-1	none	single	Y	CollecTRI-curated	1.0
DLX5	EPHA7	ENSG00000135333	Y	N	1	N	N	Y	1	none	single	Y	CollecTRI-curated	1.0
DLX5	FGF2	ENSG00000138685	Y	N	1	N	N	Y	1	none	single	Y	CollecTRI-curated	1.0
DLX5	IBSP	ENSG00000029559	Y	N	1	N	N	Y	1	none	single	Y	CollecTRI-curated	1.0
DLX5	SPP1	ENSG00000118785	Y	N	1	N	N	Y	1	none	single	Y	CollecTRI-curated	1.0
DLX5	WDR5	ENSG00000196363	Y	N	1	N	N	Y	1	none	single	Y	CollecTRI-curated	1.0
DLX5	GSC	ENSG00000133937	Y	N	1	N	N	Y	1	none	single	Y	CollecTRI-curated	1.0
DLX5	ALPL	ENSG00000162551	Y	N	1	N	N	Y	1	none	single	Y	CollecTRI-curated	1.0
DLX5	GBX2	ENSG00000168505	Y	N	1	N	N	Y	1	none	single	Y	CollecTRI-curated	1.0
DLX5	SP7	ENSG00000170374	Y	N	1	N	N	Y	1	none	single	Y	CollecTRI-curated	1.0
DLX5	WNT5A	ENSG00000114251	Y	N	1	N	N	Y	1	none	single	Y	CollecTRI-curated	1.0
DLX5	TMEM30B	ENSG00000182107	Y	N	1	N	N	Y	1	none	single	Y	CollecTRI-curated	1.0
DLX5	BMPER	ENSG00000164619	Y	N	1	N	N	Y	1	none	single	Y	CollecTRI-curated	1.0
DLX5	POU3F3	ENSG00000198914	Y	N	1	N	N	Y	1	none	single	Y	CollecTRI-curated	1.0
SIX1	PTH2R	ENSG00000144407	Y	N	1	N	N	Y	1	none	single	Y	CollecTRI-curated	1.0
SIX1	EYA1	ENSG00000104313	Y	N	1	N	N	Y	1	none	single	Y	CollecTRI-curated	1.0
SIX1	SALL1	ENSG00000103449	Y	N	1	N	N	Y	1	none	single	Y	CollecTRI-curated	1.0
SIX1	SKI	ENSG00000157933	Y	N	1	N	N	Y	1	none	single	Y	CollecTRI-curated	1.0
SIX1	MYOG	ENSG00000122180	Y	N	1	N	N	Y	1	none	single	Y	CollecTRI-curated	1.0
SIX1	TGFBR1	ENSG00000106799	Y	N	1	N	N	Y	1	none	single	Y	CollecTRI-curated	1.0
SIX1	TSHB	ENSG00000134200	Y	N	1	N	N	Y	1	none	single	Y	CollecTRI-curated	1.0
SIX1	EYA2	ENSG00000064655	Y	N	1	N	N	Y	1	none	single	Y	CollecTRI-curated	1.0
SIX1	CDH1	ENSG00000039068	N	Y	-1	N	N	Y	-1	none	single	Y	CollecTRI-curated	1.0
SIX1	MYOD1	ENSG00000129152	Y	N	1	N	N	Y	1	none	single	Y	CollecTRI-curated	1.0
SIX1	VEGFC	ENSG00000150630	Y	N	1	N	N	Y	1	none	single	Y	CollecTRI-curated	1.0
SIX1	CCNA1	ENSG00000133101	Y	N	1	N	N	Y	1	none	single	Y	CollecTRI-curated	1.0
SIX1	BMP4	ENSG00000125378	Y	N	1	N	N	Y	1	none	single	Y	CollecTRI-curated	1.0
SIX1	FGF10	ENSG00000070193	Y	N	1	N	N	Y	1	none	single	Y	CollecTRI-curated	1.0
SIX1	ATOH1	ENSG00000172238	Y	N	1	N	N	Y	1	none	single	Y	CollecTRI-curated	1.0
SALL1	FOXN1	ENSG00000109101	Y	N	1	N	N	Y	1	none	single	Y	CollecTRI-curated	1.0
SALL1	PER1	ENSG00000179094	Y	N	1	N	N	Y	1	none	single	Y	CollecTRI-curated	1.0
SALL1	FGF2	ENSG00000138685	Y	N	1	N	N	Y	1	none	single	Y	CollecTRI-curated	1.0
SALL1	DKK1	ENSG00000107984	Y	Y	-1	Y	Y	Y	-1	none	split-dual	N	CollecTRI-curated	1.0
SALL1	POU5F1	ENSG00000204531	Y	N	1	N	N	Y	1	none	single	Y	CollecTRI-curated	1.0
TBX18	DKK1	ENSG00000107984	Y	N	1	N	N	Y	1	none	single	Y	CollecTRI-curated	1.0
TBX18	DPPA4	ENSG00000121570	Y	N	1	N	N	Y	1	none	single	Y	CollecTRI-curated	1.0
TBX18	LEFTY2	ENSG00000143768	Y	N	1	N	N	Y	1	none	single	Y	CollecTRI-curated	1.0
TBX18	DLL1	ENSG00000198719	N	Y	-1	N	N	Y	-1	none	single	Y	CollecTRI-curated	1.0
TBX18	NPPA	ENSG00000175206	Y	N	1	N	N	Y	1	none	single	Y	CollecTRI-curated	1.0
TBX18	TBX6	ENSG00000149922	Y	N	1	N	N	Y	1	none	single	Y	CollecTRI-curated	1.0
TBX18	DISC1	ENSG00000162946	Y	N	1	N	N	Y	1	none	single	Y	CollecTRI-curated	1.0
TBX18	GNA11	ENSG00000088256	Y	N	1	N	N	Y	1	none	single	Y	CollecTRI-curated	1.0
TBX18	SLIT1	ENSG00000187122	Y	N	1	N	N	Y	1	none	single	Y	CollecTRI-curated	1.0
FOXA2	GCG	ENSG00000115263	Y	N	1	N	N	Y	1	none	single	Y	CollecTRI-curated	1.0
FOXA2	PDX1	ENSG00000139515	Y	N	1	N	N	Y	1	none	single	Y	CollecTRI-curated	1.0
FOXA2	HNF4A	ENSG00000101076	Y	N	1	N	N	Y	1	none	single	Y	CollecTRI-curated	1.0
FOXA2	ONECUT1	ENSG00000169856	Y	Y	unresolved	Y	N	N		unresolved-both-flagged	split-dual	N	CollecTRI-curated	
FOXA2	SLC2A2	ENSG00000163581	N	Y	-1	N	N	Y	-1	none	single	Y	CollecTRI-curated	1.0
FOXA2	HHEX	ENSG00000152804	Y	N	1	N	N	Y	1	none	single	Y	CollecTRI-curated	1.0
FOXA2	EOMES	ENSG00000163508	Y	N	1	N	N	Y	1	none	single	Y	CollecTRI-curated	1.0
FOXA2	APOB	ENSG00000084674	Y	N	1	N	N	Y	1	none	single	Y	CollecTRI-curated	1.0
FOXA2	AGXT	ENSG00000172482	Y	N	1	N	N	Y	1	none	single	Y	CollecTRI-curated	1.0
FOXA2	CYP3A7	ENSG00000160870	Y	N	1	N	N	Y	1	none	single	Y	CollecTRI-curated	1.0
FOXA2	GH1	ENSG00000259384	Y	N	1	N	N	Y	1	none	single	Y	CollecTRI-curated	1.0
FOXA2	SHH	ENSG00000164690	Y	N	1	N	N	Y	1	none	single	Y	CollecTRI-curated	1.0
FOXA2	WNT7B	ENSG00000188064	Y	N	1	N	N	Y	1	none	single	Y	CollecTRI-curated	1.0
FOXA2	NPR1	ENSG00000169418	Y	N	1	N	N	Y	1	none	single	Y	CollecTRI-curated	1.0
FOXA2	APOA1	ENSG00000118137	Y	N	1	N	N	Y	1	none	single	Y	CollecTRI-curated	1.0
FOXA2	PTH	ENSG00000152266	Y	N	1	N	N	Y	1	none	single	Y	CollecTRI-curated	1.0
FOXA2	SAMHD1	ENSG00000101347	Y	N	1	N	N	Y	1	none	single	Y	CollecTRI-curated	1.0
FOXA2	CFH	ENSG00000000971	Y	N	1	N	N	Y	1	none	single	Y	CollecTRI-curated	1.0
FOXA2	DLK1	ENSG00000185559	Y	N	1	N	N	Y	1	none	single	Y	CollecTRI-curated	1.0
FOXA2	F2	ENSG00000180210	Y	N	1	N	N	Y	1	none	single	Y	CollecTRI-curated	1.0
FOXA2	SLC10A1	ENSG00000100652	N	Y	-1	N	N	Y	-1	none	single	Y	CollecTRI-curated	1.0
FOXA2	SLCO1B1	ENSG00000134538	Y	Y	-1	Y	Y	Y	-1	none	split-dual	N	CollecTRI-curated	1.0
FOXA2	SLCO1B3	ENSG00000111700	Y	Y	unresolved	Y	N	N		unresolved-both-flagged	split-dual	N	CollecTRI-curated	
FOXA2	INS	ENSG00000254647	Y	N	1	N	N	Y	1	none	single	Y	CollecTRI-curated	1.0
FOXA2	IAPP	ENSG00000121351	N	Y	-1	N	N	Y	-1	none	single	Y	CollecTRI-curated	1.0
FOXA2	IBSP	ENSG00000029559	Y	N	1	N	N	Y	1	none	single	Y	CollecTRI-curated	1.0
FOXA2	ADH1A	ENSG00000187758	Y	N	1	N	N	Y	1	none	single	Y	CollecTRI-curated	1.0
FOXA2	REG3G	ENSG00000143954	Y	N	1	N	N	Y	1	none	single	Y	CollecTRI-curated	1.0
FOXA2	AHSG	ENSG00000145192	Y	N	1	N	N	Y	1	none	single	Y	CollecTRI-curated	1.0
FOXA2	PPP1R3C	ENSG00000119938	Y	N	1	N	N	Y	1	none	single	Y	CollecTRI-curated	1.0
FOXA2	FOXO1	ENSG00000150907	Y	N	unresolved	N	N	N		unresolved-single-flag-no-consensus	single	Y	CollecTRI-curated	
FOXA2	LCN8	ENSG00000204001	Y	Y	1	Y	Y	Y	1	none	split-dual	N	CollecTRI-curated	1.0
FOXA2	CPT1A	ENSG00000110090	Y	N	1	N	N	Y	1	none	single	Y	CollecTRI-curated	1.0
FOXA2	HMGCS2	ENSG00000134240	Y	N	1	N	N	Y	1	none	single	Y	CollecTRI-curated	1.0
FOXA2	PC	ENSG00000173599	Y	N	1	N	N	Y	1	none	single	Y	CollecTRI-curated	1.0
FOXA2	AQP3	ENSG00000165272	Y	Y	unresolved	Y	N	N		unresolved-both-flagged	split-dual	N	CollecTRI-curated	
FOXA2	NEUROD1	ENSG00000162992	Y	N	unresolved	N	N	N		unresolved-single-flag-no-consensus	single	Y	CollecTRI-curated	
FOXA2	MUC2	ENSG00000198788	Y	N	1	N	N	Y	1	none	single	Y	CollecTRI-curated	1.0
FOXA2	HPGD	ENSG00000164120	Y	N	1	N	N	Y	1	none	single	Y	CollecTRI-curated	1.0
FOXA2	SLC5A5	ENSG00000105641	Y	N	1	N	N	Y	1	none	single	Y	CollecTRI-curated	1.0
FOXA2	G6PC2	ENSG00000152254	Y	N	1	N	N	Y	1	none	single	Y	CollecTRI-curated	1.0
FOXA2	IFNG	ENSG00000111537	Y	N	1	N	N	Y	1	none	single	Y	CollecTRI-curated	1.0
FOXA2	GLB1	ENSG00000170266	Y	N	1	N	N	Y	1	none	single	Y	CollecTRI-curated	1.0
FOXA2	CEBPA	ENSG00000245848	Y	N	1	N	N	Y	1	none	single	Y	CollecTRI-curated	1.0
FOXA2	IL5	ENSG00000113525	Y	N	1	N	N	Y	1	none	single	Y	CollecTRI-curated	1.0
FOXA2	SYTL4	ENSG00000102362	Y	N	1	N	N	Y	1	none	single	Y	CollecTRI-curated	1.0
FOXA2	SFTPB	ENSG00000168878	Y	N	1	N	N	Y	1	none	single	Y	CollecTRI-curated	1.0
FOXA2	HELT	ENSG00000187821	N	Y	-1	N	N	Y	-1	none	single	Y	CollecTRI-curated	1.0
FOXA2	LMX1A	ENSG00000162761	Y	N	1	N	N	Y	1	none	single	Y	CollecTRI-curated	1.0
FOXA2	LMX1B	ENSG00000136944	Y	N	1	N	N	Y	1	none	single	Y	CollecTRI-curated	1.0
FOXA2	NKX2-2	ENSG00000125820	N	Y	-1	N	N	Y	-1	none	single	Y	CollecTRI-curated	1.0
FOXA2	ABCB1	ENSG00000085563	Y	N	1	N	N	Y	1	none	single	Y	CollecTRI-curated	1.0
FOXA2	CYP3A4	ENSG00000160868	Y	N	1	N	N	Y	1	none	single	Y	CollecTRI-curated	1.0
FOXA2	CXCR4	ENSG00000121966	Y	N	1	N	N	Y	1	none	single	Y	CollecTRI-curated	1.0
FOXA2	SOX14	ENSG00000168875	Y	N	1	N	N	Y	1	none	single	Y	CollecTRI-curated	1.0
FOXA2	CDH1	ENSG00000039068	Y	N	1	N	N	Y	1	none	single	Y	CollecTRI-curated	1.0
FOXA2	IL6	ENSG00000136244	N	Y	-1	N	N	Y	-1	none	single	Y	CollecTRI-curated	1.0
FOXA2	MLXIPL	ENSG00000009950	Y	N	1	N	N	Y	1	none	single	Y	CollecTRI-curated	1.0
FOXA2	ABCC2	ENSG00000023839	Y	N	1	N	N	Y	1	none	single	Y	CollecTRI-curated	1.0
FOXA2	GCK	ENSG00000106633	Y	Y	-1	Y	Y	Y	-1	none	split-dual	N	CollecTRI-curated	1.0
FOXA2	GATA4	ENSG00000136574	Y	N	1	N	N	Y	1	none	single	Y	CollecTRI-curated	1.0
FOXA2	TTR	ENSG00000118271	Y	N	1	N	N	Y	1	none	single	Y	CollecTRI-curated	1.0
FOXA2	FERD3L	ENSG00000146618	Y	N	1	N	N	Y	1	none	single	Y	CollecTRI-curated	1.0
FOXA2	CA2	ENSG00000104267	Y	N	1	N	N	Y	1	none	single	Y	CollecTRI-curated	1.0
FOXA2	PI3	ENSG00000124102	Y	N	1	N	N	Y	1	none	single	Y	CollecTRI-curated	1.0
FOXA2	NEUROG3	ENSG00000122859	Y	N	1	N	N	Y	1	none	single	Y	CollecTRI-curated	1.0
FOXA2	FABP3	ENSG00000121769	Y	N	1	N	N	Y	1	none	single	Y	CollecTRI-curated	1.0
FOXA2	AQP9	ENSG00000103569	Y	Y	-1	Y	Y	Y	-1	none	split-dual	N	CollecTRI-curated	1.0
FOXA2	DIO1	ENSG00000211452	N	Y	-1	N	N	Y	-1	none	single	Y	CollecTRI-curated	1.0
FOXA2	MMP7	ENSG00000137673	Y	N	1	N	N	Y	1	none	single	Y	CollecTRI-curated	1.0
FOXA2	WNT6	ENSG00000115596	Y	N	1	N	N	Y	1	none	single	Y	CollecTRI-curated	1.0
FOXA2	MSX1	ENSG00000163132	Y	N	1	N	N	Y	1	none	single	Y	CollecTRI-curated	1.0
FOXA2	FTO	ENSG00000140718	N	Y	-1	N	N	Y	-1	none	single	Y	CollecTRI-curated	1.0
FOXA2	BIRC3	ENSG00000023445	Y	N	1	N	N	Y	1	none	single	Y	CollecTRI-curated	1.0
FOXA2	NFYA	ENSG00000001167	Y	N	1	N	N	Y	1	none	single	Y	CollecTRI-curated	1.0
FOXA2	TH	ENSG00000180176	Y	N	1	N	N	Y	1	none	single	Y	CollecTRI-curated	1.0
FOXA2	MUC5B	ENSG00000117983	Y	Y	-1	Y	Y	Y	-1	none	split-dual	N	CollecTRI-curated	1.0
FOXA2	FGL1	ENSG00000104760	Y	N	1	N	N	Y	1	none	single	Y	CollecTRI-curated	1.0
FOXA2	ABCA1	ENSG00000165029	N	Y	-1	N	N	Y	-1	none	single	Y	CollecTRI-curated	1.0
FOXA2	IGFBP1	ENSG00000146678	Y	N	1	N	N	Y	1	none	single	Y	CollecTRI-curated	1.0
FOXA2	SCGB1A1	ENSG00000149021	Y	N	1	N	N	Y	1	none	single	Y	CollecTRI-curated	1.0
FOXA2	TAT	ENSG00000198650	Y	N	1	N	N	Y	1	none	single	Y	CollecTRI-curated	1.0
FOXA2	TPO	ENSG00000115705	Y	N	1	N	N	Y	1	none	single	Y	CollecTRI-curated	1.0
FOXA2	TTF1	ENSG00000125482	Y	N	1	N	N	Y	1	none	single	Y	CollecTRI-curated	1.0
FOXA2	IGF1	ENSG00000017427	Y	N	1	N	N	Y	1	none	single	Y	CollecTRI-curated	1.0
FOXA2	PCK1	ENSG00000124253	Y	N	1	N	N	Y	1	none	single	Y	CollecTRI-curated	1.0
FOXA2	HNF1A	ENSG00000135100	Y	N	1	N	N	Y	1	none	single	Y	CollecTRI-curated	1.0
FOXA2	SERPINC1	ENSG00000117601	N	Y	-1	N	N	Y	-1	none	single	Y	CollecTRI-curated	1.0
FOXA2	AGR2	ENSG00000106541	Y	N	1	N	N	Y	1	none	single	Y	CollecTRI-curated	1.0
FOXA2	CFTR	ENSG00000001626	N	Y	-1	N	N	Y	-1	none	single	Y	CollecTRI-curated	1.0
FOXA2	GFER	ENSG00000127554	Y	N	1	N	N	Y	1	none	single	Y	CollecTRI-curated	1.0
FOXA2	NKX2-1	ENSG00000136352	Y	N	1	N	N	Y	1	none	single	Y	CollecTRI-curated	1.0
FOXA2	NR5A2	ENSG00000116833	Y	N	1	N	N	Y	1	none	single	Y	CollecTRI-curated	1.0
FOXA2	PAX6	ENSG00000007372	N	Y	-1	N	N	Y	-1	none	single	Y	CollecTRI-curated	1.0
FOXA2	TFF1	ENSG00000160182	Y	N	1	N	N	Y	1	none	single	Y	CollecTRI-curated	1.0
FOXA2	GLI2	ENSG00000074047	Y	Y	unresolved	Y	N	N		unresolved-both-flagged	split-dual	N	CollecTRI-curated	
FOXA2	ABCA3	ENSG00000167972	Y	N	1	N	N	Y	1	none	single	Y	CollecTRI-curated	1.0
FOXA2	AFP	ENSG00000081051	Y	N	1	N	N	Y	1	none	single	Y	CollecTRI-curated	1.0
FOXA2	KCNJ11	ENSG00000187486	Y	N	1	N	N	Y	1	none	single	Y	CollecTRI-curated	1.0
FOXA2	ABCC8	ENSG00000006071	Y	N	1	N	N	Y	1	none	single	Y	CollecTRI-curated	1.0
FOXA2	FOXF1	ENSG00000103241	N	Y	-1	N	N	Y	-1	none	single	Y	CollecTRI-curated	1.0
FOXA2	EN1	ENSG00000163064	Y	N	1	N	N	Y	1	none	single	Y	CollecTRI-curated	1.0
FOXA2	NR4A2	ENSG00000153234	Y	N	1	N	N	Y	1	none	single	Y	CollecTRI-curated	1.0
FOXA2	NEUROG2	ENSG00000178403	Y	N	1	N	N	Y	1	none	single	Y	CollecTRI-curated	1.0
FOXA2	APOM	ENSG00000204444	Y	N	1	N	N	Y	1	none	single	Y	CollecTRI-curated	1.0
FOXA2	HOXB3	ENSG00000120093	Y	N	1	N	N	Y	1	none	single	Y	CollecTRI-curated	1.0
FOXA2	EPCAM	ENSG00000119888	Y	N	1	N	N	Y	1	none	single	Y	CollecTRI-curated	1.0
FOXA2	SOX9	ENSG00000125398	Y	N	1	N	N	Y	1	none	single	Y	CollecTRI-curated	1.0
FOXA2	ST18	ENSG00000147488	Y	Y	unresolved	Y	N	N		unresolved-both-flagged	split-dual	N	CollecTRI-curated	
FOXA2	ADORA2B	ENSG00000170425	Y	N	1	N	N	Y	1	none	single	Y	CollecTRI-curated	1.0
FOXA2	CYP2A13	ENSG00000197838	Y	Y	-1	Y	Y	Y	-1	none	split-dual	N	CollecTRI-curated	1.0
FOXA2	CADM1	ENSG00000182985	Y	N	1	N	N	Y	1	none	single	Y	CollecTRI-curated	1.0
FOXA2	ANO2	ENSG00000047617	Y	N	1	N	N	Y	1	none	single	Y	CollecTRI-curated	1.0
FOXA2	UGT2B17	ENSG00000197888	Y	N	1	N	N	Y	1	none	single	Y	CollecTRI-curated	1.0
FOXA2	NR0B2	ENSG00000131910	Y	N	1	N	N	Y	1	none	single	Y	CollecTRI-curated	1.0
FOXA2	SLC4A4	ENSG00000080493	Y	N	1	N	N	Y	1	none	single	Y	CollecTRI-curated	1.0
SOX9	MIA	ENSG00000261857	Y	N	1	N	N	Y	1	none	single	Y	CollecTRI-curated	1.0
SOX9	EPYC	ENSG00000083782	Y	Y	-1	Y	Y	Y	-1	none	split-dual	N	CollecTRI-curated	1.0
SOX9	ACAN	ENSG00000157766	Y	N	1	N	N	Y	1	none	single	Y	CollecTRI-curated	1.0
SOX9	COL2A1	ENSG00000139219	Y	Y	1	Y	Y	Y	1	none	split-dual	N	CollecTRI-curated	1.0
SOX9	COL9A2	ENSG00000049089	Y	N	1	N	N	Y	1	none	single	Y	CollecTRI-curated	1.0
SOX9	AMH	ENSG00000104899	Y	N	1	N	N	Y	1	none	single	Y	CollecTRI-curated	1.0
SOX9	CDH2	ENSG00000170558	Y	N	1	N	N	Y	1	none	single	Y	CollecTRI-curated	1.0
SOX9	SRY	ENSG00000184895	Y	Y	unresolved	Y	N	N		unresolved-both-flagged	split-dual	N	CollecTRI-curated	
SOX9	COL9A1	ENSG00000112280	Y	N	1	N	N	Y	1	none	single	Y	CollecTRI-curated	1.0
SOX9	CDX2	ENSG00000165556	N	Y	-1	N	N	Y	-1	none	single	Y	CollecTRI-curated	1.0
SOX9	MUC2	ENSG00000198788	N	Y	-1	N	N	Y	-1	none	single	Y	CollecTRI-curated	1.0
SOX9	VNN1	ENSG00000112299	Y	N	1	N	N	Y	1	none	single	Y	CollecTRI-curated	1.0
SOX9	COL11A2	ENSG00000204248	Y	N	1	N	N	Y	1	none	single	Y	CollecTRI-curated	1.0
SOX9	SOX2	ENSG00000181449	Y	Y	-1	Y	Y	Y	-1	none	split-dual	N	CollecTRI-curated	1.0
SOX9	ITGA10	ENSG00000143127	Y	N	1	N	N	Y	1	none	single	Y	CollecTRI-curated	1.0
SOX9	AR	ENSG00000169083	Y	N	1	N	N	Y	1	none	single	Y	CollecTRI-curated	1.0
SOX9	HPGDS	ENSG00000163106	Y	N	1	N	N	Y	1	none	single	Y	CollecTRI-curated	1.0
SOX9	COMP	ENSG00000105664	Y	N	1	N	N	Y	1	none	single	Y	CollecTRI-curated	1.0
SOX9	NR5A1	ENSG00000136931	Y	N	unresolved	N	N	N		unresolved-single-flag-no-consensus	single	Y	CollecTRI-curated	
SOX9	CLDN7	ENSG00000181885	N	Y	-1	N	N	Y	-1	none	single	Y	CollecTRI-curated	1.0
SOX9	CEACAM1	ENSG00000079385	Y	Y	-1	Y	Y	Y	-1	none	split-dual	N	CollecTRI-curated	1.0
SOX9	NES	ENSG00000132688	Y	N	1	N	N	Y	1	none	single	Y	CollecTRI-curated	1.0
SOX9	SOX10	ENSG00000100146	Y	Y	1	Y	Y	Y	1	none	split-dual	N	CollecTRI-curated	1.0
SOX9	CBLN4	ENSG00000054803	Y	N	1	N	N	Y	1	none	single	Y	CollecTRI-curated	1.0
SOX9	NKX3-2	ENSG00000109705	Y	N	unresolved	N	N	N		unresolved-single-flag-no-consensus	single	Y	CollecTRI-curated	
SOX9	RUNX2	ENSG00000124813	N	Y	-1	N	N	Y	-1	none	single	Y	CollecTRI-curated	1.0
SOX9	COL10A1	ENSG00000123500	N	Y	-1	N	N	Y	-1	none	single	Y	CollecTRI-curated	1.0
SOX9	RXFP2	ENSG00000133105	Y	N	1	N	N	Y	1	none	single	Y	CollecTRI-curated	1.0
SOX9	TFAP2E	ENSG00000116819	Y	N	1	N	N	Y	1	none	single	Y	CollecTRI-curated	1.0
SOX9	SGCA	ENSG00000108823	N	Y	-1	N	N	Y	-1	none	single	Y	CollecTRI-curated	1.0
SOX9	PTHLH	ENSG00000087494	Y	N	1	N	N	Y	1	none	single	Y	CollecTRI-curated	1.0
SOX9	PDX1	ENSG00000139515	Y	N	unresolved	N	N	N		unresolved-single-flag-no-consensus	single	Y	CollecTRI-curated	
SOX9	BEST1	ENSG00000167995	Y	N	1	N	N	Y	1	none	single	Y	CollecTRI-curated	1.0
SOX9	NTF3	ENSG00000185652	Y	N	1	N	N	Y	1	none	single	Y	CollecTRI-curated	1.0
SOX9	TCF21	ENSG00000118526	Y	N	1	N	N	Y	1	none	single	Y	CollecTRI-curated	1.0
SOX9	CYP26B1	ENSG00000003137	Y	N	1	N	N	Y	1	none	single	Y	CollecTRI-curated	1.0
SOX9	INS	ENSG00000254647	Y	N	1	N	N	Y	1	none	single	Y	CollecTRI-curated	1.0
SOX9	GCG	ENSG00000115263	N	Y	-1	N	N	Y	-1	none	single	Y	CollecTRI-curated	1.0
SOX9	XPO4	ENSG00000132953	Y	N	1	N	N	Y	1	none	single	Y	CollecTRI-curated	1.0
SOX9	SPP1	ENSG00000118785	N	Y	-1	N	N	Y	-1	none	single	Y	CollecTRI-curated	1.0
SOX9	ETV2	ENSG00000105672	Y	N	unresolved	N	N	N		unresolved-single-flag-no-consensus	single	Y	CollecTRI-curated	
SOX9	PAX3	ENSG00000135903	N	Y	-1	N	N	Y	-1	none	single	Y	CollecTRI-curated	1.0
SOX9	HAPLN1	ENSG00000145681	Y	N	1	N	N	Y	1	none	single	Y	CollecTRI-curated	1.0
SOX9	ADAM17	ENSG00000151694	Y	N	1	N	N	Y	1	none	single	Y	CollecTRI-curated	1.0
SOX9	MYOCD	ENSG00000141052	Y	N	1	N	N	Y	1	none	single	Y	CollecTRI-curated	1.0
SOX9	MATN1	ENSG00000162510	Y	N	1	N	N	Y	1	none	single	Y	CollecTRI-curated	1.0
SOX9	SLC6A19	ENSG00000174358	N	Y	-1	N	N	Y	-1	none	single	Y	CollecTRI-curated	1.0
SOX9	RGR	ENSG00000148604	Y	N	1	N	N	Y	1	none	single	Y	CollecTRI-curated	1.0
SOX9	RLBP1	ENSG00000140522	Y	N	1	N	N	Y	1	none	single	Y	CollecTRI-curated	1.0
SOX9	RPE65	ENSG00000116745	Y	N	1	N	N	Y	1	none	single	Y	CollecTRI-curated	1.0
SOX9	TUBB3	ENSG00000258947	Y	N	1	N	N	Y	1	none	single	Y	CollecTRI-curated	1.0
SOX9	CATSPER1	ENSG00000175294	Y	N	1	N	N	Y	1	none	single	Y	CollecTRI-curated	1.0
SOX9	DCC	ENSG00000187323	Y	N	1	N	N	Y	1	none	single	Y	CollecTRI-curated	1.0
SOX9	DCT	ENSG00000080166	Y	N	1	N	N	Y	1	none	single	Y	CollecTRI-curated	1.0
SOX9	MITF	ENSG00000187098	Y	N	1	N	N	Y	1	none	single	Y	CollecTRI-curated	1.0
SOX9	POU3F2	ENSG00000184486	N	Y	-1	N	N	Y	-1	none	single	Y	CollecTRI-curated	1.0
SOX9	PRAME	ENSG00000185686	N	Y	-1	N	N	Y	-1	none	single	Y	CollecTRI-curated	1.0
SOX9	SHH	ENSG00000164690	Y	N	1	N	N	Y	1	none	single	Y	CollecTRI-curated	1.0
SOX9	TYR	ENSG00000077498	Y	N	1	N	N	Y	1	none	single	Y	CollecTRI-curated	1.0
SOX9	NWD1	ENSG00000188039	Y	N	1	N	N	Y	1	none	single	Y	CollecTRI-curated	1.0
SOX9	HAND2	ENSG00000164107	Y	N	unresolved	N	N	N		unresolved-single-flag-no-consensus	single	Y	CollecTRI-curated	
SOX9	GLI2	ENSG00000074047	Y	N	1	N	N	Y	1	none	single	Y	CollecTRI-curated	1.0
SOX9	FGF9	ENSG00000102678	Y	N	1	N	N	Y	1	none	single	Y	CollecTRI-curated	1.0
SOX9	NEUROG3	ENSG00000122859	Y	N	1	N	N	Y	1	none	single	Y	CollecTRI-curated	1.0
SOX9	PHEX	ENSG00000102174	Y	N	1	N	N	Y	1	none	single	Y	CollecTRI-curated	1.0
SOX9	DMBT1	ENSG00000187908	Y	N	1	N	N	Y	1	none	single	Y	CollecTRI-curated	1.0
SOX9	GAS7	ENSG00000007237	Y	N	1	N	N	Y	1	none	single	Y	CollecTRI-curated	1.0
SOX9	LXN	ENSG00000079257	Y	N	1	N	N	Y	1	none	single	Y	CollecTRI-curated	1.0
SOX9	PIK3CA	ENSG00000121879	Y	Y	-1	Y	Y	Y	-1	none	split-dual	N	CollecTRI-curated	1.0
SOX9	GJB6	ENSG00000121742	Y	N	1	N	N	Y	1	none	single	Y	CollecTRI-curated	1.0
SOX9	MECOM	ENSG00000085276	Y	N	1	N	N	Y	1	none	single	Y	CollecTRI-curated	1.0
SOX9	LEF1	ENSG00000138795	Y	N	1	N	N	Y	1	none	single	Y	CollecTRI-curated	1.0
SOX9	PITX2	ENSG00000164093	Y	N	1	N	N	Y	1	none	single	Y	CollecTRI-curated	1.0
SOX9	PRELP	ENSG00000188783	Y	N	1	N	N	Y	1	none	single	Y	CollecTRI-curated	1.0
SOX9	TBX20	ENSG00000164532	Y	N	1	N	N	Y	1	none	single	Y	CollecTRI-curated	1.0
SOX9	BTN1A1	ENSG00000124557	Y	N	1	N	N	Y	1	none	single	Y	CollecTRI-curated	1.0
SOX9	BHLHE40	ENSG00000134107	Y	Y	unresolved	Y	N	N		unresolved-both-flagged	split-dual	N	CollecTRI-curated	
