task	target	target_role	model	cohort	stratum	contrast	model_formula	covariates	analytic_n	residual_df	n_POLE	n_MMRd	n_NSMP	n_p53abn	contrast_weights	coefficient	coefficient_SE	residual_SD	d	coefficient_t_CI_lo	coefficient_t_CI_hi	coefficient_boot_CI_lo	coefficient_boot_CI_hi	d_boot_CI_lo	d_boot_CI_hi	d_boot_SE	perm_p_raw	BH18_q_descriptive	wald_t_p_diagnostic	point_direction	n_boot_requested	n_boot_used	n_boot_failed	n_perm	deterministic_seed	permutation_seed	evaluability_status	evaluability_reason	c2_reconstruction_value	c2_reconstruction_abs_error	d_c2_reconstruction_abs_error	interpretation_state	interpretation_basis	meta_discovery_coefficient	meta_discovery_coefficient_SE	meta_discovery_residual_SD	meta_discovery_d	meta_discovery_boot_SE_d	meta_discovery_weight	meta_confirmatory_coefficient	meta_confirmatory_coefficient_SE	meta_confirmatory_residual_SD	meta_confirmatory_d	meta_confirmatory_boot_SE_d	meta_confirmatory_weight	meta_weight_fraction_discovery	meta_weight_fraction_confirmatory	meta_opposite_direction_flag
TASK_A_PERCLASS_C2	GATA2	PRIMARY_EXPLANATORY	TCGA_PRIMARY_CPE_N506	TCGA	PRIMARY_CPE	POLE_vs_NSMP	score ~ subtype + M4 + Aran_CPE + ESTIMATE_composition	M4|Aran_CPE|composition	506	499.0	49	148	146	163	[1.0,0.0,-1.0,0.0]	-5.366438071939792	1.4084604615272538	7.866733242530207	-0.6821685579634279	-8.133681736746473	-2.5991944071331123	-8.493837600632729	-2.33384575702553	-1.109059655899362	-0.29661207031378684	0.20421126745808946	0.0004997501249375312	0.0017991004497751122	0.00015621787014241165	NEGATIVE	2000	2000	0	2000	1167558531.0	1809042359.0	EVALUABLE		-4.35054624980171	0.0	1.1102230246251565e-16	SAME_DIRECTION_COMPATIBLE_BOTH_RESOLVED	same-fit model t CIs; direct PM; inherited |d_PM|>=0.50	NA	NA	NA	NA	NA	NA	NA	NA	NA	NA	NA	NA	NA	NA	NA
TASK_A_PERCLASS_C2	GATA2	PRIMARY_EXPLANATORY	TCGA_PRIMARY_CPE_N506	TCGA	PRIMARY_CPE	MMRd_vs_NSMP	score ~ subtype + M4 + Aran_CPE + ESTIMATE_composition	M4|Aran_CPE|composition	506	499.0	49	148	146	163	[0.0,1.0,-1.0,0.0]	-3.3346544276636267	0.9941125967561311	7.866733242530207	-0.423893161857245	-5.28781666446149	-1.3814921908657636	-5.260955711881158	-1.4311348516276725	-0.6844859030132928	-0.17951334252028472	0.13044086400109084	0.0009995002498750624	0.002570143499678732	0.0008559026499164469	NEGATIVE	2000	2000	0	2000	1167558531.0	1809042359.0	EVALUABLE		-4.35054624980171	0.0	1.1102230246251565e-16	SAME_DIRECTION_COMPATIBLE_BOTH_RESOLVED	same-fit model t CIs; direct PM; inherited |d_PM|>=0.50	NA	NA	NA	NA	NA	NA	NA	NA	NA	NA	NA	NA	NA	NA	NA
TASK_A_PERCLASS_C2	GATA2	PRIMARY_EXPLANATORY	TCGA_PRIMARY_CPE_N506	TCGA	PRIMARY_CPE	POLE_vs_MMRd	score ~ subtype + M4 + Aran_CPE + ESTIMATE_composition	M4|Aran_CPE|composition	506	499.0	49	148	146	163	[1.0,-1.0,0.0,0.0]	-2.0317836442761656	1.3156972589542515	7.866733242530207	-0.2582753961061829	-4.616772718585524	0.5532054300331923	-4.880652137624896	0.8269972201140836	-0.6411182755412012	0.10425008930596241	0.19017768816791739	0.12893553223388307	0.16577425572927823	0.123158359686519	NEGATIVE	2000	2000	0	2000	1167558531.0	1809042359.0	EVALUABLE		-4.35054624980171	0.0	1.1102230246251565e-16	SAME_DIRECTION_COMPATIBLE_BOTH_RESOLVED	same-fit model t CIs; direct PM; inherited |d_PM|>=0.50	NA	NA	NA	NA	NA	NA	NA	NA	NA	NA	NA	NA	NA	NA	NA
TASK_A_PERCLASS_C2	SOX9	PRIMARY_EXPLANATORY	TCGA_PRIMARY_CPE_N506	TCGA	PRIMARY_CPE	POLE_vs_NSMP	score ~ subtype + M4 + Aran_CPE + ESTIMATE_composition	M4|Aran_CPE|composition	506	499.0	49	148	146	163	[1.0,0.0,-1.0,0.0]	-5.557372616805481	1.4409956072803995	8.048453155611263	-0.6904895275349852	-8.388539038713436	-2.7262061948975274	-8.168036217886023	-2.9590969441866832	-1.0299940483155963	-0.370202552096514	0.17373168884359838	0.0004997501249375312	0.0017991004497751122	0.0001300183093458549	NEGATIVE	2000	2000	0	2000	2500216636.0	1906673213.0	EVALUABLE		-4.242428087949566	0.0	0.0	SAME_DIRECTION_COMPATIBLE_BOTH_RESOLVED	same-fit model t CIs; direct PM; inherited |d_PM|>=0.50	NA	NA	NA	NA	NA	NA	NA	NA	NA	NA	NA	NA	NA	NA	NA
TASK_A_PERCLASS_C2	SOX9	PRIMARY_EXPLANATORY	TCGA_PRIMARY_CPE_N506	TCGA	PRIMARY_CPE	MMRd_vs_NSMP	score ~ subtype + M4 + Aran_CPE + ESTIMATE_composition	M4|Aran_CPE|composition	506	499.0	49	148	146	163	[0.0,1.0,-1.0,0.0]	-2.927483559093651	1.0170763924138577	8.048453155611263	-0.36373244678111255	-4.925763440148885	-0.929203678038417	-4.965028330696115	-0.7595359443025247	-0.6275263636947145	-0.09346375071665247	0.13333964334326176	0.0024987506246876563	0.005622188905547227	0.004169336428072269	NEGATIVE	2000	2000	0	2000	2500216636.0	1906673213.0	EVALUABLE		-4.242428087949566	0.0	0.0	SAME_DIRECTION_COMPATIBLE_BOTH_RESOLVED	same-fit model t CIs; direct PM; inherited |d_PM|>=0.50	NA	NA	NA	NA	NA	NA	NA	NA	NA	NA	NA	NA	NA	NA	NA
TASK_A_PERCLASS_C2	SOX9	PRIMARY_EXPLANATORY	TCGA_PRIMARY_CPE_N506	TCGA	PRIMARY_CPE	POLE_vs_MMRd	score ~ subtype + M4 + Aran_CPE + ESTIMATE_composition	M4|Aran_CPE|composition	506	499.0	49	148	146	163	[1.0,-1.0,0.0,0.0]	-2.6298890577118303	1.3460895938875832	8.048453155611263	-0.3267570807538726	-5.274590845725447	0.014812730301786203	-5.046942246324603	-0.07164444610031545	-0.6357865305936402	-0.008978835151755528	0.1603255615921372	0.05897051474262868	0.08845577211394302	0.05129205270756353	NEGATIVE	2000	2000	0	2000	2500216636.0	1906673213.0	EVALUABLE		-4.242428087949566	0.0	0.0	SAME_DIRECTION_COMPATIBLE_BOTH_RESOLVED	same-fit model t CIs; direct PM; inherited |d_PM|>=0.50	NA	NA	NA	NA	NA	NA	NA	NA	NA	NA	NA	NA	NA	NA	NA
TASK_A_PERCLASS_C2	GATA2	PRIMARY_EXPLANATORY	TCGA_NOPURITY_N507	TCGA	NOPURITY	POLE_vs_NSMP	score ~ subtype + M4 + ESTIMATE_composition	M4|composition	507	501.0	49	148	147	163	[1.0,0.0,-1.0,0.0]	-5.360792692807583	1.409923524158611	7.879739129225473	-0.6803261637082285	-8.13088399420004	-2.5907013914151262	-8.432905333646627	-2.397922915237573	-1.1068090718617818	-0.3016432242474936	0.20660596480604995	0.0004997501249375312	0.0014992503748125937	0.0001611023762689957	NEGATIVE	2000	2000	0	2000	7188787.0	386256350.0	EVALUABLE		-4.247921749727046	0.0	0.0	SAME_DIRECTION_COMPATIBLE_BOTH_RESOLVED	same-fit model t CIs; direct PM; inherited |d_PM|>=0.50	NA	NA	NA	NA	NA	NA	NA	NA	NA	NA	NA	NA	NA	NA	NA
TASK_A_PERCLASS_C2	GATA2	PRIMARY_EXPLANATORY	TCGA_NOPURITY_N507	TCGA	NOPURITY	MMRd_vs_NSMP	score ~ subtype + M4 + ESTIMATE_composition	M4|composition	507	501.0	49	148	147	163	[0.0,1.0,-1.0,0.0]	-3.1350508066465084	0.9894606695018372	7.879739129225473	-0.397862258538331	-5.079054397403432	-1.191047215889585	-5.196641194521372	-1.254494794276478	-0.6695901489843171	-0.15859169409298163	0.1310324127107159	0.0014992503748125937	0.003855215249518098	0.0016261696086080108	NEGATIVE	2000	2000	0	2000	7188787.0	386256350.0	EVALUABLE		-4.247921749727046	0.0	0.0	SAME_DIRECTION_COMPATIBLE_BOTH_RESOLVED	same-fit model t CIs; direct PM; inherited |d_PM|>=0.50	NA	NA	NA	NA	NA	NA	NA	NA	NA	NA	NA	NA	NA	NA	NA
TASK_A_PERCLASS_C2	GATA2	PRIMARY_EXPLANATORY	TCGA_NOPURITY_N507	TCGA	NOPURITY	POLE_vs_MMRd	score ~ subtype + M4 + ESTIMATE_composition	M4|composition	507	501.0	49	148	147	163	[1.0,-1.0,0.0,0.0]	-2.2257418861610745	1.313916048461862	7.879739129225473	-0.2824639051698975	-4.807206309046117	0.3557225367239676	-5.219949026752248	0.6350686942412468	-0.6783729621244683	0.08033194875440451	0.18960760346296676	0.08445777111444278	0.1169415292353823	0.09089141723973086	NEGATIVE	2000	2000	0	2000	7188787.0	386256350.0	EVALUABLE		-4.247921749727046	0.0	0.0	SAME_DIRECTION_COMPATIBLE_BOTH_RESOLVED	same-fit model t CIs; direct PM; inherited |d_PM|>=0.50	NA	NA	NA	NA	NA	NA	NA	NA	NA	NA	NA	NA	NA	NA	NA
TASK_A_PERCLASS_C2	SOX9	PRIMARY_EXPLANATORY	TCGA_NOPURITY_N507	TCGA	NOPURITY	POLE_vs_NSMP	score ~ subtype + M4 + ESTIMATE_composition	M4|composition	507	501.0	49	148	147	163	[1.0,0.0,-1.0,0.0]	-5.587785374250028	1.4494448725560602	8.100614878917623	-0.6897976829873251	-8.435524676785246	-2.740046071714809	-8.122486856867681	-2.9425918995432796	-1.0122710540741722	-0.3612949132838641	0.16741211240163362	0.0004997501249375312	0.0014992503748125937	0.00013073135554629732	NEGATIVE	2000	2000	0	2000	214022156.0	1433516582.0	EVALUABLE		-4.123034660762284	0.0	0.0	SAME_DIRECTION_DISTINGUISHABLE_BELOW_MATERIALITY_FLOOR	same-fit model t CIs; direct PM; inherited |d_PM|>=0.50	NA	NA	NA	NA	NA	NA	NA	NA	NA	NA	NA	NA	NA	NA	NA
TASK_A_PERCLASS_C2	SOX9	PRIMARY_EXPLANATORY	TCGA_NOPURITY_N507	TCGA	NOPURITY	MMRd_vs_NSMP	score ~ subtype + M4 + ESTIMATE_composition	M4|composition	507	501.0	49	148	147	163	[0.0,1.0,-1.0,0.0]	-2.6582839472745396	1.0171960886042966	8.100614878917623	-0.32815829255047	-4.656779602231928	-0.6597882923171514	-4.662891699930689	-0.7443070922121067	-0.5907168005951898	-0.09235057456158276	0.12601799630533572	0.005497251374312844	0.012368815592203899	0.00923565095701778	NEGATIVE	2000	2000	0	2000	214022156.0	1433516582.0	EVALUABLE		-4.123034660762284	0.0	0.0	SAME_DIRECTION_DISTINGUISHABLE_BELOW_MATERIALITY_FLOOR	same-fit model t CIs; direct PM; inherited |d_PM|>=0.50	NA	NA	NA	NA	NA	NA	NA	NA	NA	NA	NA	NA	NA	NA	NA
TASK_A_PERCLASS_C2	SOX9	PRIMARY_EXPLANATORY	TCGA_NOPURITY_N507	TCGA	NOPURITY	POLE_vs_MMRd	score ~ subtype + M4 + ESTIMATE_composition	M4|composition	507	501.0	49	148	147	163	[1.0,-1.0,0.0,0.0]	-2.929501426975488	1.3507462261463214	8.100614878917623	-0.3616393904368551	-5.583326480124745	-0.27567637382623156	-5.255139728429908	-0.4980115360242642	-0.6617331340683037	-0.06110646216680571	0.15086691020873955	0.03298350824587706	0.05937031484257871	0.030567429271658078	NEGATIVE	2000	2000	0	2000	214022156.0	1433516582.0	EVALUABLE		-4.123034660762284	0.0	0.0	SAME_DIRECTION_DISTINGUISHABLE_BELOW_MATERIALITY_FLOOR	same-fit model t CIs; direct PM; inherited |d_PM|>=0.50	NA	NA	NA	NA	NA	NA	NA	NA	NA	NA	NA	NA	NA	NA	NA
TASK_A_PERCLASS_C2	GATA2	PRIMARY_EXPLANATORY	CPTAC_DISCOVERY_N95	CPTAC	DISCOVERY	POLE_vs_NSMP	score ~ subtype + M4 + ESTIMATE_composition	M4|composition	95	89.0	7	25	43	20	[1.0,0.0,-1.0,0.0]	-4.776284458026613	3.344434331252086	7.615835657923572	-0.6271517234037647	-11.421604236122041	1.8690353200688161	-11.772023269445901	1.6298813946506125	-1.642058252898356	0.22841027046067933	0.48122430655191534	0.13693153423288357	0.2593703148425787	0.15675450484233786	NEGATIVE	2000	1999	1	2000	3231228336.0	2247203417.0	EVALUABLE		-5.24735553596376	0.0	1.1102230246251565e-16	SAME_DIRECTION_POINT_ESTIMATES_UNRESOLVED	same-fit model t CIs; direct PM; inherited |d_PM|>=0.50	NA	NA	NA	NA	NA	NA	NA	NA	NA	NA	NA	NA	NA	NA	NA
TASK_A_PERCLASS_C2	GATA2	PRIMARY_EXPLANATORY	CPTAC_DISCOVERY_N95	CPTAC	DISCOVERY	MMRd_vs_NSMP	score ~ subtype + M4 + ESTIMATE_composition	M4|composition	95	89.0	7	25	43	20	[0.0,1.0,-1.0,0.0]	-5.718426613900908	2.2276599631502365	7.615835657923572	-0.7508600330616922	-10.144739510423374	-1.2921137173784407	-10.618450420273897	0.32958841709462655	-1.602245031456664	0.04462608681651139	0.4058152598924726	0.0029985007496251873	0.026986506746626684	0.011927538671248895	NEGATIVE	2000	1999	1	2000	3231228336.0	2247203417.0	EVALUABLE		-5.24735553596376	0.0	1.1102230246251565e-16	SAME_DIRECTION_POINT_ESTIMATES_UNRESOLVED	same-fit model t CIs; direct PM; inherited |d_PM|>=0.50	NA	NA	NA	NA	NA	NA	NA	NA	NA	NA	NA	NA	NA	NA	NA
TASK_A_PERCLASS_C2	GATA2	PRIMARY_EXPLANATORY	CPTAC_DISCOVERY_N95	CPTAC	DISCOVERY	POLE_vs_MMRd	score ~ subtype + M4 + ESTIMATE_composition	M4|composition	95	89.0	7	25	43	20	[1.0,-1.0,0.0,0.0]	0.9421421558742953	3.2638877106568764	7.615835657923572	0.1237083096579275	-5.543133202781238	7.427417514529829	-6.187224912187144	7.768505550854788	-0.8642187755212787	1.140585397081677	0.5008360235175576	0.7746126936531734	0.8201781462210072	0.7735155512942947	POSITIVE	2000	1999	1	2000	3231228336.0	2247203417.0	EVALUABLE		-5.24735553596376	0.0	1.1102230246251565e-16	SAME_DIRECTION_POINT_ESTIMATES_UNRESOLVED	same-fit model t CIs; direct PM; inherited |d_PM|>=0.50	NA	NA	NA	NA	NA	NA	NA	NA	NA	NA	NA	NA	NA	NA	NA
TASK_A_PERCLASS_C2	SOX9	PRIMARY_EXPLANATORY	CPTAC_DISCOVERY_N95	CPTAC	DISCOVERY	POLE_vs_NSMP	score ~ subtype + M4 + ESTIMATE_composition	M4|composition	95	89.0	7	25	43	20	[1.0,0.0,-1.0,0.0]	-9.028636028160708	3.0761594016032374	7.004928827953994	-1.2888976105125969	-15.140899235432329	-2.9163728208890873	-14.06388438748126	-3.4135113412908806	-2.166853296414537	-0.4876794951789811	0.4371602957518919	0.0024987506246876563	0.026986506746626684	0.004242696101886949	NEGATIVE	2000	1999	1	2000	3618081949.0	1748817277.0	EVALUABLE		-6.956713235468873	0.0	0.0	SAME_DIRECTION_COMPATIBLE_BOTH_RESOLVED	same-fit model t CIs; direct PM; inherited |d_PM|>=0.50	NA	NA	NA	NA	NA	NA	NA	NA	NA	NA	NA	NA	NA	NA	NA
TASK_A_PERCLASS_C2	SOX9	PRIMARY_EXPLANATORY	CPTAC_DISCOVERY_N95	CPTAC	DISCOVERY	MMRd_vs_NSMP	score ~ subtype + M4 + ESTIMATE_composition	M4|composition	95	89.0	7	25	43	20	[0.0,1.0,-1.0,0.0]	-4.884790442777039	2.0489674666909186	7.004928827953994	-0.6973361989466198	-8.95604515507324	-0.8135357304808384	-8.914695603904853	0.394688098022383	-1.3918463810960613	0.05867086075123728	0.3657869735610856	0.006496751624187906	0.038980509745127435	0.019248817985224202	NEGATIVE	2000	1999	1	2000	3618081949.0	1748817277.0	EVALUABLE		-6.956713235468873	0.0	0.0	SAME_DIRECTION_COMPATIBLE_BOTH_RESOLVED	same-fit model t CIs; direct PM; inherited |d_PM|>=0.50	NA	NA	NA	NA	NA	NA	NA	NA	NA	NA	NA	NA	NA	NA	NA
TASK_A_PERCLASS_C2	SOX9	PRIMARY_EXPLANATORY	CPTAC_DISCOVERY_N95	CPTAC	DISCOVERY	POLE_vs_MMRd	score ~ subtype + M4 + ESTIMATE_composition	M4|composition	95	89.0	7	25	43	20	[1.0,-1.0,0.0,0.0]	-4.143845585383669	3.0020738553881436	7.004928827953994	-0.591561411565977	-10.10890239038461	1.8212112196172718	-8.697380124401917	1.1387450181925864	-1.3294101705559722	0.1665976696453035	0.38574300146021606	0.1729135432283858	0.2593703148425787	0.1709429736819202	NEGATIVE	2000	1999	1	2000	3618081949.0	1748817277.0	EVALUABLE		-6.956713235468873	0.0	0.0	SAME_DIRECTION_COMPATIBLE_BOTH_RESOLVED	same-fit model t CIs; direct PM; inherited |d_PM|>=0.50	NA	NA	NA	NA	NA	NA	NA	NA	NA	NA	NA	NA	NA	NA	NA
TASK_A_PERCLASS_C2	GATA2	PRIMARY_EXPLANATORY	CPTAC_CONFIRMATORY_N135	CPTAC	CONFIRMATORY	POLE_vs_NSMP	score ~ subtype + M4 + ESTIMATE_composition	M4|composition	135	129.0	6	47	66	16	[1.0,0.0,-1.0,0.0]	-10.508078623545487	3.216135179163374	7.386162784162957	-1.4226708685701304	-16.871280843428252	-4.144876403662721	-16.051262597576066	-4.8082975648078214	-2.253073708074811	-0.6411598032542816	0.4281748439237291	0.0004997501249375312	0.008995502248875561	0.0013914617853960781	NEGATIVE	2000	1999	1	2000	3872043607.0	1419486221.0	EVALUABLE		-7.376312639906118	0.0	0.0	SAME_DIRECTION_COMPATIBLE_BOTH_RESOLVED	same-fit model t CIs; direct PM; inherited |d_PM|>=0.50	NA	NA	NA	NA	NA	NA	NA	NA	NA	NA	NA	NA	NA	NA	NA
TASK_A_PERCLASS_C2	GATA2	PRIMARY_EXPLANATORY	CPTAC_CONFIRMATORY_N135	CPTAC	CONFIRMATORY	MMRd_vs_NSMP	score ~ subtype + M4 + ESTIMATE_composition	M4|composition	135	129.0	6	47	66	16	[0.0,1.0,-1.0,0.0]	-4.244546656266749	1.6387035639238108	7.386162784162957	-0.5746619429194947	-7.486761791764354	-1.0023315207691441	-7.4547076875718945	-1.0540376826016897	-1.0628635374228652	-0.14749846242125927	0.23853599282503182	0.0034982508745627187	0.012593703148425789	0.010695463777687216	NEGATIVE	2000	1999	1	2000	3872043607.0	1419486221.0	EVALUABLE		-7.376312639906118	0.0	0.0	SAME_DIRECTION_COMPATIBLE_BOTH_RESOLVED	same-fit model t CIs; direct PM; inherited |d_PM|>=0.50	NA	NA	NA	NA	NA	NA	NA	NA	NA	NA	NA	NA	NA	NA	NA
TASK_A_PERCLASS_C2	GATA2	PRIMARY_EXPLANATORY	CPTAC_CONFIRMATORY_N135	CPTAC	CONFIRMATORY	POLE_vs_MMRd	score ~ subtype + M4 + ESTIMATE_composition	M4|composition	135	129.0	6	47	66	16	[1.0,-1.0,0.0,0.0]	-6.2635319672787375	3.2151819011673113	7.386162784162957	-0.8480089256506357	-12.624848103299104	0.09778416874163032	-12.042565483664479	0.2515177956147097	-1.6799162967407104	0.03178927998917292	0.42844586941998297	0.0559720139930035	0.16791604197901053	0.05357319370346145	NEGATIVE	2000	1999	1	2000	3872043607.0	1419486221.0	EVALUABLE		-7.376312639906118	0.0	0.0	SAME_DIRECTION_COMPATIBLE_BOTH_RESOLVED	same-fit model t CIs; direct PM; inherited |d_PM|>=0.50	NA	NA	NA	NA	NA	NA	NA	NA	NA	NA	NA	NA	NA	NA	NA
TASK_A_PERCLASS_C2	SOX9	PRIMARY_EXPLANATORY	CPTAC_CONFIRMATORY_N135	CPTAC	CONFIRMATORY	POLE_vs_NSMP	score ~ subtype + M4 + ESTIMATE_composition	M4|composition	135	129.0	6	47	66	16	[1.0,0.0,-1.0,0.0]	-5.233059695973267	3.189431264026598	7.3248346828279844	-0.7144270038259593	-11.543427565739538	1.0773081737930035	-12.100823261411877	2.091600670532705	-1.7560599931011158	0.3017982811735521	0.5183027481563862	0.10494752623688156	0.2098950524737631	0.10328536124187748	NEGATIVE	2000	1994	6	2000	1124237530.0	1020038580.0	EVALUABLE		-4.693946151949211	0.0	1.1102230246251565e-16	SAME_DIRECTION_POINT_ESTIMATES_UNRESOLVED	same-fit model t CIs; direct PM; inherited |d_PM|>=0.50	NA	NA	NA	NA	NA	NA	NA	NA	NA	NA	NA	NA	NA	NA	NA
TASK_A_PERCLASS_C2	SOX9	PRIMARY_EXPLANATORY	CPTAC_CONFIRMATORY_N135	CPTAC	CONFIRMATORY	MMRd_vs_NSMP	score ~ subtype + M4 + ESTIMATE_composition	M4|composition	135	129.0	6	47	66	16	[0.0,1.0,-1.0,0.0]	-4.1548326079251545	1.6250972325765258	7.3248346828279844	-0.5672254443729029	-7.370127283612974	-0.939537932237335	-7.3163334499795445	-0.945474957512365	-1.0921153911592996	-0.12919995904919182	0.24312820517783743	0.0034982508745627187	0.012593703148425789	0.011726453388369234	NEGATIVE	2000	1994	6	2000	1124237530.0	1020038580.0	EVALUABLE		-4.693946151949211	0.0	1.1102230246251565e-16	SAME_DIRECTION_POINT_ESTIMATES_UNRESOLVED	same-fit model t CIs; direct PM; inherited |d_PM|>=0.50	NA	NA	NA	NA	NA	NA	NA	NA	NA	NA	NA	NA	NA	NA	NA
TASK_A_PERCLASS_C2	SOX9	PRIMARY_EXPLANATORY	CPTAC_CONFIRMATORY_N135	CPTAC	CONFIRMATORY	POLE_vs_MMRd	score ~ subtype + M4 + ESTIMATE_composition	M4|composition	135	129.0	6	47	66	16	[1.0,-1.0,0.0,0.0]	-1.0782270880481128	3.18848590119992	7.3248346828279844	-0.14720155945305638	-7.386724534308467	5.230270358212241	-8.035077038096183	6.417419369600876	-1.1467354296859396	0.8924465222583968	0.5197182432552646	0.7491254372813593	0.8185907046476762	0.7357902843079343	NEGATIVE	2000	1994	6	2000	1124237530.0	1020038580.0	EVALUABLE		-4.693946151949211	0.0	1.1102230246251565e-16	SAME_DIRECTION_POINT_ESTIMATES_UNRESOLVED	same-fit model t CIs; direct PM; inherited |d_PM|>=0.50	NA	NA	NA	NA	NA	NA	NA	NA	NA	NA	NA	NA	NA	NA	NA
TASK_A_PERCLASS_C2	GATA2	PRIMARY_EXPLANATORY	CPTAC_FIXED_EFFECT_META	CPTAC	DISCOVERY_PLUS_CONFIRMATORY_FE	POLE_vs_NSMP	CPTAC inverse-bootstrap-variance fixed-effect meta on standardized d	stratum-specific M4|composition	230	NA	13	72	109	36	[1.0,0.0,-1.0,0.0]	NA	NA	NA	-1.0711602288477375	NA	NA	NA	NA	-1.6981313629204728	-0.44418909477500235	0.31988323166976285	0.0008122166123789822	0.0073099495114108395	NA	NEGATIVE	2000	1999	2	0	NA	NA	EVALUABLE		-0.8890319061451143	0.04349846546229319	0.04349846546229319	CPTAC_META_SAME_DIRECTION_COMPATIBLE_BOTH_RESOLVED	contrast-specific CPTAC FE d and normal CIs; direct FE PM	-4.776284458026613	3.344434331252086	7.615835657923572	-0.6271517234037647	0.48122430655191534	4.318221240488502	-10.508078623545487	3.216135179163374	7.386162784162957	-1.4226708685701304	0.4281748439237291	5.4545346356512505	0.44186320575462934	0.5581367942453707	False
TASK_A_PERCLASS_C2	GATA2	PRIMARY_EXPLANATORY	CPTAC_FIXED_EFFECT_META	CPTAC	DISCOVERY_PLUS_CONFIRMATORY_FE	MMRd_vs_NSMP	CPTAC inverse-bootstrap-variance fixed-effect meta on standardized d	stratum-specific M4|composition	230	NA	13	72	109	36	[0.0,1.0,-1.0,0.0]	NA	NA	NA	-0.6199066525179047	NA	NA	NA	NA	-1.0229648416481991	-0.2168484633876102	0.20564193322974209	0.00257407152596932	0.008145453942437573	NA	NEGATIVE	2000	1999	2	0	NA	NA	EVALUABLE		-0.8890319061451143	0.04349846546229319	0.04349846546229319	CPTAC_META_SAME_DIRECTION_COMPATIBLE_BOTH_RESOLVED	contrast-specific CPTAC FE d and normal CIs; direct FE PM	-5.718426613900908	2.2276599631502365	7.615835657923572	-0.7508600330616922	0.4058152598924726	6.072160640338297	-4.244546656266749	1.6387035639238108	7.386162784162957	-0.5746619429194947	0.23853599282503182	17.574871628420702	0.25678320100913726	0.7432167989908628	False
TASK_A_PERCLASS_C2	GATA2	PRIMARY_EXPLANATORY	CPTAC_FIXED_EFFECT_META	CPTAC	DISCOVERY_PLUS_CONFIRMATORY_FE	POLE_vs_MMRd	CPTAC inverse-bootstrap-variance fixed-effect meta on standardized d	stratum-specific M4|composition	230	NA	13	72	109	36	[1.0,-1.0,0.0,0.0]	NA	NA	NA	-0.4373895626964306	NA	NA	NA	NA	-1.075508141963025	0.20072901657016373	0.32557070370744606	0.1791247147737236	0.23894558655261824	NA	NEGATIVE	2000	1999	2	0	NA	NA	EVALUABLE		-0.8890319061451143	0.04349846546229319	0.04349846546229319	CPTAC_META_SAME_DIRECTION_COMPATIBLE_BOTH_RESOLVED	contrast-specific CPTAC FE d and normal CIs; direct FE PM	0.9421421558742953	3.2638877106568764	7.615835657923572	0.1237083096579275	0.5008360235175576	3.9866570979767655	-6.2635319672787375	3.2151819011673113	7.386162784162957	-0.8480089256506357	0.42844586941998297	5.4476359794329445	0.42257083442984866	0.5774291655701514	True
TASK_A_PERCLASS_C2	SOX9	PRIMARY_EXPLANATORY	CPTAC_FIXED_EFFECT_META	CPTAC	DISCOVERY_PLUS_CONFIRMATORY_FE	POLE_vs_NSMP	CPTAC inverse-bootstrap-variance fixed-effect meta on standardized d	stratum-specific M4|composition	230	NA	13	72	109	36	[1.0,0.0,-1.0,0.0]	NA	NA	NA	-1.050099734192495	NA	NA	NA	NA	-1.705068977994828	-0.3951304903901619	0.33416798153180255	0.0016755135339900885	0.007539810902955398	NA	NEGATIVE	2000	1994	7	0	NA	NA	EVALUABLE		-0.7939939408612448	0.03460271563237616	0.03460271563237616	CPTAC_META_SAME_DIRECTION_COMPATIBLE_BOTH_RESOLVED	contrast-specific CPTAC FE d and normal CIs; direct FE PM	-9.028636028160708	3.0761594016032374	7.004928827953994	-1.2888976105125969	0.4371602957518919	5.2326125415565405	-5.233059695973267	3.189431264026598	7.3248346828279844	-0.7144270038259593	0.5183027481563862	3.722485175263444	0.5843166324950697	0.4156833675049303	False
TASK_A_PERCLASS_C2	SOX9	PRIMARY_EXPLANATORY	CPTAC_FIXED_EFFECT_META	CPTAC	DISCOVERY_PLUS_CONFIRMATORY_FE	MMRd_vs_NSMP	CPTAC inverse-bootstrap-variance fixed-effect meta on standardized d	stratum-specific M4|composition	230	NA	13	72	109	36	[0.0,1.0,-1.0,0.0]	NA	NA	NA	-0.6070935787947469	NA	NA	NA	NA	-1.0039566288617774	-0.21023052872771636	0.20248114799338293	0.0027151513141458576	0.008145453942437573	NA	NEGATIVE	2000	1994	7	0	NA	NA	EVALUABLE		-0.7939939408612448	0.03460271563237616	0.03460271563237616	CPTAC_META_SAME_DIRECTION_COMPATIBLE_BOTH_RESOLVED	contrast-specific CPTAC FE d and normal CIs; direct FE PM	-4.884790442777039	2.0489674666909186	7.004928827953994	-0.6973361989466198	0.3657869735610856	7.473835408643299	-4.1548326079251545	1.6250972325765258	7.3248346828279844	-0.5672254443729029	0.24312820517783743	16.917232261820438	0.3064169026800622	0.6935830973199377	False
TASK_A_PERCLASS_C2	SOX9	PRIMARY_EXPLANATORY	CPTAC_FIXED_EFFECT_META	CPTAC	DISCOVERY_PLUS_CONFIRMATORY_FE	POLE_vs_MMRd	CPTAC inverse-bootstrap-variance fixed-effect meta on standardized d	stratum-specific M4|composition	230	NA	13	72	109	36	[1.0,-1.0,0.0,0.0]	NA	NA	NA	-0.43372191931544635	NA	NA	NA	NA	-1.0408278339619983	0.1733839953311057	0.30974791563599596	0.16144098014052566	0.23894558655261824	NA	NEGATIVE	2000	1994	7	0	NA	NA	EVALUABLE		-0.7939939408612448	0.03460271563237616	0.03460271563237616	CPTAC_META_SAME_DIRECTION_COMPATIBLE_BOTH_RESOLVED	contrast-specific CPTAC FE d and normal CIs; direct FE PM	-4.143845585383669	3.0020738553881436	7.004928827953994	-0.591561411565977	0.38574300146021606	6.720535649947018	-1.0782270880481128	3.18848590119992	7.3248346828279844	-0.14720155945305638	0.5197182432552646	3.702235803238175	0.6447935350144539	0.35520646498554603	False
