TF	contrast	D	D_ci_lo	D_ci_hi	D_ci_excludes_0	perm_p	BH_q_F3	e_X	e_X_ci_lo	e_X_ci_hi	e_X_ci_excludes_0	cond_i_absD_ge_0p5	cond_ii_bootCI_excl0	cond_iii_permF3_q_le_0p05	cond_iv_direction	verdict
DLX5	C1	0.06041228811165856	-0.1350758700511676	0.2771269782130599	False	0.5467266366816592	0.6074740407573991	-0.9479119184494093	-1.1902747147429968	-0.7158349177374829	True	False	False	False	True	no discordance (criteria not met)
DLX5	C2	-0.3863432846401097	-0.6725788310447527	-0.12955168822882807	True	0.0034982508745627187	0.012346767792574301	-0.00785860758595676	-0.22155974977737514	0.20508237672402085	False	False	True	True	False	no discordance (criteria not met)
DLX5	C3	0.002732123247823195	-0.34223597065686906	0.34353358903913395	False	0.9885057471264368	0.9885057471264368	-0.22995263608909416	-0.5489709945345321	0.0662359333436528	False	False	False	False	False	no discordance (criteria not met)
EMX2	C1	0.057747425623539156	-0.15012185801275715	0.2658994830802397	False	0.5727136431784108	0.6141572071107303	-0.09486953360031875	-0.3143027119854225	0.12211212574409754	False	False	False	False	False	no discordance (criteria not met)
EMX2	C2	0.32727033565690716	0.08194257048778944	0.6126826546764401	True	0.004497751124437781	0.014203424603487728	-0.284136382008517	-0.5366285512957374	-0.055383844898779205	True	False	True	True	False	no discordance (criteria not met)
EMX2	C3	0.19910724610910668	-0.12902522195673272	0.5229095610935711	False	0.22288855572213892	0.35666377337646965	-0.03660779501481119	-0.3962222123882682	0.275250614169279	False	False	False	False	False	no discordance (criteria not met)
FOXA2	C1	0.12539923257991448	-0.07486186257201774	0.34263297500869666	False	0.20739630184907545	0.35666377337646965	-1.391809073790277	-1.6982879095294117	-1.1260558095095414	True	False	False	False	True	no discordance (criteria not met)
FOXA2	C2	-0.4375275438444283	-0.7221325919016304	-0.1763912423777366	True	0.0009995002498750624	0.005997001499250375	0.20874086227994754	-0.05161852572938143	0.46389823467225183	False	False	True	True	False	no discordance (criteria not met)
FOXA2	C3	-0.5180144320046056	-0.8582071690621299	-0.20829976481894502	True	0.0024987506246876563	0.011532695190866107	0.160399180578344	-0.1577994800148185	0.4730053117691517	False	True	True	True	False	regulon activity unexplained by TF abundance
GATA2	C1	-0.08665898524678634	-0.2942226042397439	0.12236105765572405	False	0.40729635182408797	0.4791721786165741	0.11986918484838832	-0.0983555195465833	0.35350151832574284	False	False	False	False	False	no discordance (criteria not met)
GATA2	C2	-0.5081479667807078	-0.8025366257505576	-0.24640788557659152	True	0.0004997501249375312	0.0033316674995835416	-0.2750554599036855	-0.519536115380453	-0.04062423348713492	True	True	True	True	False	regulon activity unexplained by TF abundance
GATA2	C3	-0.20349267006205518	-0.5737890721402387	0.14609660312582326	False	0.22338830584707647	0.35666377337646965	-0.3011955584361532	-0.6171291684183122	0.01223616905040211	False	False	False	False	False	no discordance (criteria not met)
GATA3	C1	-0.10415226749359395	-0.3092642329075062	0.10929694092787295	False	0.29035482258870565	0.4128168473902583	0.18928779850650634	-0.0317449846651087	0.4349357506188814	False	False	False	False	False	no discordance (criteria not met)
GATA3	C2	-0.1792374361267564	-0.44035297128592277	0.08028773662739688	False	0.13143428285857073	0.26286856571714146	0.10630817441423127	-0.15130883830174166	0.36461604639845635	False	False	False	False	False	no discordance (criteria not met)
GATA3	C3	-0.1728321356842423	-0.5381382464095069	0.19217440804380082	False	0.2958520739630185	0.4128168473902583	0.05697779587348958	-0.18485545561301026	0.31526430935219907	False	False	False	False	False	no discordance (criteria not met)
HOXA10	C1	0.2845377242317403	0.0937425804921833	0.49907740862821925	True	0.0074962518740629685	0.020444323292899004	-0.43621145313480886	-0.6569330212971944	-0.22231453438256815	True	False	True	True	False	no discordance (criteria not met)
HOXA10	C2	-0.16007867805104742	-0.4254286055503513	0.10944408807782567	False	0.16591704147926037	0.3016673481441098	0.42916529601488546	0.18219024037803747	0.6961347895237613	True	False	False	False	False	no discordance (criteria not met)
HOXA10	C3	-0.19784195881417174	-0.5576672529375252	0.16574513596209808	False	0.2383808095952024	0.3667397070695421	-0.39949030126348656	-0.7213919888665444	-0.10242122245440904	True	False	False	False	False	no discordance (criteria not met)
HOXA11	C1	-0.08896418240722224	-0.3033410756441205	0.13250728198253198	False	0.37031484257871067	0.44437781109445285	-0.6084543702810158	-0.8450041579880777	-0.38145225453116804	True	False	False	False	False	no discordance (criteria not met)
HOXA11	C2	-0.4442158858190109	-0.6972776906623422	-0.20735371398426675	True	0.0004997501249375312	0.0033316674995835416	0.27588460521841024	0.035863490244808095	0.5140958629212609	True	False	True	True	False	no discordance (criteria not met)
HOXA11	C3	-0.06968209315527954	-0.3906174702687651	0.24687351033975244	False	0.671664167916042	0.6948250012924573	-0.3403629453460629	-0.646334702824753	-0.04115916379171461	True	False	False	False	False	no discordance (criteria not met)
HOXA13	C1	0.19733547629346312	-0.0038412483188203636	0.41293012629106196	False	0.051974012993503245	0.1199400299850075	0.1672838594153102	-0.05488335744842232	0.3826335349881536	False	False	False	False	False	no discordance (criteria not met)
HOXA13	C2	-0.4833628220707664	-0.7550868868625898	-0.21134842032644466	True	0.0004997501249375312	0.0033316674995835416	0.039400765731633126	-0.16910678860183015	0.24588967119131236	False	False	True	True	False	no discordance (criteria not met)
HOXA13	C3	0.0936067826504922	-0.2274280565480052	0.411849638246143	False	0.5732133933033483	0.6141572071107303	-0.08920795262812314	-0.38307931631951375	0.24187444208112296	False	False	False	False	False	no discordance (criteria not met)
HOXA9	C1	-0.29636728725933653	-0.502322969899859	-0.10556213253985221	True	0.0034982508745627187	0.012346767792574301	-0.1554654998189741	-0.37709100565553866	0.06628468346959884	False	False	True	True	False	no discordance (criteria not met)
HOXA9	C2	-0.6438070814940863	-0.9220894624621482	-0.38443217229538795	True	0.0004997501249375312	0.0033316674995835416	0.4046380991409801	0.14613803271765596	0.6710934521917697	True	True	True	True	False	regulon activity unexplained by TF abundance
HOXA9	C3	-0.23962873816941183	-0.5756680062311482	0.09028789679765385	False	0.14492753623188406	0.2805049088359046	-0.33984180099029987	-0.6685764542159377	-0.014261630309163359	True	False	False	False	False	no discordance (criteria not met)
LHX1	C1	0.8030993055553425	0.5756016227719768	1.0436295558099242	True	0.0004997501249375312	0.0033316674995835416	0.6592446510007739	0.40112951092603966	0.925608156072043	True	True	True	True	False	regulon activity unexplained by TF abundance
LHX1	C2	-0.2500008457688747	-0.48345090381112127	-0.016444942615299267	True	0.03248375812093953	0.07796101949025487	-0.11665988703900236	-0.31623387354278304	0.08397241621114783	False	False	True	False	False	no discordance (criteria not met)
LHX1	C3	-0.07990972223269602	-0.34562852556290596	0.20123030993962465	False	0.6051974012993503	0.6370498961045793	0.05681774989634134	-0.17588417958236208	0.33872187840171714	False	False	False	False	False	no discordance (criteria not met)
MSX1	C1	-0.2587929377502183	-0.4684257907121549	-0.04809846142927434	True	0.010994502748625687	0.02868131151815397	-0.8215011870566371	-1.0889520069696572	-0.5703345559815179	True	False	True	True	False	no discordance (criteria not met)
MSX1	C2	-0.3749129171550254	-0.641480833503113	-0.1075526700400393	True	0.0024987506246876563	0.011532695190866107	0.01243939872595784	-0.23674042175108456	0.27508402257557163	False	False	True	True	False	no discordance (criteria not met)
MSX1	C3	-0.12055392930788318	-0.4452416542000334	0.20821295784850286	False	0.45177411294352826	0.5170999405957399	-0.5302490756908936	-0.916706084073689	-0.1575151007158669	True	False	False	False	False	no discordance (criteria not met)
MSX2	C1	-0.26493954558805943	-0.47869841325278256	-0.044149344013769874	True	0.0074962518740629685	0.020444323292899004	-0.7223577829805058	-0.9542012142001199	-0.5095427704323663	True	False	True	True	False	no discordance (criteria not met)
MSX2	C2	-0.11959965434910798	-0.39245109745548684	0.13375531815172365	False	0.3248375812093953	0.424893936010718	0.021547182787880145	-0.21910534381700117	0.26796143586006665	False	False	False	False	False	no discordance (criteria not met)
MSX2	C3	-0.34985119294124145	-0.7299627151912387	0.015003504312914258	False	0.029985007496251874	0.07496251874062969	0.2973331120051018	-0.03345725425560974	0.6495065714513557	False	False	False	False	False	no discordance (criteria not met)
PAX2	C1	-0.09133829733986518	-0.3120539249149947	0.12144246444158795	False	0.35782108945527236	0.44437781109445285	0.4183852876810196	0.20584073156803528	0.6393147382100692	True	False	False	False	False	no discordance (criteria not met)
PAX2	C2	-0.11656112868727074	-0.36337895018777394	0.13088167258550382	False	0.31784107946026985	0.424893936010718	0.1894214954693007	-0.06191457388985703	0.4438248217573782	False	False	False	False	False	no discordance (criteria not met)
PAX2	C3	0.16129326948085293	-0.1753994483782466	0.4967269313144486	False	0.3328335832083958	0.424893936010718	-0.06981040783613786	-0.34513755056560763	0.2128849034275357	False	False	False	False	False	no discordance (criteria not met)
PAX8	C1	0.6298784140682705	0.4215310147239135	0.8571776617711513	True	0.0004997501249375312	0.0033316674995835416	0.41202119275561516	0.233858033935013	0.5971272790587603	True	True	True	True	False	regulon activity unexplained by TF abundance
PAX8	C2	-0.3278110376539625	-0.6056411211322263	-0.057278396099021016	True	0.005497251374312844	0.01649175412293853	0.4736401134040994	0.22050971981038206	0.7379926651311798	True	False	True	True	False	no discordance (criteria not met)
PAX8	C3	-0.17903340923761363	-0.5165530586241721	0.15130044017170055	False	0.2933533233383308	0.4128168473902583	0.22401196667242232	-0.09277321110878366	0.5224432652424906	False	False	False	False	False	no discordance (criteria not met)
SALL1	C1	0.2951612065371109	0.08013582945302479	0.5097011041986157	True	0.004497751124437781	0.014203424603487728	-0.7512078192289844	-1.009224753309754	-0.5140562798140553	True	False	True	True	True	no discordance (criteria not met)
SALL1	C2	0.10902911328008319	-0.14610191289958427	0.3688512426567133	False	0.36531734132933535	0.44437781109445285	0.22265572227178132	-0.03543223865613201	0.4756977674441818	False	False	False	False	False	no discordance (criteria not met)
SALL1	C3	-0.28966468502529125	-0.6103463595462693	0.04773816999055437	False	0.0879560219890055	0.18847718997644036	0.011596409024168697	-0.34276619644741346	0.3402816664333767	False	False	False	False	False	no discordance (criteria not met)
SIX1	C1	-0.3684376167273462	-0.584788258449992	-0.14257560232678754	True	0.0004997501249375312	0.0033316674995835416	0.31116967546213603	0.09070433562332379	0.5277919120573947	True	False	True	True	False	no discordance (criteria not met)
SIX1	C2	-0.3436273706543795	-0.6252326793411416	-0.09091676426344782	True	0.0034982508745627187	0.012346767792574301	-0.01538502449961122	-0.27160235226450974	0.23481264097758503	False	False	True	True	False	no discordance (criteria not met)
SIX1	C3	-0.015460377564902414	-0.3757775337612147	0.3375971796562565	False	0.9170414792603698	0.9325845551800371	0.05798315703094249	-0.2744931678529563	0.3777740301477282	False	False	False	False	False	no discordance (criteria not met)
SOX17	C1	-0.19154677477812435	-0.40424051809865924	0.022244563937135142	False	0.063968015992004	0.14215114664889777	-0.28908586410634846	-0.5310306544411882	-0.07780090425026223	True	False	False	False	False	no discordance (criteria not met)
SOX17	C2	-0.09031392978971155	-0.3525889505778701	0.15683198494054396	False	0.4567716141929036	0.5170999405957399	-0.014017995877050262	-0.2893653896957099	0.26515561337793964	False	False	False	False	False	no discordance (criteria not met)
SOX17	C3	-0.4886799619974194	-0.8321817505463849	-0.16050632507819676	True	0.0034982508745627187	0.012346767792574301	0.1011615100065647	-0.25864890608077323	0.44466882692614496	False	False	True	True	False	no discordance (criteria not met)
SOX9	C1	0.12445618669079478	-0.08729889206949835	0.33322052481066344	False	0.22588705647176413	0.35666377337646965	-0.26246359173822953	-0.4892456248619944	-0.027279928235490705	True	False	False	False	False	no discordance (criteria not met)
SOX9	C2	-0.5016526645632121	-0.7666581445403219	-0.24500104772595827	True	0.0004997501249375312	0.0033316674995835416	-0.19013986261625912	-0.44228108903534025	0.046863895728799426	False	True	True	True	False	regulon activity unexplained by TF abundance
SOX9	C3	-0.270675830447688	-0.5817292864084319	0.038867315729796625	False	0.10044977511244378	0.20782712092229746	-0.3530620623781117	-0.7319480848559894	0.0012183772477438368	False	False	False	False	False	no discordance (criteria not met)
TBX18	C1	-0.3995703808921605	-0.6068474662780047	-0.20020929823882183	True	0.0014992503748125937	0.0081777293171596	-0.6271288594182637	-0.8675238180835705	-0.4054764995826364	True	False	True	True	False	no discordance (criteria not met)
TBX18	C2	0.1283714450104077	-0.13739563373659666	0.3944150262381609	False	0.2863568215892054	0.4128168473902583	-0.05849394672870834	-0.31821981586430514	0.2241875501127177	False	False	False	False	False	no discordance (criteria not met)
TBX18	C3	0.24276901985622718	-0.09363003553410408	0.59066474408402	False	0.15592203898050974	0.29235382308845576	-0.04113445489571569	-0.3931605231930976	0.3208501302657391	False	False	False	False	False	no discordance (criteria not met)
WT1	C1	-0.12071480807734224	-0.33876441609277835	0.08294553920906025	False	0.21639180409795103	0.35666377337646965	0.8906575347827599	0.6850302078399253	1.1199318216943417	True	False	False	False	True	no discordance (criteria not met)
WT1	C2	-0.5869879740042876	-0.8493219295734997	-0.3308669386061614	True	0.0004997501249375312	0.0033316674995835416	-0.3263169688811081	-0.527757391589128	-0.13561596913147755	True	True	True	True	False	regulon activity unexplained by TF abundance
WT1	C3	-0.1678429933128289	-0.5459442085919628	0.1776091617919248	False	0.3258370814592704	0.424893936010718	-0.10330266278878679	-0.29866818985737686	0.1019558377743344	False	False	False	False	False	no discordance (criteria not met)
