command_id	start_utc	end_utc	exit_status	cwd	command	stdout_sha256	stderr_sha256	meta_path
0001	2026-07-23T10:34:12Z	2026-07-23T10:34:12Z	0	data/external/original-workspace/revgate-task-b-grade-histology	chmod 0555 experiments/taskB_grade_histology/phase2_execution_cycle6/audit_exec.sh	e3b0c44298fc1c149afbf4c8996fb92427ae41e4649b934ca495991b7852b855	e3b0c44298fc1c149afbf4c8996fb92427ae41e4649b934ca495991b7852b855	audit/commands/0001.meta
0002	2026-07-23T10:34:18Z	2026-07-23T10:34:18Z	0	data/external/original-workspace/revgate-task-b-grade-histology	sed -n 1\,240p docs/reference/STATE.md	b1c4bdcdc89e39fa91c2ea0027b0fa227b3166188fdb5cc11ad7a614dc687d9e	e3b0c44298fc1c149afbf4c8996fb92427ae41e4649b934ca495991b7852b855	audit/commands/0002.meta
0003	2026-07-23T10:34:25Z	2026-07-23T10:34:25Z	0	data/external/original-workspace/revgate-task-b-grade-histology	sed -n 1\,280p docs/reference/RISKS.md	41768cc6da32c0a82b54227bc011e3d4307f719d7386129cd819aab87d37774f	e3b0c44298fc1c149afbf4c8996fb92427ae41e4649b934ca495991b7852b855	audit/commands/0003.meta
0004	2026-07-23T10:34:32Z	2026-07-23T10:34:32Z	0	data/external/original-workspace/revgate-task-b-grade-histology	wc -l docs/reference/RISKS.md	372a4a8cb0c28c270772d204e591258c93a941697c7cbcadf8b77003b943a24e	e3b0c44298fc1c149afbf4c8996fb92427ae41e4649b934ca495991b7852b855	audit/commands/0004.meta
0005	2026-07-23T10:34:35Z	2026-07-23T10:34:35Z	0	data/external/original-workspace/revgate-task-b-grade-histology	sed -n 281\,340p docs/reference/RISKS.md	3c3dc670e0b5e8c27c0d61a8ceeca92ccff7597bf55b185a84908896eb8abc37	e3b0c44298fc1c149afbf4c8996fb92427ae41e4649b934ca495991b7852b855	audit/commands/0005.meta
0006	2026-07-23T10:34:39Z	2026-07-23T10:34:39Z	0	data/external/original-workspace/revgate-task-b-grade-histology	sed -n 1\,320p docs/agents/reference/ANTI_FABRICATION_DOCTRINE.md	4430221036fbd48942a5ff88a4721885ee539e61b6d653aa51a9d7b8422165b3	e3b0c44298fc1c149afbf4c8996fb92427ae41e4649b934ca495991b7852b855	audit/commands/0006.meta
0007	2026-07-23T10:34:44Z	2026-07-23T10:34:44Z	0	data/external/original-workspace/revgate-task-b-grade-histology	sed -n 1\,320p docs/reference/FINDINGS_REGISTRY.md	344cad4c3fd47fbcb80c1cc87adb36a0391d1177cf5a1eca8b9aa8b868af2074	e3b0c44298fc1c149afbf4c8996fb92427ae41e4649b934ca495991b7852b855	audit/commands/0007.meta
0008	2026-07-23T10:34:47Z	2026-07-23T10:34:47Z	0	data/external/original-workspace/revgate-task-b-grade-histology	wc -l docs/reference/FINDINGS_REGISTRY.md	3956174e8f66f91a76ed2b2a3dcc74f8d34cd8ea6df9c15b1a43a5234b401f45	e3b0c44298fc1c149afbf4c8996fb92427ae41e4649b934ca495991b7852b855	audit/commands/0008.meta
0009	2026-07-23T10:34:51Z	2026-07-23T10:34:51Z	0	data/external/original-workspace/revgate-task-b-grade-histology	sed -n 321\,560p docs/reference/FINDINGS_REGISTRY.md	7f7fad55ce92bc6fe7a8bcc1e8270ac2205d9b678fac86805be4c62a5d1834da	e3b0c44298fc1c149afbf4c8996fb92427ae41e4649b934ca495991b7852b855	audit/commands/0009.meta
0010	2026-07-23T10:34:56Z	2026-07-23T10:34:56Z	0	data/external/original-workspace/revgate-task-b-grade-histology	rg --files experiments/taskB_grade_histology/phase1_critic experiments/taskB_grade_histology/phase2_freeze	2ebcd9b3352a00c4302d91ea486387bf41d8188f2d413e23a92fc27916fd7a8f	e3b0c44298fc1c149afbf4c8996fb92427ae41e4649b934ca495991b7852b855	audit/commands/0010.meta
0011	2026-07-23T10:35:07Z	2026-07-23T10:35:07Z	0	data/external/original-workspace/revgate-task-b-grade-histology	sed -n 1\,320p experiments/taskB_grade_histology/phase1_critic/VALIDATION_REPORT_PHASE1.md	1b83bae3d188db5e844c1786f3d5773c0e2c183d8a050d5c0f575b8c6eeadbcf	e3b0c44298fc1c149afbf4c8996fb92427ae41e4649b934ca495991b7852b855	audit/commands/0011.meta
0012	2026-07-23T10:35:12Z	2026-07-23T10:35:12Z	0	data/external/original-workspace/revgate-task-b-grade-histology	sed -n 1\,360p experiments/taskB_grade_histology/phase2_freeze/PHASE2_ANALYSIS_CHARTER.md	195aa495733a5a3ace0e3bda8ce3a11db8eff588477f16d10fe9eb9c868d1950	e3b0c44298fc1c149afbf4c8996fb92427ae41e4649b934ca495991b7852b855	audit/commands/0012.meta
0013	2026-07-23T10:35:18Z	2026-07-23T10:35:18Z	0	data/external/original-workspace/revgate-task-b-grade-histology	python3 -m json.tool experiments/taskB_grade_histology/phase2_freeze/PHASE2_FROZEN_SPEC.json	1956d0dec2e46d6fce9457ee03223dd8d6bff3810ebc598a00f9f103f4292ec6	e3b0c44298fc1c149afbf4c8996fb92427ae41e4649b934ca495991b7852b855	audit/commands/0013.meta
0014	2026-07-23T10:35:22Z	2026-07-23T10:35:22Z	0	data/external/original-workspace/revgate-task-b-grade-histology	sed -n 1\,260p experiments/taskB_grade_histology/phase2_freeze/PHASE2_FREEZE_SHA256SUMS.txt	cb3017f9b76bee0fe19166ee0b94b2e2a11abadca6101b1d9e75dda171681093	e3b0c44298fc1c149afbf4c8996fb92427ae41e4649b934ca495991b7852b855	audit/commands/0014.meta
0015	2026-07-23T10:35:26Z	2026-07-23T10:35:26Z	0	data/external/original-workspace/revgate-task-b-grade-histology	sed -n 1\,260p experiments/taskB_grade_histology/phase2_freeze/PHASE2_INPUT_HASHES.tsv	20a6b6335854e0f6a220b808668241370db6d496f0de38033569e079dd5c5c3f	e3b0c44298fc1c149afbf4c8996fb92427ae41e4649b934ca495991b7852b855	audit/commands/0015.meta
0016	2026-07-23T10:35:30Z	2026-07-23T10:35:30Z	0	data/external/original-workspace/revgate-task-b-grade-histology	sed -n 1\,260p experiments/taskB_grade_histology/phase2_freeze/PHASE2_RESEARCH_ACCESS_LOG.tsv	163af9e1bc2c472f9a9835e546b44a60fdfffd71c44897231549ad4bfe5bb07a	e3b0c44298fc1c149afbf4c8996fb92427ae41e4649b934ca495991b7852b855	audit/commands/0016.meta
0017	2026-07-23T10:35:42Z	2026-07-23T10:35:42Z	0	data/external/original-workspace/revgate-task-b-grade-histology	find experiments/taskB_grade_histology/phase2_execution_cycle5 -maxdepth 2 -type f -printf %p\\n	d693b6ac7c9a0a8c7aa7a78fc3485c98c874fbe2fff1b77f8a4d0dc0e5007517	e3b0c44298fc1c149afbf4c8996fb92427ae41e4649b934ca495991b7852b855	audit/commands/0017.meta
0018	2026-07-23T10:35:48Z	2026-07-23T10:35:48Z	0	data/external/original-workspace/revgate-task-b-grade-histology	sed -n 1\,320p experiments/taskB_grade_histology/phase2_execution_cycle5/FAILURE_REPORT.md	1ce232bfd005a41daeba8a72e88d685139049dafdd46185d61a4d37a9652551c	e3b0c44298fc1c149afbf4c8996fb92427ae41e4649b934ca495991b7852b855	audit/commands/0018.meta
0019	2026-07-23T10:35:51Z	2026-07-23T10:35:51Z	0	data/external/original-workspace/revgate-task-b-grade-histology	python3 -m json.tool experiments/taskB_grade_histology/phase2_execution_cycle5/REPRODUCIBILITY_MANIFEST.json	a16930c6e7af77556734667ded4a45551170019b8cdedc30ebe4d72521ceb4c1	e3b0c44298fc1c149afbf4c8996fb92427ae41e4649b934ca495991b7852b855	audit/commands/0019.meta
0020	2026-07-23T10:35:55Z	2026-07-23T10:35:55Z	0	data/external/original-workspace/revgate-task-b-grade-histology	sed -n 1\,320p experiments/taskB_grade_histology/phase2_execution_cycle5/ENVIRONMENT.txt	9d5c3a45068685cc80f481a675296729df6d4d4e8244960307dcc41add31a57b	e3b0c44298fc1c149afbf4c8996fb92427ae41e4649b934ca495991b7852b855	audit/commands/0020.meta
0021	2026-07-23T10:35:59Z	2026-07-23T10:35:59Z	0	data/external/original-workspace/revgate-task-b-grade-histology	python3 -m json.tool experiments/taskB_grade_histology/phase2_execution_cycle5/EXECUTION_CONFIG.json	774e2a2d62e699c3365a8f0cb185a464960c14b644b47035e2bfdc6c9ab89fa8	e3b0c44298fc1c149afbf4c8996fb92427ae41e4649b934ca495991b7852b855	audit/commands/0021.meta
0022	2026-07-23T10:36:03Z	2026-07-23T10:36:03Z	0	data/external/original-workspace/revgate-task-b-grade-histology	python3 -m json.tool experiments/taskB_grade_histology/phase2_execution_cycle5/PRE_OUTCOME_EXECUTION_SEAL.json	6aa5f224ad1565f80a99bce46cb53f71dd7c26a6608de6629310cf3052629b5c	e3b0c44298fc1c149afbf4c8996fb92427ae41e4649b934ca495991b7852b855	audit/commands/0022.meta
0023	2026-07-23T10:36:12Z	2026-07-23T10:36:12Z	0	data/external/original-workspace/revgate-task-b-grade-histology	wc -l experiments/taskB_grade_histology/phase2_execution_cycle5/run_phase2.py	53cf3ca37f1abd70031b21aab4d49e47386417e4afae356b1dd2fed651553cf1	e3b0c44298fc1c149afbf4c8996fb92427ae41e4649b934ca495991b7852b855	audit/commands/0023.meta
0024	2026-07-23T10:36:18Z	2026-07-23T10:36:18Z	0	data/external/original-workspace/revgate-task-b-grade-histology	sed -n 1\,280p experiments/taskB_grade_histology/phase2_execution_cycle5/run_phase2.py	15b957cd206f4c5c3a3ce041f0968b97cd862f0d65d9c0f6af663bb9375f70f3	e3b0c44298fc1c149afbf4c8996fb92427ae41e4649b934ca495991b7852b855	audit/commands/0024.meta
0025	2026-07-23T10:36:50Z	2026-07-23T10:36:50Z	0	data/external/original-workspace/revgate-task-b-grade-histology	cp experiments/taskB_grade_histology/phase2_execution_cycle5/run_phase2.py experiments/taskB_grade_histology/phase2_execution_cycle6/run_phase2.py	e3b0c44298fc1c149afbf4c8996fb92427ae41e4649b934ca495991b7852b855	e3b0c44298fc1c149afbf4c8996fb92427ae41e4649b934ca495991b7852b855	audit/commands/0025.meta
0026	2026-07-23T10:36:55Z	2026-07-23T10:36:55Z	0	data/external/original-workspace/revgate-task-b-grade-histology	cp experiments/taskB_grade_histology/phase2_execution_cycle5/EXECUTION_CONFIG.json experiments/taskB_grade_histology/phase2_execution_cycle6/EXECUTION_CONFIG.json	e3b0c44298fc1c149afbf4c8996fb92427ae41e4649b934ca495991b7852b855	e3b0c44298fc1c149afbf4c8996fb92427ae41e4649b934ca495991b7852b855	audit/commands/0026.meta
0027	2026-07-23T10:38:10Z	2026-07-23T10:38:10Z	0	data/external/original-workspace/revgate-task-b-grade-histology	ls -l experiments/taskB_grade_histology/phase2_execution_cycle6/run_phase2.py experiments/taskB_grade_histology/phase2_execution_cycle6/EXECUTION_CONFIG.json	fb379e51674bba55b90744a701ae01c035c02831ec544f7d2affb5ee9f38a28a	e3b0c44298fc1c149afbf4c8996fb92427ae41e4649b934ca495991b7852b855	audit/commands/0027.meta
0028	2026-07-23T10:38:15Z	2026-07-23T10:38:15Z	0	data/external/original-workspace/revgate-task-b-grade-histology	chmod 0644 experiments/taskB_grade_histology/phase2_execution_cycle6/run_phase2.py experiments/taskB_grade_histology/phase2_execution_cycle6/EXECUTION_CONFIG.json	e3b0c44298fc1c149afbf4c8996fb92427ae41e4649b934ca495991b7852b855	e3b0c44298fc1c149afbf4c8996fb92427ae41e4649b934ca495991b7852b855	audit/commands/0028.meta
0029	2026-07-23T10:38:58Z	2026-07-23T10:38:58Z	0	data/external/original-workspace/revgate-task-b-grade-histology	sha256sum data/external/original-workspace/task028-freeze-b-draft/sealed_v3/B2_MODEL_SPEC.md data/external/original-workspace/task028-freeze-b-draft/execution/scripts_v3/model_engine.py	b73ecac40df01fd00a2a70a4557d71cb013384f50b9c30045e7afde6e20b83d9	e3b0c44298fc1c149afbf4c8996fb92427ae41e4649b934ca495991b7852b855	audit/commands/0029.meta
0030	2026-07-23T10:39:03Z	2026-07-23T10:39:03Z	0	data/external/original-workspace/revgate-task-b-grade-histology	rg -n -i GATA2\|SOX9\|HOXA9\|WT1\|PAX8\|LHX1\|expected\|result\|manuscript\|task030\|task_a\|task-a data/external/original-workspace/task028-freeze-b-draft/execution/scripts_v3/model_engine.py	daa706eb2e3d025ebae1f36a8de7ef4f6a88a1679380aa3fa8a4c4633abf6617	e3b0c44298fc1c149afbf4c8996fb92427ae41e4649b934ca495991b7852b855	audit/commands/0030.meta
0031	2026-07-23T10:39:10Z	2026-07-23T10:39:10Z	0	data/external/original-workspace/revgate-task-b-grade-histology	wc -l data/external/original-workspace/task028-freeze-b-draft/sealed_v3/B2_MODEL_SPEC.md data/external/original-workspace/task028-freeze-b-draft/execution/scripts_v3/model_engine.py	36e374cca6b9d33d4916707ebdbf20238c865a790e365fd627f90af0808de067	e3b0c44298fc1c149afbf4c8996fb92427ae41e4649b934ca495991b7852b855	audit/commands/0031.meta
0032	2026-07-23T10:39:14Z	2026-07-23T10:39:14Z	0	data/external/original-workspace/revgate-task-b-grade-histology	sed -n 1\,300p data/external/original-workspace/task028-freeze-b-draft/sealed_v3/B2_MODEL_SPEC.md	682099a03923778d170ff4bd46e8b475405419fe1fadb3259ce4c2e75b43f2c1	e3b0c44298fc1c149afbf4c8996fb92427ae41e4649b934ca495991b7852b855	audit/commands/0032.meta
0033	2026-07-23T10:39:21Z	2026-07-23T10:39:21Z	0	data/external/original-workspace/revgate-task-b-grade-histology	sed -n 1\,280p data/external/original-workspace/task028-freeze-b-draft/execution/scripts_v3/model_engine.py	4d7bfb997c9dc188daf9e584a791ff490dfcfdd7fa365c20bca8a2c066f42065	e3b0c44298fc1c149afbf4c8996fb92427ae41e4649b934ca495991b7852b855	audit/commands/0033.meta
0034	2026-07-23T10:39:31Z	2026-07-23T10:39:31Z	0	data/external/original-workspace/revgate-task-b-grade-histology	command -v strace	23286ed50aa98c76f0d133a8f6038b3fb75b72e91168592887316173b0a01fc2	e3b0c44298fc1c149afbf4c8996fb92427ae41e4649b934ca495991b7852b855	audit/commands/0034.meta
0035	2026-07-23T10:39:37Z	2026-07-23T10:39:37Z	0	data/external/original-workspace/revgate-task-b-grade-histology	command -v bwrap	a4d836bbc701cc2edf11414a1dca7105edec73a6e3bb5878b78c7986f51648d2	e3b0c44298fc1c149afbf4c8996fb92427ae41e4649b934ca495991b7852b855	audit/commands/0035.meta
0036	2026-07-23T10:39:48Z	2026-07-23T10:41:35Z	137	data/external/original-workspace/revgate-task-b-grade-histology	strace -f -qq -e trace=%file\,%network -o experiments/taskB_grade_histology/phase2_execution_cycle6/PRESEAL_SYNTHETIC_OPEN_TRACE.log bwrap --unshare-net --ro-bind / / --dev /dev --proc /proc --tmpfs /tmp /usr/bin/python3 experiments/taskB_grade_histology/phase2_execution_cycle6/run_phase2.py --synthetic-test	7a471ae504c761f8ef556fc3694b45e92b0925b02fa3e4af7122743e3ac7c97d	e3b0c44298fc1c149afbf4c8996fb92427ae41e4649b934ca495991b7852b855	audit/commands/0036.meta
0037	2026-07-23T10:41:14Z	2026-07-23T10:41:14Z	0	data/external/original-workspace/revgate-task-b-grade-histology	ps -eo pid\,ppid\,stat\,cmd	0c74a2527066ef75a32b66e63f15a4ae981029d92af8196a0d30ba805c5aa27b	e3b0c44298fc1c149afbf4c8996fb92427ae41e4649b934ca495991b7852b855	audit/commands/0037.meta
0038	2026-07-23T10:41:19Z	2026-07-23T10:41:19Z	0	data/external/original-workspace/revgate-task-b-grade-histology	kill -TERM 776091	e3b0c44298fc1c149afbf4c8996fb92427ae41e4649b934ca495991b7852b855	e3b0c44298fc1c149afbf4c8996fb92427ae41e4649b934ca495991b7852b855	audit/commands/0038.meta
0039	2026-07-23T10:41:31Z	2026-07-23T10:41:31Z	0	data/external/original-workspace/revgate-task-b-grade-histology	ps -o pid\,ppid\,stat\,cmd -p 776076\,776091\,776092\,776093	0c31094d895ef1b51b59c1eca30bbdc83d92300582d02812d44bccf3453326a5	e3b0c44298fc1c149afbf4c8996fb92427ae41e4649b934ca495991b7852b855	audit/commands/0039.meta
0040	2026-07-23T10:41:35Z	2026-07-23T10:41:35Z	0	data/external/original-workspace/revgate-task-b-grade-histology	kill -KILL 776091	e3b0c44298fc1c149afbf4c8996fb92427ae41e4649b934ca495991b7852b855	e3b0c44298fc1c149afbf4c8996fb92427ae41e4649b934ca495991b7852b855	audit/commands/0040.meta
0041	2026-07-23T10:42:00Z	2026-07-23T10:42:00Z	0	data/external/original-workspace/revgate-task-b-grade-histology	chmod 0555 experiments/taskB_grade_histology/phase2_execution_cycle6/trace_exec.sh	e3b0c44298fc1c149afbf4c8996fb92427ae41e4649b934ca495991b7852b855	e3b0c44298fc1c149afbf4c8996fb92427ae41e4649b934ca495991b7852b855	audit/commands/0041.meta
0042	2026-07-23T10:42:06Z	2026-07-23T10:43:59Z	137	data/external/original-workspace/revgate-task-b-grade-histology	experiments/taskB_grade_histology/phase2_execution_cycle6/trace_exec.sh experiments/taskB_grade_histology/phase2_execution_cycle6/PRESEAL_SYNTHETIC_OPEN_TRACE_CLEAN.log experiments/taskB_grade_histology/phase2_execution_cycle6/PRESEAL_SYNTHETIC.stdout experiments/taskB_grade_histology/phase2_execution_cycle6/PRESEAL_SYNTHETIC.stderr bwrap --unshare-net --ro-bind / / --dev /dev --proc /proc --tmpfs /tmp /usr/bin/python3 experiments/taskB_grade_histology/phase2_execution_cycle6/run_phase2.py --synthetic-test	e3b0c44298fc1c149afbf4c8996fb92427ae41e4649b934ca495991b7852b855	e3b0c44298fc1c149afbf4c8996fb92427ae41e4649b934ca495991b7852b855	audit/commands/0042.meta
0043	2026-07-23T10:43:52Z	2026-07-23T10:43:52Z	0	data/external/original-workspace/revgate-task-b-grade-histology	ps -eo pid\,ppid\,stat\,etime\,cmd	fef9a03b893757c1a582908464779ad9bcb1fe171c1a8ea9294531f84412dc3d	e3b0c44298fc1c149afbf4c8996fb92427ae41e4649b934ca495991b7852b855	audit/commands/0043.meta
0044	2026-07-23T10:43:59Z	2026-07-23T10:43:59Z	0	data/external/original-workspace/revgate-task-b-grade-histology	kill -KILL 776649	e3b0c44298fc1c149afbf4c8996fb92427ae41e4649b934ca495991b7852b855	e3b0c44298fc1c149afbf4c8996fb92427ae41e4649b934ca495991b7852b855	audit/commands/0044.meta
0045	2026-07-23T10:44:06Z	2026-07-23T10:44:06Z	0	data/external/original-workspace/revgate-task-b-grade-histology	chmod 0644 experiments/taskB_grade_histology/phase2_execution_cycle6/audit_exec.sh	e3b0c44298fc1c149afbf4c8996fb92427ae41e4649b934ca495991b7852b855	e3b0c44298fc1c149afbf4c8996fb92427ae41e4649b934ca495991b7852b855	audit/commands/0045.meta
0046	2026-07-23T10:44:35Z	2026-07-23T10:44:35Z	0	data/external/original-workspace/revgate-task-b-grade-histology	chmod 0555 experiments/taskB_grade_histology/phase2_execution_cycle6/audit_exec.sh	e3b0c44298fc1c149afbf4c8996fb92427ae41e4649b934ca495991b7852b855	e3b0c44298fc1c149afbf4c8996fb92427ae41e4649b934ca495991b7852b855	audit/commands/0046.meta
0047	2026-07-23T10:44:42Z	2026-07-23T10:44:44Z	0	data/external/original-workspace/revgate-task-b-grade-histology	experiments/taskB_grade_histology/phase2_execution_cycle6/trace_exec.sh experiments/taskB_grade_histology/phase2_execution_cycle6/PRESEAL_SYNTHETIC_OPEN_TRACE_SUCCESS.log experiments/taskB_grade_histology/phase2_execution_cycle6/PRESEAL_SYNTHETIC_SUCCESS.stdout experiments/taskB_grade_histology/phase2_execution_cycle6/PRESEAL_SYNTHETIC_SUCCESS.stderr bwrap --unshare-net --ro-bind / / --dev /dev --proc /proc --tmpfs /tmp /usr/bin/python3 experiments/taskB_grade_histology/phase2_execution_cycle6/run_phase2.py --synthetic-test	e3b0c44298fc1c149afbf4c8996fb92427ae41e4649b934ca495991b7852b855	e3b0c44298fc1c149afbf4c8996fb92427ae41e4649b934ca495991b7852b855	audit/commands/0047.meta
0048	2026-07-23T10:44:49Z	2026-07-23T10:44:49Z	0	data/external/original-workspace/revgate-task-b-grade-histology	sed -n 1\,80p experiments/taskB_grade_histology/phase2_execution_cycle6/PRESEAL_SYNTHETIC_SUCCESS.stdout	7a471ae504c761f8ef556fc3694b45e92b0925b02fa3e4af7122743e3ac7c97d	e3b0c44298fc1c149afbf4c8996fb92427ae41e4649b934ca495991b7852b855	audit/commands/0048.meta
0049	2026-07-23T10:44:55Z	2026-07-23T10:44:55Z	0	data/external/original-workspace/revgate-task-b-grade-histology	wc -l experiments/taskB_grade_histology/phase2_execution_cycle6/PRESEAL_SYNTHETIC_OPEN_TRACE_SUCCESS.log experiments/taskB_grade_histology/phase2_execution_cycle6/PRESEAL_SYNTHETIC_SUCCESS.stderr	2a9187d6ce09d6b3038c7afa1f7122442d4bbfe5d3fc061daffcb291b26c9abe	e3b0c44298fc1c149afbf4c8996fb92427ae41e4649b934ca495991b7852b855	audit/commands/0049.meta
0050	2026-07-23T10:45:00Z	2026-07-23T10:45:00Z	1	data/external/original-workspace/revgate-task-b-grade-histology	rg -n -i scores_v3\|covariates_v3\|patient_order_v3\|task030\|task-030\|task_a\|task-a\|/results\|manuscript\|\\.docx\|\\.pdf\|figure experiments/taskB_grade_histology/phase2_execution_cycle6/PRESEAL_SYNTHETIC_OPEN_TRACE_SUCCESS.log	e3b0c44298fc1c149afbf4c8996fb92427ae41e4649b934ca495991b7852b855	e3b0c44298fc1c149afbf4c8996fb92427ae41e4649b934ca495991b7852b855	audit/commands/0050.meta
0051	2026-07-23T10:45:21Z	2026-07-23T10:45:21Z	0	data/external/original-workspace/revgate-task-b-grade-histology	git rev-parse HEAD	3dee692d55d07cc53be196c7efc93bf81f7989c3c354e55b90978da4fc28f7ca	e3b0c44298fc1c149afbf4c8996fb92427ae41e4649b934ca495991b7852b855	audit/commands/0051.meta
0052	2026-07-23T10:45:26Z	2026-07-23T10:45:26Z	0	data/external/original-workspace/revgate-task-b-grade-histology	git branch --show-current	0d84a14c279e9d786630d22888c89f897a8031d3d35e478455f4660b778c2a88	e3b0c44298fc1c149afbf4c8996fb92427ae41e4649b934ca495991b7852b855	audit/commands/0052.meta
0053	2026-07-23T10:47:04Z	2026-07-23T10:47:05Z	0	data/external/original-workspace/revgate-task-b-grade-histology	/usr/bin/python3 experiments/taskB_grade_histology/phase2_execution_cycle6/prepare_seal.py	a5e165b2805b6d64eb0250c42e97f4b5ecff03a2bec6aa25e838d612c637f7b7	e3b0c44298fc1c149afbf4c8996fb92427ae41e4649b934ca495991b7852b855	audit/commands/0053.meta
0054	2026-07-23T10:47:13Z	2026-07-23T10:47:13Z	0	data/external/original-workspace/revgate-task-b-grade-histology	chmod 0444 experiments/taskB_grade_histology/phase2_execution_cycle6/run_phase2.py experiments/taskB_grade_histology/phase2_execution_cycle6/EXECUTION_CONFIG.json experiments/taskB_grade_histology/phase2_execution_cycle6/prepare_seal.py experiments/taskB_grade_histology/phase2_execution_cycle6/PRE_OUTCOME_EXECUTION_SEAL.json experiments/taskB_grade_histology/phase2_execution_cycle6/INPUT_ACCESS_ALLOWLIST.tsv	e3b0c44298fc1c149afbf4c8996fb92427ae41e4649b934ca495991b7852b855	e3b0c44298fc1c149afbf4c8996fb92427ae41e4649b934ca495991b7852b855	audit/commands/0054.meta
0055	2026-07-23T10:47:18Z	2026-07-23T10:47:18Z	0	data/external/original-workspace/revgate-task-b-grade-histology	sha256sum experiments/taskB_grade_histology/phase2_execution_cycle6/run_phase2.py experiments/taskB_grade_histology/phase2_execution_cycle6/EXECUTION_CONFIG.json experiments/taskB_grade_histology/phase2_execution_cycle6/PRE_OUTCOME_EXECUTION_SEAL.json experiments/taskB_grade_histology/phase2_execution_cycle6/INPUT_ACCESS_ALLOWLIST.tsv experiments/taskB_grade_histology/phase2_execution_cycle6/STATIC_ACCESS_SCAN.json	8d374d798303477057bd9a2dcf44972b6208e4cea2cee8d711649410e55d4f81	e3b0c44298fc1c149afbf4c8996fb92427ae41e4649b934ca495991b7852b855	audit/commands/0055.meta
0056	2026-07-23T10:47:53Z	2026-07-23T10:49:00Z	0	data/external/original-workspace/revgate-task-b-grade-histology	experiments/taskB_grade_histology/phase2_execution_cycle6/trace_exec.sh experiments/taskB_grade_histology/phase2_execution_cycle6/POSTSEAL_RUN1_OPEN_TRACE.log experiments/taskB_grade_histology/phase2_execution_cycle6/POSTSEAL_RUN1.stdout experiments/taskB_grade_histology/phase2_execution_cycle6/POSTSEAL_RUN1.stderr /usr/bin/bwrap --unshare-net --ro-bind / / --dev /dev --proc /proc --tmpfs /tmp --bind data/external/original-workspace/revgate-task-b-grade-histology/experiments/taskB_grade_histology/phase2_execution_cycle6 data/external/original-workspace/revgate-task-b-grade-histology/experiments/taskB_grade_histology/phase2_execution_cycle6 /usr/bin/env -i PYTHONHASHSEED=0 OPENBLAS_NUM_THREADS=1 OMP_NUM_THREADS=1 MKL_NUM_THREADS=1 /usr/bin/python3 data/external/original-workspace/revgate-task-b-grade-histology/experiments/taskB_grade_histology/phase2_execution_cycle6/run_phase2.py --config data/external/original-workspace/revgate-task-b-grade-histology/experiments/taskB_grade_histology/phase2_execution_cycle6/EXECUTION_CONFIG.json --output data/external/original-workspace/revgate-task-b-grade-histology/experiments/taskB_grade_histology/phase2_execution_cycle6/run1 --bootstrap 2000 --permutations 2000	e3b0c44298fc1c149afbf4c8996fb92427ae41e4649b934ca495991b7852b855	e3b0c44298fc1c149afbf4c8996fb92427ae41e4649b934ca495991b7852b855	audit/commands/0056.meta
0057	2026-07-23T10:49:05Z	2026-07-23T10:49:05Z	0	data/external/original-workspace/revgate-task-b-grade-histology	sed -n 1\,80p experiments/taskB_grade_histology/phase2_execution_cycle6/POSTSEAL_RUN1.stdout	37ed14b8b73abb37bab563c7e0ef70115fe918f06f0af24e4d55f400b2642cd4	e3b0c44298fc1c149afbf4c8996fb92427ae41e4649b934ca495991b7852b855	audit/commands/0057.meta
0058	2026-07-23T10:49:09Z	2026-07-23T10:49:09Z	0	data/external/original-workspace/revgate-task-b-grade-histology	wc -c experiments/taskB_grade_histology/phase2_execution_cycle6/POSTSEAL_RUN1.stderr	63b2a1cd5b74e003feafa0b60c65bb20e860b9def6f6be0da0b979c591e01fe9	e3b0c44298fc1c149afbf4c8996fb92427ae41e4649b934ca495991b7852b855	audit/commands/0058.meta
0059	2026-07-23T10:49:14Z	2026-07-23T10:49:14Z	0	data/external/original-workspace/revgate-task-b-grade-histology	sha256sum experiments/taskB_grade_histology/phase2_execution_cycle6/run_phase2.py experiments/taskB_grade_histology/phase2_execution_cycle6/EXECUTION_CONFIG.json	5a7a2a11f3a40b737a20b4cd43cd57f189cc7d387a58e6cfe12161a8a9b6f1a6	e3b0c44298fc1c149afbf4c8996fb92427ae41e4649b934ca495991b7852b855	audit/commands/0059.meta
0060	2026-07-23T10:49:28Z	2026-07-23T10:50:37Z	0	data/external/original-workspace/revgate-task-b-grade-histology	experiments/taskB_grade_histology/phase2_execution_cycle6/trace_exec.sh experiments/taskB_grade_histology/phase2_execution_cycle6/POSTSEAL_RUN2_OPEN_TRACE.log experiments/taskB_grade_histology/phase2_execution_cycle6/POSTSEAL_RUN2.stdout experiments/taskB_grade_histology/phase2_execution_cycle6/POSTSEAL_RUN2.stderr /usr/bin/bwrap --unshare-net --ro-bind / / --dev /dev --proc /proc --tmpfs /tmp --bind data/external/original-workspace/revgate-task-b-grade-histology/experiments/taskB_grade_histology/phase2_execution_cycle6 data/external/original-workspace/revgate-task-b-grade-histology/experiments/taskB_grade_histology/phase2_execution_cycle6 /usr/bin/env -i PYTHONHASHSEED=0 OPENBLAS_NUM_THREADS=1 OMP_NUM_THREADS=1 MKL_NUM_THREADS=1 /usr/bin/python3 data/external/original-workspace/revgate-task-b-grade-histology/experiments/taskB_grade_histology/phase2_execution_cycle6/run_phase2.py --config data/external/original-workspace/revgate-task-b-grade-histology/experiments/taskB_grade_histology/phase2_execution_cycle6/EXECUTION_CONFIG.json --output data/external/original-workspace/revgate-task-b-grade-histology/experiments/taskB_grade_histology/phase2_execution_cycle6/run2 --bootstrap 2000 --permutations 2000	e3b0c44298fc1c149afbf4c8996fb92427ae41e4649b934ca495991b7852b855	e3b0c44298fc1c149afbf4c8996fb92427ae41e4649b934ca495991b7852b855	audit/commands/0060.meta
0061	2026-07-23T10:50:40Z	2026-07-23T10:50:40Z	0	data/external/original-workspace/revgate-task-b-grade-histology	sed -n 1\,80p experiments/taskB_grade_histology/phase2_execution_cycle6/POSTSEAL_RUN2.stdout	37ed14b8b73abb37bab563c7e0ef70115fe918f06f0af24e4d55f400b2642cd4	e3b0c44298fc1c149afbf4c8996fb92427ae41e4649b934ca495991b7852b855	audit/commands/0061.meta
0062	2026-07-23T10:50:46Z	2026-07-23T10:50:46Z	0	data/external/original-workspace/revgate-task-b-grade-histology	wc -c experiments/taskB_grade_histology/phase2_execution_cycle6/POSTSEAL_RUN2.stderr	fbb23ba329d56f442b0ea0b5cba8177997cac07ade51005eb73e5a11e41220c1	e3b0c44298fc1c149afbf4c8996fb92427ae41e4649b934ca495991b7852b855	audit/commands/0062.meta
0063	2026-07-23T10:50:51Z	2026-07-23T10:50:51Z	0	data/external/original-workspace/revgate-task-b-grade-histology	diff -qr experiments/taskB_grade_histology/phase2_execution_cycle6/run1 experiments/taskB_grade_histology/phase2_execution_cycle6/run2	e3b0c44298fc1c149afbf4c8996fb92427ae41e4649b934ca495991b7852b855	e3b0c44298fc1c149afbf4c8996fb92427ae41e4649b934ca495991b7852b855	audit/commands/0063.meta
0064	2026-07-23T10:51:17Z	2026-07-23T10:51:17Z	0	data/external/original-workspace/revgate-task-b-grade-histology	sha256sum experiments/taskB_grade_histology/phase2_execution_cycle6/run1/ANALYTICAL_REPORT.md experiments/taskB_grade_histology/phase2_execution_cycle6/run1/CLINICAL_DISTRIBUTIONS.tsv experiments/taskB_grade_histology/phase2_execution_cycle6/run1/COHORT_COUNTS.tsv experiments/taskB_grade_histology/phase2_execution_cycle6/run1/INFLUENCE_RECORDS.tsv experiments/taskB_grade_histology/phase2_execution_cycle6/run1/INPUT_ACCESS_INVENTORY.tsv experiments/taskB_grade_histology/phase2_execution_cycle6/run1/MANUSCRIPT_READY_SENSITIVITY_TABLE.tsv experiments/taskB_grade_histology/phase2_execution_cycle6/run1/MATCHED_DECOMPOSITIONS.tsv experiments/taskB_grade_histology/phase2_execution_cycle6/run1/MISSINGNESS.tsv experiments/taskB_grade_histology/phase2_execution_cycle6/run1/MODEL_DIAGNOSTICS.tsv experiments/taskB_grade_histology/phase2_execution_cycle6/run1/MODEL_RESULTS.tsv experiments/taskB_grade_histology/phase2_execution_cycle6/run1/PROPOSED_WORDING.md experiments/taskB_grade_histology/phase2_execution_cycle6/run1/SCIENTIFIC_RESULTS.json experiments/taskB_grade_histology/phase2_execution_cycle6/run1/SIX_TARGET_APPENDIX.tsv	e4b1b55bd8d7bceb69007973b5de6aa4eca1e396d393bff96a98ec28d4f8d8e1	e3b0c44298fc1c149afbf4c8996fb92427ae41e4649b934ca495991b7852b855	audit/commands/0064.meta
0065	2026-07-23T10:51:28Z	2026-07-23T10:51:28Z	0	data/external/original-workspace/revgate-task-b-grade-histology	sha256sum experiments/taskB_grade_histology/phase2_execution_cycle6/run2/ANALYTICAL_REPORT.md experiments/taskB_grade_histology/phase2_execution_cycle6/run2/CLINICAL_DISTRIBUTIONS.tsv experiments/taskB_grade_histology/phase2_execution_cycle6/run2/COHORT_COUNTS.tsv experiments/taskB_grade_histology/phase2_execution_cycle6/run2/INFLUENCE_RECORDS.tsv experiments/taskB_grade_histology/phase2_execution_cycle6/run2/INPUT_ACCESS_INVENTORY.tsv experiments/taskB_grade_histology/phase2_execution_cycle6/run2/MANUSCRIPT_READY_SENSITIVITY_TABLE.tsv experiments/taskB_grade_histology/phase2_execution_cycle6/run2/MATCHED_DECOMPOSITIONS.tsv experiments/taskB_grade_histology/phase2_execution_cycle6/run2/MISSINGNESS.tsv experiments/taskB_grade_histology/phase2_execution_cycle6/run2/MODEL_DIAGNOSTICS.tsv experiments/taskB_grade_histology/phase2_execution_cycle6/run2/MODEL_RESULTS.tsv experiments/taskB_grade_histology/phase2_execution_cycle6/run2/PROPOSED_WORDING.md experiments/taskB_grade_histology/phase2_execution_cycle6/run2/SCIENTIFIC_RESULTS.json experiments/taskB_grade_histology/phase2_execution_cycle6/run2/SIX_TARGET_APPENDIX.tsv	6653b303e9a31ee83d5c3b7eb372de0d60467f389f7c23fd9ec77d91f9a4ec75	e3b0c44298fc1c149afbf4c8996fb92427ae41e4649b934ca495991b7852b855	audit/commands/0065.meta
0066	2026-07-23T10:51:36Z	2026-07-23T10:51:36Z	0	data/external/original-workspace/revgate-task-b-grade-histology	chmod 0444 experiments/taskB_grade_histology/phase2_execution_cycle6/run1/ANALYTICAL_REPORT.md experiments/taskB_grade_histology/phase2_execution_cycle6/run1/CLINICAL_DISTRIBUTIONS.tsv experiments/taskB_grade_histology/phase2_execution_cycle6/run1/COHORT_COUNTS.tsv experiments/taskB_grade_histology/phase2_execution_cycle6/run1/INFLUENCE_RECORDS.tsv experiments/taskB_grade_histology/phase2_execution_cycle6/run1/INPUT_ACCESS_INVENTORY.tsv experiments/taskB_grade_histology/phase2_execution_cycle6/run1/MANUSCRIPT_READY_SENSITIVITY_TABLE.tsv experiments/taskB_grade_histology/phase2_execution_cycle6/run1/MATCHED_DECOMPOSITIONS.tsv experiments/taskB_grade_histology/phase2_execution_cycle6/run1/MISSINGNESS.tsv experiments/taskB_grade_histology/phase2_execution_cycle6/run1/MODEL_DIAGNOSTICS.tsv experiments/taskB_grade_histology/phase2_execution_cycle6/run1/MODEL_RESULTS.tsv experiments/taskB_grade_histology/phase2_execution_cycle6/run1/PROPOSED_WORDING.md experiments/taskB_grade_histology/phase2_execution_cycle6/run1/SCIENTIFIC_RESULTS.json experiments/taskB_grade_histology/phase2_execution_cycle6/run1/SIX_TARGET_APPENDIX.tsv experiments/taskB_grade_histology/phase2_execution_cycle6/run2/ANALYTICAL_REPORT.md experiments/taskB_grade_histology/phase2_execution_cycle6/run2/CLINICAL_DISTRIBUTIONS.tsv experiments/taskB_grade_histology/phase2_execution_cycle6/run2/COHORT_COUNTS.tsv experiments/taskB_grade_histology/phase2_execution_cycle6/run2/INFLUENCE_RECORDS.tsv experiments/taskB_grade_histology/phase2_execution_cycle6/run2/INPUT_ACCESS_INVENTORY.tsv experiments/taskB_grade_histology/phase2_execution_cycle6/run2/MANUSCRIPT_READY_SENSITIVITY_TABLE.tsv experiments/taskB_grade_histology/phase2_execution_cycle6/run2/MATCHED_DECOMPOSITIONS.tsv experiments/taskB_grade_histology/phase2_execution_cycle6/run2/MISSINGNESS.tsv experiments/taskB_grade_histology/phase2_execution_cycle6/run2/MODEL_DIAGNOSTICS.tsv experiments/taskB_grade_histology/phase2_execution_cycle6/run2/MODEL_RESULTS.tsv experiments/taskB_grade_histology/phase2_execution_cycle6/run2/PROPOSED_WORDING.md experiments/taskB_grade_histology/phase2_execution_cycle6/run2/SCIENTIFIC_RESULTS.json experiments/taskB_grade_histology/phase2_execution_cycle6/run2/SIX_TARGET_APPENDIX.tsv	e3b0c44298fc1c149afbf4c8996fb92427ae41e4649b934ca495991b7852b855	e3b0c44298fc1c149afbf4c8996fb92427ae41e4649b934ca495991b7852b855	audit/commands/0066.meta
0067	2026-07-23T10:51:40Z	2026-07-23T10:51:40Z	0	data/external/original-workspace/revgate-task-b-grade-histology	chmod 0555 experiments/taskB_grade_histology/phase2_execution_cycle6/run1 experiments/taskB_grade_histology/phase2_execution_cycle6/run2	e3b0c44298fc1c149afbf4c8996fb92427ae41e4649b934ca495991b7852b855	e3b0c44298fc1c149afbf4c8996fb92427ae41e4649b934ca495991b7852b855	audit/commands/0067.meta
0068	2026-07-23T10:51:48Z	2026-07-23T10:51:48Z	0	data/external/original-workspace/revgate-task-b-grade-histology	find data/external/original-workspace/task028-freeze-b-draft -maxdepth 4 -type f -path \*result\* -printf %p\\n	c242d54ed87875352e24d4876668f8cc02cbf07bd137fd441123ed5ab41a16b5	e3b0c44298fc1c149afbf4c8996fb92427ae41e4649b934ca495991b7852b855	audit/commands/0068.meta
0069	2026-07-23T10:51:59Z	2026-07-23T10:51:59Z	0	data/external/original-workspace/revgate-task-b-grade-histology	sha256sum data/external/original-workspace/task028-freeze-b-draft/execution/results_v3/primary_results.tsv	9caa1b55fa53678b0452494888fe5b42ac899afbc9993d71a0bdd01242ac674d	e3b0c44298fc1c149afbf4c8996fb92427ae41e4649b934ca495991b7852b855	audit/commands/0069.meta
0070	2026-07-23T10:52:04Z	2026-07-23T10:52:04Z	0	data/external/original-workspace/revgate-task-b-grade-histology	sed -n 1p data/external/original-workspace/task028-freeze-b-draft/execution/results_v3/primary_results.tsv	8052d9ad8e450711b6044cb1247622c2d85bb01359d5c6d2a30e4b977a4265b9	e3b0c44298fc1c149afbf4c8996fb92427ae41e4649b934ca495991b7852b855	audit/commands/0070.meta
0071	2026-07-23T10:52:10Z	2026-07-23T10:52:10Z	0	data/external/original-workspace/revgate-task-b-grade-histology	"awk -F \\t NR==1\ \|\|\ \(\(\$1==\""M3primary__GATA2\""\ \|\|\ \$1==\""M3primary__SOX9\""\)\ \&\&\ \$12==\""C2\""\) data/external/original-workspace/task028-freeze-b-draft/execution/results_v3/primary_results.tsv"	8052d9ad8e450711b6044cb1247622c2d85bb01359d5c6d2a30e4b977a4265b9	e3b0c44298fc1c149afbf4c8996fb92427ae41e4649b934ca495991b7852b855	audit/commands/0071.meta
0072	2026-07-23T10:52:18Z	2026-07-23T10:52:18Z	0	data/external/original-workspace/revgate-task-b-grade-histology	awk -F \\t NR==1\ \|\|\ \$1\ ~\ /\(GATA2\|SOX9\)/ data/external/original-workspace/task028-freeze-b-draft/execution/results_v3/primary_results.tsv	0efb15b0518af2460580520fdb5511bd513a6273c7bbd2cbefdf617fd22465ba	e3b0c44298fc1c149afbf4c8996fb92427ae41e4649b934ca495991b7852b855	audit/commands/0072.meta
0073	2026-07-23T10:52:28Z	2026-07-23T10:52:28Z	0	data/external/original-workspace/revgate-task-b-grade-histology	"awk -F \\t NR==1\ \|\|\ \(\(\$1==\""M3_GATA2\""\ \|\|\ \$1==\""M3_SOX9\""\)\ \&\&\ \$12==\""C2\""\) data/external/original-workspace/task028-freeze-b-draft/execution/results_v3/primary_results.tsv"	35bc8c5de712e64e157352fe29a0065b716954d37cd0fdf66b498835bdcac29c	e3b0c44298fc1c149afbf4c8996fb92427ae41e4649b934ca495991b7852b855	audit/commands/0073.meta
0074	2026-07-23T10:52:34Z	2026-07-23T10:52:34Z	0	data/external/original-workspace/revgate-task-b-grade-histology	find data/external/original-workspace -maxdepth 1 -type d -name task030-\* -printf %p\\n	3f66a403a2c932a3a0b112afd5dc4f13a7629359a6143d0c7a5b3b7a46d3da4b	e3b0c44298fc1c149afbf4c8996fb92427ae41e4649b934ca495991b7852b855	audit/commands/0074.meta
0075	2026-07-23T10:52:39Z	2026-07-23T10:52:39Z	0	data/external/original-workspace/revgate-task-b-grade-histology	find data/external/original-workspace/task030-tcga-nopurity-audit-cycle2 -maxdepth 4 -type f -printf %p\\n	2583be369eb718cdb85affe14d56a4e049a599ab20698d5937eabd028f9e5931	e3b0c44298fc1c149afbf4c8996fb92427ae41e4649b934ca495991b7852b855	audit/commands/0075.meta
0076	2026-07-23T10:52:43Z	2026-07-23T10:52:43Z	0	data/external/original-workspace/revgate-task-b-grade-histology	find data/external/original-workspace/task030-tcga-nopurity-audit -maxdepth 4 -type f -printf %p\\n	972a6cc16ad9cf44274e4b87962137c8069b5e43562ba95840c49a33d6c9e69d	e3b0c44298fc1c149afbf4c8996fb92427ae41e4649b934ca495991b7852b855	audit/commands/0076.meta
0077	2026-07-23T10:52:48Z	2026-07-23T10:52:48Z	0	data/external/original-workspace/revgate-task-b-grade-histology	sha256sum data/external/original-workspace/task030-tcga-nopurity-audit/results/tcga_primary_vs_nopurity_per_target.tsv	d3fa2725a1a0e4739a23101c11e9185d52d20b4166ed8154be1770ae8c563bdf	e3b0c44298fc1c149afbf4c8996fb92427ae41e4649b934ca495991b7852b855	audit/commands/0077.meta
0078	2026-07-23T10:52:54Z	2026-07-23T10:52:54Z	0	data/external/original-workspace/revgate-task-b-grade-histology	sed -n 1p data/external/original-workspace/task030-tcga-nopurity-audit/results/tcga_primary_vs_nopurity_per_target.tsv	b279c3e53610942952f26122b2cc01b6489a7c054c96a7e4664437e3d14bd2c1	e3b0c44298fc1c149afbf4c8996fb92427ae41e4649b934ca495991b7852b855	audit/commands/0078.meta
0079	2026-07-23T10:53:00Z	2026-07-23T10:53:00Z	0	data/external/original-workspace/revgate-task-b-grade-histology	"awk -F \\t NR==1\ \|\|\ \(\(\$1==\""GATA2\""\ \|\|\ \$1==\""SOX9\""\)\ \&\&\ \$2==\""C2\""\) data/external/original-workspace/task030-tcga-nopurity-audit/results/tcga_primary_vs_nopurity_per_target.tsv"	242803dfc24fb639805fe125d2727486e15c92e85cdde7e367080db6a0f882b9	e3b0c44298fc1c149afbf4c8996fb92427ae41e4649b934ca495991b7852b855	audit/commands/0079.meta
0080	2026-07-23T10:53:15Z	2026-07-23T10:53:15Z	0	data/external/original-workspace/revgate-task-b-grade-histology	"awk -F \\t NR==1\ \|\|\ \(\$3==\""full_base\""\ \&\&\ \(\$5==\""GATA2\""\ \|\|\ \$5==\""SOX9\""\)\) experiments/taskB_grade_histology/phase2_execution_cycle6/run1/MODEL_RESULTS.tsv"	d7751de3173aeaec484adc41602051af0ec336316d72bfe3795f208069aacef9	e3b0c44298fc1c149afbf4c8996fb92427ae41e4649b934ca495991b7852b855	audit/commands/0080.meta
0081	2026-07-23T10:53:26Z	2026-07-23T10:53:26Z	0	data/external/original-workspace/revgate-task-b-grade-histology	"awk -F \\t NR==1\ \|\|\ \(\(\$1==\""M3_GATA2\""\ \|\|\ \$1==\""M3_SOX9\""\ \|\|\ \$1==\""M3_HOXA9\""\ \|\|\ \$1==\""M3_WT1\""\ \|\|\ \$1==\""M3_PAX8\""\ \|\|\ \$1==\""M3_LHX1\""\)\ \&\&\ \$12==\""C2\""\) data/external/original-workspace/task028-freeze-b-draft/execution/results_v3/primary_results.tsv"	d8e395af33c5c120b60a25e589c00515a0121b9bfa78aad27349ede613b195c5	e3b0c44298fc1c149afbf4c8996fb92427ae41e4649b934ca495991b7852b855	audit/commands/0081.meta
0082	2026-07-23T10:53:36Z	2026-07-23T10:53:37Z	0	data/external/original-workspace/revgate-task-b-grade-histology	"awk -F \\t NR==1\ \|\|\ \(\(\$1==\""GATA2\""\ \|\|\ \$1==\""SOX9\""\ \|\|\ \$1==\""HOXA9\""\ \|\|\ \$1==\""WT1\""\ \|\|\ \$1==\""PAX8\""\ \|\|\ \$1==\""LHX1\""\)\ \&\&\ \$2==\""C2\""\) data/external/original-workspace/task030-tcga-nopurity-audit/results/tcga_primary_vs_nopurity_per_target.tsv"	6bbd79589eaa6bf727d84a3ba9e32f94627f90053c69ae221e18a65506dcf385	e3b0c44298fc1c149afbf4c8996fb92427ae41e4649b934ca495991b7852b855	audit/commands/0082.meta
0083	2026-07-23T10:53:48Z	2026-07-23T10:53:48Z	0	data/external/original-workspace/revgate-task-b-grade-histology	sha256sum data/external/original-workspace/task028-freeze-b-draft/execution/results_v3/sensitivity_SENS_nopurity.tsv	742bd165d22d3b931dbbb534f7b224c15e93894e09b77a1a0955dd47cac402e3	e3b0c44298fc1c149afbf4c8996fb92427ae41e4649b934ca495991b7852b855	audit/commands/0083.meta
0084	2026-07-23T10:53:55Z	2026-07-23T10:53:55Z	0	data/external/original-workspace/revgate-task-b-grade-histology	sed -n 1p data/external/original-workspace/task028-freeze-b-draft/execution/results_v3/sensitivity_SENS_nopurity.tsv	cb1afbec22b99018253dc6fe6b82267d95ffe62bb8b81b7424c3aaf8faa5c8ee	e3b0c44298fc1c149afbf4c8996fb92427ae41e4649b934ca495991b7852b855	audit/commands/0084.meta
0085	2026-07-23T10:54:04Z	2026-07-23T10:54:04Z	0	data/external/original-workspace/revgate-task-b-grade-histology	"awk -F \\t NR==1\ \|\|\ \(\(\$1==\""M3_GATA2\""\ \|\|\ \$1==\""M3_SOX9\""\ \|\|\ \$1==\""M3_HOXA9\""\ \|\|\ \$1==\""M3_WT1\""\ \|\|\ \$1==\""M3_PAX8\""\ \|\|\ \$1==\""M3_LHX1\""\)\ \&\&\ \$3==\""C2\""\) data/external/original-workspace/task028-freeze-b-draft/execution/results_v3/sensitivity_SENS_nopurity.tsv"	3a9fb403ae90492f684cdbb2a178e50ea40680c0e0bb42e1b8be0d0e8f456375	e3b0c44298fc1c149afbf4c8996fb92427ae41e4649b934ca495991b7852b855	audit/commands/0085.meta
0086	2026-07-23T10:54:16Z	2026-07-23T10:54:16Z	0	data/external/original-workspace/revgate-task-b-grade-histology	sha256sum data/external/original-workspace/task030-tcga-nopurity-audit-cycle2/reviewer/independent/independent_all_point_rows.tsv	e368e0aade32be5ad3741f24fb513149041f3e7d4ac4e56ce205c158b4bb9c8c	e3b0c44298fc1c149afbf4c8996fb92427ae41e4649b934ca495991b7852b855	audit/commands/0086.meta
0087	2026-07-23T10:54:20Z	2026-07-23T10:54:20Z	0	data/external/original-workspace/revgate-task-b-grade-histology	sed -n 1p data/external/original-workspace/task030-tcga-nopurity-audit-cycle2/reviewer/independent/independent_all_point_rows.tsv	d219d4458dc10336991bedccd903504509a9084c80a1485fec9ab2f97c29468e	e3b0c44298fc1c149afbf4c8996fb92427ae41e4649b934ca495991b7852b855	audit/commands/0087.meta
0088	2026-07-23T10:55:25Z	2026-07-23T10:55:25Z	0	data/external/original-workspace/revgate-task-b-grade-histology	experiments/taskB_grade_histology/phase2_execution_cycle6/trace_exec.sh experiments/taskB_grade_histology/phase2_execution_cycle6/UPSTREAM_RECONCILIATION_OPEN_TRACE.log experiments/taskB_grade_histology/phase2_execution_cycle6/UPSTREAM_RECONCILIATION.stdout experiments/taskB_grade_histology/phase2_execution_cycle6/UPSTREAM_RECONCILIATION.stderr /usr/bin/bwrap --unshare-net --ro-bind / / --dev /dev --proc /proc --tmpfs /tmp --bind data/external/original-workspace/revgate-task-b-grade-histology/experiments/taskB_grade_histology/phase2_execution_cycle6 data/external/original-workspace/revgate-task-b-grade-histology/experiments/taskB_grade_histology/phase2_execution_cycle6 /usr/bin/env -i PYTHONHASHSEED=0 /usr/bin/python3 data/external/original-workspace/revgate-task-b-grade-histology/experiments/taskB_grade_histology/phase2_execution_cycle6/reconcile_upstream.py	e3b0c44298fc1c149afbf4c8996fb92427ae41e4649b934ca495991b7852b855	e3b0c44298fc1c149afbf4c8996fb92427ae41e4649b934ca495991b7852b855	audit/commands/0088.meta
0089	2026-07-23T10:55:32Z	2026-07-23T10:55:32Z	0	data/external/original-workspace/revgate-task-b-grade-histology	sed -n 1\,120p experiments/taskB_grade_histology/phase2_execution_cycle6/UPSTREAM_RECONCILIATION.stdout	710e2328c9d3ec4866c942f531063e721f8a77a39e03cfb4877ff8e408e5c181	e3b0c44298fc1c149afbf4c8996fb92427ae41e4649b934ca495991b7852b855	audit/commands/0089.meta
0090	2026-07-23T10:55:37Z	2026-07-23T10:55:37Z	0	data/external/original-workspace/revgate-task-b-grade-histology	wc -c experiments/taskB_grade_histology/phase2_execution_cycle6/UPSTREAM_RECONCILIATION.stderr	c3fff94586c528295bb6e88dea569d0148cbe8dbaa0932ad641801531e81f07b	e3b0c44298fc1c149afbf4c8996fb92427ae41e4649b934ca495991b7852b855	audit/commands/0090.meta
0091	2026-07-23T10:55:47Z	2026-07-23T10:55:47Z	0	data/external/original-workspace/revgate-task-b-grade-histology	sed -n 1\,120p experiments/taskB_grade_histology/phase2_execution_cycle6/run1/COHORT_COUNTS.tsv	da6e90bf2f8b34f0df2816844d0fc44a377bed97ca8b77e67516ed7d13417e10	e3b0c44298fc1c149afbf4c8996fb92427ae41e4649b934ca495991b7852b855	audit/commands/0091.meta
0092	2026-07-23T10:55:52Z	2026-07-23T10:55:52Z	0	data/external/original-workspace/revgate-task-b-grade-histology	sed -n 1\,120p experiments/taskB_grade_histology/phase2_execution_cycle6/run1/MISSINGNESS.tsv experiments/taskB_grade_histology/phase2_execution_cycle6/run1/CLINICAL_DISTRIBUTIONS.tsv	f4a037b5a2d19ad2bb5f867f0946238a787a3e68c0fd6915b7192d386bcd760c	e3b0c44298fc1c149afbf4c8996fb92427ae41e4649b934ca495991b7852b855	audit/commands/0092.meta
0093	2026-07-23T10:55:57Z	2026-07-23T10:55:57Z	0	data/external/original-workspace/revgate-task-b-grade-histology	"awk -F \\t NR==1\ \|\|\ \$4==\""GATA2\""\ \|\|\ \$4==\""SOX9\"" experiments/taskB_grade_histology/phase2_execution_cycle6/run1/MATCHED_DECOMPOSITIONS.tsv"	c5d8f2722c2d1befe276fa537f7db63e56d3fd67d37ec6eca05cc36e6718ffc9	e3b0c44298fc1c149afbf4c8996fb92427ae41e4649b934ca495991b7852b855	audit/commands/0093.meta
0094	2026-07-23T10:56:03Z	2026-07-23T10:56:03Z	0	data/external/original-workspace/revgate-task-b-grade-histology	sed -n 1\,8p experiments/taskB_grade_histology/phase2_execution_cycle6/run1/MODEL_DIAGNOSTICS.tsv	0dcbdebb1c84dd991be52583edb6b497aa603a14ac1fd7d602a09482c2771c7f	e3b0c44298fc1c149afbf4c8996fb92427ae41e4649b934ca495991b7852b855	audit/commands/0094.meta
0095	2026-07-23T10:56:11Z	2026-07-23T10:56:11Z	0	data/external/original-workspace/revgate-task-b-grade-histology	"awk -F \\t NR\>1\ \{status\[\$20\]++\;\ if\(\$6+0\>mc\)mc=\$6+0\;\ if\(\$7+0\>mv\)mv=\$7+0\;\ if\(\$8+0\>mg\)mg=\$8+0\;\ if\(\$9+0\>mh\)mh=\$9+0\;\ if\(\$16+0\>md\)md=\$16+0\}\ END\ \{for\(k\ in\ status\)\ print\ \""status\""\,k\,status\[k\]\;\ print\ \""max_condition\""\,mc\;\ print\ \""max_vif\""\,mv\;\ print\ \""max_gvif_adjusted\""\,mg\;\ print\ \""max_hat\""\,mh\;\ print\ \""max_single_case_abs_d_change\""\,md\} experiments/taskB_grade_histology/phase2_execution_cycle6/run1/MODEL_DIAGNOSTICS.tsv"	e900c89062ccdaadf80aebbe37c79bef3cf3985ed629d5bf58faa95e68917750	e3b0c44298fc1c149afbf4c8996fb92427ae41e4649b934ca495991b7852b855	audit/commands/0095.meta
0096	2026-07-23T10:56:24Z	2026-07-23T10:56:24Z	0	data/external/original-workspace/revgate-task-b-grade-histology	"awk -F \\t NR==1\ \|\|\ \$3==\""full_base\"" experiments/taskB_grade_histology/phase2_execution_cycle6/run1/MODEL_RESULTS.tsv"	f874a83f77d8514d3c75ab453b4f28c7ee50b37e85b4f64e691b8c92e9f0c681	e3b0c44298fc1c149afbf4c8996fb92427ae41e4649b934ca495991b7852b855	audit/commands/0096.meta
0097	2026-07-23T10:56:32Z	2026-07-23T10:56:32Z	0	data/external/original-workspace/revgate-task-b-grade-histology	"awk -F \\t NR\>1\ \{taxonomy\[\$23\]++\;\ status\[\$24\]++\}\ END\ \{for\(k\ in\ taxonomy\)\ print\ \""taxonomy\""\,k\,taxonomy\[k\]\;\ for\(k\ in\ status\)\ print\ \""interpretability\""\,k\,status\[k\]\} experiments/taskB_grade_histology/phase2_execution_cycle6/run1/MATCHED_DECOMPOSITIONS.tsv"	9c505200645de516695a38ea78bec1b695302915ab7673bc9b37f9a24a181372	e3b0c44298fc1c149afbf4c8996fb92427ae41e4649b934ca495991b7852b855	audit/commands/0097.meta
0098	2026-07-23T10:56:40Z	2026-07-23T10:56:40Z	0	data/external/original-workspace/revgate-task-b-grade-histology	"awk -F \\t NR\>1\ \{taxonomy\[\$24\]++\;\ status\[\$25\]++\}\ END\ \{for\(k\ in\ taxonomy\)\ print\ \""taxonomy\""\,k\,taxonomy\[k\]\;\ for\(k\ in\ status\)\ print\ \""interpretability\""\,k\,status\[k\]\} experiments/taskB_grade_histology/phase2_execution_cycle6/run1/MATCHED_DECOMPOSITIONS.tsv"	4cae0a1b78a61fbb2c8e019506446ddeb93170559e4547d034751c466412a9af	e3b0c44298fc1c149afbf4c8996fb92427ae41e4649b934ca495991b7852b855	audit/commands/0098.meta
0099	2026-07-23T10:56:58Z	2026-07-23T10:56:58Z	1	data/external/original-workspace/revgate-task-b-grade-histology	rg -n -i phase2_execution_cycle\[1-5\]\|phase2_critic\|task030\|task-030\|task\[_-\]a\|revgate-tcga-no-purity-verify\|\[/\]manuscript\[/\]\|\\.docx\|\\.pdf\|\[/\]\[\^/\]\*figure\[\^/\]\* experiments/taskB_grade_histology/phase2_execution_cycle6/POSTSEAL_RUN1_OPEN_TRACE.log experiments/taskB_grade_histology/phase2_execution_cycle6/POSTSEAL_RUN2_OPEN_TRACE.log	e3b0c44298fc1c149afbf4c8996fb92427ae41e4649b934ca495991b7852b855	e3b0c44298fc1c149afbf4c8996fb92427ae41e4649b934ca495991b7852b855	audit/commands/0099.meta
0100	2026-07-23T10:57:03Z	2026-07-23T10:57:03Z	0	data/external/original-workspace/revgate-task-b-grade-histology	rg -n \\b\(connect\|sendto\|recvfrom\|socket\)\\\( experiments/taskB_grade_histology/phase2_execution_cycle6/POSTSEAL_RUN1_OPEN_TRACE.log experiments/taskB_grade_histology/phase2_execution_cycle6/POSTSEAL_RUN2_OPEN_TRACE.log	32055e00cdc85b52216abb0535ec09bcad1f6fbb5765e4e5e28814b335540da8	e3b0c44298fc1c149afbf4c8996fb92427ae41e4649b934ca495991b7852b855	audit/commands/0100.meta
0101	2026-07-23T11:01:44Z	2026-07-23T11:01:44Z	1	data/external/original-workspace/revgate-task-b-grade-histology	/usr/bin/python3 experiments/taskB_grade_histology/phase2_execution_cycle6/finalize_cycle6.py	e3b0c44298fc1c149afbf4c8996fb92427ae41e4649b934ca495991b7852b855	38a4c41ec7033230417e7750b220716161d20d460479ddc6914d455be4c28de0	audit/commands/0101.meta
0102	2026-07-23T11:01:54Z	2026-07-23T11:01:54Z	0	data/external/original-workspace/revgate-task-b-grade-histology	chmod 0644 experiments/taskB_grade_histology/phase2_execution_cycle6/finalize_cycle6.py	e3b0c44298fc1c149afbf4c8996fb92427ae41e4649b934ca495991b7852b855	e3b0c44298fc1c149afbf4c8996fb92427ae41e4649b934ca495991b7852b855	audit/commands/0102.meta
