source	target	contrast	base_specification	quantity	current_value	upstream_value	signed_delta	absolute_delta	tolerance	status
TASK028_PRIMARY	GATA2	C2	primary_cpe	coefficient	-4.3505462498017096	-4.350546249801706	-3.5527136788005009e-15	3.5527136788005009e-15	9.9999999999999998e-13	MATCH
TASK028_PRIMARY	GATA2	C2	primary_cpe	residual_sd	7.8667332425302066	7.8667332425302066	0	0	9.9999999999999998e-13	MATCH
TASK028_PRIMARY	GATA2	C2	primary_cpe	d	-0.55303085991033651	-0.55303085991033596	-5.5511151231257827e-16	5.5511151231257827e-16	9.9999999999999998e-13	MATCH
TASK028_PRIMARY	SOX9	C2	primary_cpe	coefficient	-4.2424280879495662	-4.2424280879495662	0	0	9.9999999999999998e-13	MATCH
TASK028_PRIMARY	SOX9	C2	primary_cpe	residual_sd	8.0484531556112628	8.0484531556112628	0	0	9.9999999999999998e-13	MATCH
TASK028_PRIMARY	SOX9	C2	primary_cpe	d	-0.52711098715804883	-0.52711098715804883	0	0	9.9999999999999998e-13	MATCH
TASK028_PRIMARY	HOXA9	C2	primary_cpe	coefficient	-3.0805173590624659	-3.0805173590624655	-4.4408920985006262e-16	4.4408920985006262e-16	9.9999999999999998e-13	MATCH
TASK028_PRIMARY	HOXA9	C2	primary_cpe	residual_sd	4.7684596427534913	4.7684596427534913	0	0	9.9999999999999998e-13	MATCH
TASK028_PRIMARY	HOXA9	C2	primary_cpe	d	-0.64601938358519007	-0.64601938358518995	-1.1102230246251565e-16	1.1102230246251565e-16	9.9999999999999998e-13	MATCH
TASK028_PRIMARY	WT1	C2	primary_cpe	coefficient	-5.8512302295264256	-5.8512302295264291	3.5527136788005009e-15	3.5527136788005009e-15	9.9999999999999998e-13	MATCH
TASK028_PRIMARY	WT1	C2	primary_cpe	residual_sd	9.9013613711309763	9.9013613711309763	0	0	9.9999999999999998e-13	MATCH
TASK028_PRIMARY	WT1	C2	primary_cpe	d	-0.59095209337441568	-0.59095209337441612	4.4408920985006262e-16	4.4408920985006262e-16	9.9999999999999998e-13	MATCH
TASK028_PRIMARY	PAX8	C2	primary_cpe	coefficient	-1.1872375555572268	-1.1872375555572265	-2.2204460492503131e-16	2.2204460492503131e-16	9.9999999999999998e-13	MATCH
TASK028_PRIMARY	PAX8	C2	primary_cpe	residual_sd	4.8232788589274911	4.8232788589274911	0	0	9.9999999999999998e-13	MATCH
TASK028_PRIMARY	PAX8	C2	primary_cpe	d	-0.24614740102777763	-0.24614740102777757	-5.5511151231257827e-17	5.5511151231257827e-17	9.9999999999999998e-13	MATCH
TASK028_PRIMARY	LHX1	C2	primary_cpe	coefficient	-0.86451890767196682	-0.86451890767196671	-1.1102230246251565e-16	1.1102230246251565e-16	9.9999999999999998e-13	MATCH
TASK028_PRIMARY	LHX1	C2	primary_cpe	residual_sd	3.114392474323656	3.114392474323656	0	0	9.9999999999999998e-13	MATCH
TASK028_PRIMARY	LHX1	C2	primary_cpe	d	-0.27758829845609362	-0.27758829845609356	-5.5511151231257827e-17	5.5511151231257827e-17	9.9999999999999998e-13	MATCH
TASK028_NOPURITY	GATA2	C2	no_purity	coefficient	-4.2479217497270456	-4.2479217497270447	-8.8817841970012523e-16	8.8817841970012523e-16	9.9999999999999998e-13	MATCH
TASK028_NOPURITY	GATA2	C2	no_purity	d	-0.53909421112327971	-0.5390942111232796	-1.1102230246251565e-16	1.1102230246251565e-16	9.9999999999999998e-13	MATCH
TASK028_NOPURITY	SOX9	C2	no_purity	coefficient	-4.1230346607622836	-4.1230346607622836	0	0	9.9999999999999998e-13	MATCH
TASK028_NOPURITY	SOX9	C2	no_purity	d	-0.50897798776889758	-0.50897798776889758	0	0	9.9999999999999998e-13	MATCH
TASK028_NOPURITY	HOXA9	C2	no_purity	coefficient	-2.9628415599919777	-2.9628415599919755	-2.2204460492503131e-15	2.2204460492503131e-15	9.9999999999999998e-13	MATCH
TASK028_NOPURITY	HOXA9	C2	no_purity	d	-0.61433205097529753	-0.61433205097529708	-4.4408920985006262e-16	4.4408920985006262e-16	9.9999999999999998e-13	MATCH
TASK028_NOPURITY	WT1	C2	no_purity	coefficient	-5.9148364340534885	-5.914836434053484	-4.4408920985006262e-15	4.4408920985006262e-15	9.9999999999999998e-13	MATCH
TASK028_NOPURITY	WT1	C2	no_purity	d	-0.59825493557978582	-0.59825493557978537	-4.4408920985006262e-16	4.4408920985006262e-16	9.9999999999999998e-13	MATCH
TASK028_NOPURITY	PAX8	C2	no_purity	coefficient	-1.2369071385833348	-1.2369071385833337	-1.1102230246251565e-15	1.1102230246251565e-15	9.9999999999999998e-13	MATCH
TASK028_NOPURITY	PAX8	C2	no_purity	d	-0.25654534596696621	-0.25654534596696599	-2.2204460492503131e-16	2.2204460492503131e-16	9.9999999999999998e-13	MATCH
TASK028_NOPURITY	LHX1	C2	no_purity	coefficient	-0.8897939166782497	-0.88979391667824981	1.1102230246251565e-16	1.1102230246251565e-16	9.9999999999999998e-13	MATCH
TASK028_NOPURITY	LHX1	C2	no_purity	d	-0.28594351272071128	-0.28594351272071133	5.5511151231257827e-17	5.5511151231257827e-17	9.9999999999999998e-13	MATCH
TASK030_AUDIT	GATA2	C2	primary_cpe	coefficient	-4.3505462498017096	-4.350546249801706	-3.5527136788005009e-15	3.5527136788005009e-15	9.9999999999999998e-13	MATCH
TASK030_AUDIT	GATA2	C2	no_purity	coefficient	-4.2479217497270456	-4.2479217497270447	-8.8817841970012523e-16	8.8817841970012523e-16	9.9999999999999998e-13	MATCH
TASK030_AUDIT	GATA2	C2	primary_cpe	residual_sd	7.8667332425302066	7.8667332425302066	0	0	9.9999999999999998e-13	MATCH
TASK030_AUDIT	GATA2	C2	no_purity	residual_sd	7.8797391292254728	7.8797391292254728	0	0	9.9999999999999998e-13	MATCH
TASK030_AUDIT	GATA2	C2	primary_cpe	d	-0.55303085991033651	-0.55303085991033596	-5.5511151231257827e-16	5.5511151231257827e-16	9.9999999999999998e-13	MATCH
TASK030_AUDIT	GATA2	C2	no_purity	d	-0.53909421112327971	-0.5390942111232796	-1.1102230246251565e-16	1.1102230246251565e-16	9.9999999999999998e-13	MATCH
TASK030_AUDIT	HOXA9	C2	primary_cpe	coefficient	-3.0805173590624659	-3.0805173590624655	-4.4408920985006262e-16	4.4408920985006262e-16	9.9999999999999998e-13	MATCH
TASK030_AUDIT	HOXA9	C2	no_purity	coefficient	-2.9628415599919777	-2.9628415599919755	-2.2204460492503131e-15	2.2204460492503131e-15	9.9999999999999998e-13	MATCH
TASK030_AUDIT	HOXA9	C2	primary_cpe	residual_sd	4.7684596427534913	4.7684596427534913	0	0	9.9999999999999998e-13	MATCH
TASK030_AUDIT	HOXA9	C2	no_purity	residual_sd	4.8228666488884109	4.8228666488884109	0	0	9.9999999999999998e-13	MATCH
TASK030_AUDIT	HOXA9	C2	primary_cpe	d	-0.64601938358519007	-0.64601938358518995	-1.1102230246251565e-16	1.1102230246251565e-16	9.9999999999999998e-13	MATCH
TASK030_AUDIT	HOXA9	C2	no_purity	d	-0.61433205097529753	-0.61433205097529708	-4.4408920985006262e-16	4.4408920985006262e-16	9.9999999999999998e-13	MATCH
TASK030_AUDIT	SOX9	C2	primary_cpe	coefficient	-4.2424280879495662	-4.2424280879495662	0	0	9.9999999999999998e-13	MATCH
TASK030_AUDIT	SOX9	C2	no_purity	coefficient	-4.1230346607622836	-4.1230346607622836	0	0	9.9999999999999998e-13	MATCH
TASK030_AUDIT	SOX9	C2	primary_cpe	residual_sd	8.0484531556112628	8.0484531556112628	0	0	9.9999999999999998e-13	MATCH
TASK030_AUDIT	SOX9	C2	no_purity	residual_sd	8.1006148789176233	8.1006148789176233	0	0	9.9999999999999998e-13	MATCH
TASK030_AUDIT	SOX9	C2	primary_cpe	d	-0.52711098715804883	-0.52711098715804883	0	0	9.9999999999999998e-13	MATCH
TASK030_AUDIT	SOX9	C2	no_purity	d	-0.50897798776889758	-0.50897798776889758	0	0	9.9999999999999998e-13	MATCH
TASK030_AUDIT	WT1	C2	primary_cpe	coefficient	-5.8512302295264256	-5.8512302295264291	3.5527136788005009e-15	3.5527136788005009e-15	9.9999999999999998e-13	MATCH
TASK030_AUDIT	WT1	C2	no_purity	coefficient	-5.9148364340534885	-5.914836434053484	-4.4408920985006262e-15	4.4408920985006262e-15	9.9999999999999998e-13	MATCH
TASK030_AUDIT	WT1	C2	primary_cpe	residual_sd	9.9013613711309763	9.9013613711309763	0	0	9.9999999999999998e-13	MATCH
TASK030_AUDIT	WT1	C2	no_purity	residual_sd	9.8868159413031051	9.8868159413031051	0	0	9.9999999999999998e-13	MATCH
TASK030_AUDIT	WT1	C2	primary_cpe	d	-0.59095209337441568	-0.59095209337441612	4.4408920985006262e-16	4.4408920985006262e-16	9.9999999999999998e-13	MATCH
TASK030_AUDIT	WT1	C2	no_purity	d	-0.59825493557978582	-0.59825493557978537	-4.4408920985006262e-16	4.4408920985006262e-16	9.9999999999999998e-13	MATCH
