public_path	source_package	source_sha256	transformation
analyses/grade-histology-sensitivity/data-preparation/ALLOWLIST_VALIDATION.json	grade_histology	d3515090f7837ac63036d8b91cb2ac7a87212a554c19d110ef338d9f0cd47bbb	normalised
analyses/grade-histology-sensitivity/data-preparation/CANONICAL_RUN_COMPARISON.tsv	grade_histology	ca600257cce879160b0393bf1409bc9b01df08820e71bb6ebbdc166d88456b44	path_only
analyses/grade-histology-sensitivity/data-preparation/CHECKSUM_INVENTORY.tsv	grade_histology	b2f93e2d4feb93ea4b8c001f0e7a8fa6509be6748b1ec4ad00154cc663657508	path_only
analyses/grade-histology-sensitivity/data-preparation/COMMANDS.txt	grade_histology	36c5039904ca6dc95237dcaa47ddb36f3c4e5765d62349baa043b410f4b2f88f	normalised
analyses/grade-histology-sensitivity/data-preparation/ENVIRONMENT.json	grade_histology	f80c6e0a0b9ebf37e3966c0044861f392cc869cab9d534b08e6fea58ddb6b13d	normalised
analyses/grade-histology-sensitivity/data-preparation/EXPERIMENTER_ACCESS_LOG.tsv	grade_histology	c66d58aacd882f16443643927c457f213cd57df30f6112b12e56bc6e72d38096	normalised
analyses/grade-histology-sensitivity/data-preparation/INPUTS_LOCK.json	grade_histology	bdaa15a40800cb5384abda946ef2c388f97fbb4fdcc16c4c901d9d00452d9039	normalised
analyses/grade-histology-sensitivity/data-preparation/OPEN_FILE_AUDIT.tsv	grade_histology	f26316f7eebe40cbf31a8f7fb685c5a49973a63e8df7e40d17685e8f71272cb8	normalised
analyses/grade-histology-sensitivity/data-preparation/OPEN_FILE_AUDIT_SUMMARY.json	grade_histology	ada4540bedbda49ec78b5899ab31df3cdfadb1d40aca7cd3e590640dc25f65e9	path_only
analyses/grade-histology-sensitivity/data-preparation/PREFLIGHT_SCHEMA_REPORT.json	grade_histology	4091d06548a48ada0c582e270b997e5c6c02499a3e64dbdecd63ef32a26504b5	normalised
analyses/grade-histology-sensitivity/data-preparation/PRESERVATION_STATUS.json	grade_histology	3252fadfe7b9d5025aab03252901ddf97cd1c7344dbbc53400c5fc3a6c4f981f	normalised
analyses/grade-histology-sensitivity/data-preparation/REPRODUCIBILITY_MANIFEST.json	grade_histology	ca526090be27c87b0c90935723f5be45419897a7198b91ef1dfd8e1b5dc9879d	normalised
analyses/grade-histology-sensitivity/data-preparation/STATIC_SCAN_REPORT.json	grade_histology	9eaa31f342fcc073ce38ca4e7e4c2819fd280b2290e3f35507354321c6f1d929	normalised
analyses/grade-histology-sensitivity/data-preparation/acquire_inputs.py	grade_histology	ec3ee6be58b44c2afb8bba28a2f8d792a697fbdeaa063009caa03677d6b6cf4a	normalised
analyses/grade-histology-sensitivity/data-preparation/acquisition/raw_round_1/cptac_discovery_cbio_grade.json	grade_histology	287b4a02df4f41c3ff64727215bf56a003b6d048e7d20e06af1e359d9d5075d9	path_only
analyses/grade-histology-sensitivity/data-preparation/acquisition/raw_round_1/cptac_discovery_cbio_histology.json	grade_histology	4133634004e840605a9e1fc9c3b4a1cafeeb8dd182fcf4a5dc9f5cfef7e17393	path_only
analyses/grade-histology-sensitivity/data-preparation/acquisition/raw_round_1/pdc_PDC000125.json	grade_histology	8143943f3084a93ee1e49a62f892c8ac02b16efd74ee7a5e42df8109157e442e	path_only
analyses/grade-histology-sensitivity/data-preparation/acquisition/raw_round_1/pdc_PDC000439.json	grade_histology	de0dc78e2705070d8b21d0fb3db8c2a777a246ef49398036872fc0c6abebe61d	path_only
analyses/grade-histology-sensitivity/data-preparation/acquisition/raw_round_1/tcga_cbio_grade.json	grade_histology	4af93f837dda71a50b6e5010fb63404b851f29ed4b671f611351c1d6af3c3edc	path_only
analyses/grade-histology-sensitivity/data-preparation/acquisition/raw_round_1/tcga_cbio_icdo_histology.json	grade_histology	fce9c7b47ef10a85876cc92c8b1eee330246db91a4c20b0403f9b9ce0f4a89b9	path_only
analyses/grade-histology-sensitivity/data-preparation/acquisition/raw_round_2/cptac_discovery_cbio_grade.json	grade_histology	287b4a02df4f41c3ff64727215bf56a003b6d048e7d20e06af1e359d9d5075d9	path_only
analyses/grade-histology-sensitivity/data-preparation/acquisition/raw_round_2/cptac_discovery_cbio_histology.json	grade_histology	4133634004e840605a9e1fc9c3b4a1cafeeb8dd182fcf4a5dc9f5cfef7e17393	path_only
analyses/grade-histology-sensitivity/data-preparation/acquisition/raw_round_2/pdc_PDC000125.json	grade_histology	8143943f3084a93ee1e49a62f892c8ac02b16efd74ee7a5e42df8109157e442e	path_only
analyses/grade-histology-sensitivity/data-preparation/acquisition/raw_round_2/pdc_PDC000439.json	grade_histology	de0dc78e2705070d8b21d0fb3db8c2a777a246ef49398036872fc0c6abebe61d	path_only
analyses/grade-histology-sensitivity/data-preparation/acquisition/raw_round_2/tcga_cbio_grade.json	grade_histology	4af93f837dda71a50b6e5010fb63404b851f29ed4b671f611351c1d6af3c3edc	path_only
analyses/grade-histology-sensitivity/data-preparation/acquisition/raw_round_2/tcga_cbio_icdo_histology.json	grade_histology	fce9c7b47ef10a85876cc92c8b1eee330246db91a4c20b0403f9b9ce0f4a89b9	path_only
analyses/grade-histology-sensitivity/data-preparation/acquisition/round_1_metadata.json	grade_histology	abf09802e63b9e80d2501e759268acf32019e4c810f2869c0f38c77a7d4bfedc	normalised
analyses/grade-histology-sensitivity/data-preparation/acquisition/round_2_metadata.json	grade_histology	a376c3476e565f47105d216677991551671e16fe73f653862bf6a6b732cdedd6	normalised
analyses/grade-histology-sensitivity/data-preparation/audit_phase1.py	grade_histology	1a41b45e85a1dd99fc48c0fb6e92430a7ae4ea83c6035a4e3564a6f706c42954	normalised
analyses/grade-histology-sensitivity/data-preparation/closeout.py	grade_histology	738fa435730420908bb1db9cdf4f83ef1897d7e63fe8de050503151a1c04b994	normalised
analyses/grade-histology-sensitivity/data-preparation/finalize_inputs_lock.py	grade_histology	64c519f12b93e1313bac977d6b825749456c62d12c96c835089ccf65501d3640	normalised
analyses/grade-histology-sensitivity/data-preparation/preflight_validate.py	grade_histology	bb21be3c7b58724bd80f22a07cc2bff445e9c74c235e058e6e22570849e3cb84	normalised
analyses/grade-histology-sensitivity/data-preparation/run1/DESIGN_DIAGNOSTICS.tsv	grade_histology	4affeecd2795778f8d016530c3df1bb19a17e0a84ecf19e89f2fcf216e635fd2	path_only
analyses/grade-histology-sensitivity/data-preparation/run1/FROZEN_HARMONIZATION_SPEC.json	grade_histology	c4252fd1d17a07212852a894631afd7a8df3b331ccf9aed314869b0e5512a362	path_only
analyses/grade-histology-sensitivity/data-preparation/run1/HARMONIZATION_MAP.tsv	grade_histology	c255355de4b6c4b366a626d7e79b26f474d55ead67387d1fde519743ac7e316b	path_only
analyses/grade-histology-sensitivity/data-preparation/run1/LINKAGE_LEDGER.tsv	grade_histology	c6087dc8e685b305ccd3ff9d1da02846ff8a306018cc1fb0820cf3825fc8e823	path_only
analyses/grade-histology-sensitivity/data-preparation/run1/MISSINGNESS.tsv	grade_histology	02e08cb20fe60056b6a23b4bd9837d07ba80a6c729f1fcf366e28d50d97dc69e	path_only
analyses/grade-histology-sensitivity/data-preparation/run1/OUTCOME_FIREWALL_ATTESTATION.txt	grade_histology	1393934215808dcc14466bb250e2832f1b9a50588fe7f8d6c3774118fbf01d60	path_only
analyses/grade-histology-sensitivity/data-preparation/run1/PHASE1_DECISION.json	grade_histology	a9b01e817d9e84180dc4804811dd2d0e33c245925a11bc8d5996363c42e7bc94	path_only
analyses/grade-histology-sensitivity/data-preparation/run1/PHASE1_FEASIBILITY_REPORT.md	grade_histology	5c7c3fa50e7fcd0f35eadbafbe62b35a5f8dd94c7470a79daf008405051b892e	normalised
analyses/grade-histology-sensitivity/data-preparation/run1/RAW_CATEGORY_COUNTS.tsv	grade_histology	09fe226376379a333715c3dcfce4d1282e882a368e92c3eb3f6a9ece9abbec80	path_only
analyses/grade-histology-sensitivity/data-preparation/run1/SOURCE_FIELD_DICTIONARY.tsv	grade_histology	5599d54f8578bca87976a5ebcce5c94df37c1337f478c05e12cf421f0aaf9959	path_only
analyses/grade-histology-sensitivity/data-preparation/run1/SUBTYPE_BY_PROPOSED_CATEGORY.tsv	grade_histology	91726649b4e910d5f08318304f052a044fba786e581d0efca0fee39b4737e0dc	path_only
analyses/grade-histology-sensitivity/data-preparation/run1/SUBTYPE_BY_RAW_CATEGORY.tsv	grade_histology	54703638e1dad819802d4545bf598e061fa64994cd406922ef10abe15c9110e3	path_only
analyses/grade-histology-sensitivity/data-preparation/run2/DESIGN_DIAGNOSTICS.tsv	grade_histology	4affeecd2795778f8d016530c3df1bb19a17e0a84ecf19e89f2fcf216e635fd2	path_only
analyses/grade-histology-sensitivity/data-preparation/run2/FROZEN_HARMONIZATION_SPEC.json	grade_histology	c4252fd1d17a07212852a894631afd7a8df3b331ccf9aed314869b0e5512a362	path_only
analyses/grade-histology-sensitivity/data-preparation/run2/HARMONIZATION_MAP.tsv	grade_histology	c255355de4b6c4b366a626d7e79b26f474d55ead67387d1fde519743ac7e316b	path_only
analyses/grade-histology-sensitivity/data-preparation/run2/LINKAGE_LEDGER.tsv	grade_histology	c6087dc8e685b305ccd3ff9d1da02846ff8a306018cc1fb0820cf3825fc8e823	path_only
analyses/grade-histology-sensitivity/data-preparation/run2/MISSINGNESS.tsv	grade_histology	02e08cb20fe60056b6a23b4bd9837d07ba80a6c729f1fcf366e28d50d97dc69e	path_only
analyses/grade-histology-sensitivity/data-preparation/run2/OUTCOME_FIREWALL_ATTESTATION.txt	grade_histology	1393934215808dcc14466bb250e2832f1b9a50588fe7f8d6c3774118fbf01d60	path_only
analyses/grade-histology-sensitivity/data-preparation/run2/PHASE1_DECISION.json	grade_histology	a9b01e817d9e84180dc4804811dd2d0e33c245925a11bc8d5996363c42e7bc94	path_only
analyses/grade-histology-sensitivity/data-preparation/run2/PHASE1_FEASIBILITY_REPORT.md	grade_histology	5c7c3fa50e7fcd0f35eadbafbe62b35a5f8dd94c7470a79daf008405051b892e	normalised
analyses/grade-histology-sensitivity/data-preparation/run2/RAW_CATEGORY_COUNTS.tsv	grade_histology	09fe226376379a333715c3dcfce4d1282e882a368e92c3eb3f6a9ece9abbec80	path_only
analyses/grade-histology-sensitivity/data-preparation/run2/SOURCE_FIELD_DICTIONARY.tsv	grade_histology	5599d54f8578bca87976a5ebcce5c94df37c1337f478c05e12cf421f0aaf9959	path_only
analyses/grade-histology-sensitivity/data-preparation/run2/SUBTYPE_BY_PROPOSED_CATEGORY.tsv	grade_histology	91726649b4e910d5f08318304f052a044fba786e581d0efca0fee39b4737e0dc	path_only
analyses/grade-histology-sensitivity/data-preparation/run2/SUBTYPE_BY_RAW_CATEGORY.tsv	grade_histology	54703638e1dad819802d4545bf598e061fa64994cd406922ef10abe15c9110e3	path_only
analyses/grade-histology-sensitivity/data-preparation/source-inputs/cptac_discovery_grade.json	grade_histology	287b4a02df4f41c3ff64727215bf56a003b6d048e7d20e06af1e359d9d5075d9	path_only
analyses/grade-histology-sensitivity/data-preparation/source-inputs/cptac_discovery_histology.json	grade_histology	4133634004e840605a9e1fc9c3b4a1cafeeb8dd182fcf4a5dc9f5cfef7e17393	path_only
analyses/grade-histology-sensitivity/data-preparation/source-inputs/pdc_PDC000125_grade_histology.json	grade_histology	8143943f3084a93ee1e49a62f892c8ac02b16efd74ee7a5e42df8109157e442e	path_only
analyses/grade-histology-sensitivity/data-preparation/source-inputs/pdc_PDC000439_grade_histology.json	grade_histology	de0dc78e2705070d8b21d0fb3db8c2a777a246ef49398036872fc0c6abebe61d	path_only
analyses/grade-histology-sensitivity/data-preparation/source-inputs/tcga_cbio_grade.json	grade_histology	4af93f837dda71a50b6e5010fb63404b851f29ed4b671f611351c1d6af3c3edc	path_only
analyses/grade-histology-sensitivity/data-preparation/source-inputs/tcga_cbio_icdo_histology.json	grade_histology	fce9c7b47ef10a85876cc92c8b1eee330246db91a4c20b0403f9b9ce0f4a89b9	path_only
analyses/grade-histology-sensitivity/data-preparation/static_scan.py	grade_histology	8799bc992db9955bcf030edb91d02c9c8013ecbf9c41ade83bf9ae00e12f3835	normalised
analyses/grade-histology-sensitivity/data-preparation/trace_audit.py	grade_histology	579cb9d58c2fcf847abc5cf87afbc0dc336b7054e8c250cc2882660160fa72a6	normalised
analyses/grade-histology-sensitivity/data-preparation/validation/COMMANDS_AND_ENVIRONMENT.json	grade_histology	522fa110ac61b0e2736e838f70f73f97b6f1df04526344698040ae9e9f06f81d	path_only
analyses/grade-histology-sensitivity/data-preparation/validation/FIELD_LEVEL_COMPARISON.tsv	grade_histology	c7d2477b91c426489f9fef548ea33b144fb2663424870ca257a1667c1a6ece71	path_only
analyses/grade-histology-sensitivity/data-preparation/validation/FIREWALL_OPEN_TRACE_AUDIT.json	grade_histology	324e570bcb7a33a68c56b887f653fd7c55734276dd5a6076677edc948d5051a5	normalised
analyses/grade-histology-sensitivity/data-preparation/validation/INDEPENDENT_DESIGN_DIAGNOSTICS.tsv	grade_histology	76e3c4d71f78b6cd4c1011114b632e035a670826e309f5babcca7e59fcbed8c1	path_only
analyses/grade-histology-sensitivity/data-preparation/validation/INDEPENDENT_LINKAGE_LEDGER.tsv	grade_histology	c6087dc8e685b305ccd3ff9d1da02846ff8a306018cc1fb0820cf3825fc8e823	path_only
analyses/grade-histology-sensitivity/data-preparation/validation/INDEPENDENT_MISSINGNESS.tsv	grade_histology	e5d1dcc327d34db9f168c90458bf0162cc7681e11f460d155605c02f802694f9	path_only
analyses/grade-histology-sensitivity/data-preparation/validation/INDEPENDENT_RAW_CATEGORY_COUNTS.tsv	grade_histology	09fe226376379a333715c3dcfce4d1282e882a368e92c3eb3f6a9ece9abbec80	path_only
analyses/grade-histology-sensitivity/data-preparation/validation/INDEPENDENT_SUBTYPE_BY_PROPOSED_CATEGORY.tsv	grade_histology	91726649b4e910d5f08318304f052a044fba786e581d0efca0fee39b4737e0dc	path_only
analyses/grade-histology-sensitivity/data-preparation/validation/INDEPENDENT_SUBTYPE_BY_RAW_CATEGORY.tsv	grade_histology	54703638e1dad819802d4545bf598e061fa64994cd406922ef10abe15c9110e3	path_only
analyses/grade-histology-sensitivity/data-preparation/validation/INDEPENDENT_SUMMARY.json	grade_histology	de288e66077b8d59851d50e088ddca9e05ce1645749d9bdd3c0902867c10b9eb	path_only
analyses/grade-histology-sensitivity/data-preparation/validation/INPUT_SOURCE_HASH_AUDIT.json	grade_histology	040483724321b8846c0447b988f4482f3f1aad410dc42b6e0f9556b16eff353b	normalised
analyses/grade-histology-sensitivity/data-preparation/validation/LIVE_ACQUISITION_COMPARISON.tsv	grade_histology	57f415b7ffda330d16da6f7e10ada75a14c6f34996861f48d8b732f909bcd831	path_only
analyses/grade-histology-sensitivity/data-preparation/validation/PRESERVATION_AUDIT.json	grade_histology	27b7fa5eb092436e4b5e2472048813dbe79e8373d9e38d735ebc56c48c8a69d7	normalised
analyses/grade-histology-sensitivity/data-preparation/validation/SOURCE_AND_SEMANTIC_AUDIT.md	grade_histology	1f19908c6e7a96b460be5962d1a21cd2743cb567186717d1247fe699503ede03	normalised
analyses/grade-histology-sensitivity/data-preparation/validation/acquisition/round1/acquisition_metadata.json	grade_histology	52a046473774aeb268c6d0b501a79e468c8251064ded68f26affd4fd2f514bdb	path_only
analyses/grade-histology-sensitivity/data-preparation/validation/acquisition/round1/cptac_discovery_cbio_grade.canonical.json	grade_histology	8409e1ba14bb11db07e3cd20c0a7b7daff23e450348c7f4b37ab8c9daedfe963	path_only
analyses/grade-histology-sensitivity/data-preparation/validation/acquisition/round1/cptac_discovery_cbio_grade.raw.json	grade_histology	287b4a02df4f41c3ff64727215bf56a003b6d048e7d20e06af1e359d9d5075d9	path_only
analyses/grade-histology-sensitivity/data-preparation/validation/acquisition/round1/cptac_discovery_cbio_histology.canonical.json	grade_histology	cc5a0343e0e876fdac91ecda0d8632a2b105133b4adc61a39d0aaf11cef238bd	path_only
analyses/grade-histology-sensitivity/data-preparation/validation/acquisition/round1/cptac_discovery_cbio_histology.raw.json	grade_histology	4133634004e840605a9e1fc9c3b4a1cafeeb8dd182fcf4a5dc9f5cfef7e17393	path_only
analyses/grade-histology-sensitivity/data-preparation/validation/acquisition/round1/pdc_PDC000125.canonical.json	grade_histology	8143943f3084a93ee1e49a62f892c8ac02b16efd74ee7a5e42df8109157e442e	path_only
analyses/grade-histology-sensitivity/data-preparation/validation/acquisition/round1/pdc_PDC000125.raw.json	grade_histology	8143943f3084a93ee1e49a62f892c8ac02b16efd74ee7a5e42df8109157e442e	path_only
analyses/grade-histology-sensitivity/data-preparation/validation/acquisition/round1/pdc_PDC000439.canonical.json	grade_histology	de0dc78e2705070d8b21d0fb3db8c2a777a246ef49398036872fc0c6abebe61d	path_only
analyses/grade-histology-sensitivity/data-preparation/validation/acquisition/round1/pdc_PDC000439.raw.json	grade_histology	de0dc78e2705070d8b21d0fb3db8c2a777a246ef49398036872fc0c6abebe61d	path_only
analyses/grade-histology-sensitivity/data-preparation/validation/acquisition/round1/tcga_cbio_grade.canonical.json	grade_histology	2705c71a20870f1a9e4e69c48f638065e8732b3a333f37bfccb55dc2c5680a46	path_only
analyses/grade-histology-sensitivity/data-preparation/validation/acquisition/round1/tcga_cbio_grade.raw.json	grade_histology	4af93f837dda71a50b6e5010fb63404b851f29ed4b671f611351c1d6af3c3edc	path_only
analyses/grade-histology-sensitivity/data-preparation/validation/acquisition/round1/tcga_cbio_icdo_histology.canonical.json	grade_histology	fb61c87ed612628944e1c2e5b750f23a0a12c9f4cbc2361f1aa4e2b70d31b580	path_only
analyses/grade-histology-sensitivity/data-preparation/validation/acquisition/round1/tcga_cbio_icdo_histology.raw.json	grade_histology	fce9c7b47ef10a85876cc92c8b1eee330246db91a4c20b0403f9b9ce0f4a89b9	path_only
analyses/grade-histology-sensitivity/data-preparation/validation/acquisition/round2/acquisition_metadata.json	grade_histology	54a6b310c527c58da549ed2810055b66bd2f6aea5eb2b2b8df1ab19382613e6d	path_only
analyses/grade-histology-sensitivity/data-preparation/validation/acquisition/round2/cptac_discovery_cbio_grade.canonical.json	grade_histology	8409e1ba14bb11db07e3cd20c0a7b7daff23e450348c7f4b37ab8c9daedfe963	path_only
analyses/grade-histology-sensitivity/data-preparation/validation/acquisition/round2/cptac_discovery_cbio_grade.raw.json	grade_histology	287b4a02df4f41c3ff64727215bf56a003b6d048e7d20e06af1e359d9d5075d9	path_only
analyses/grade-histology-sensitivity/data-preparation/validation/acquisition/round2/cptac_discovery_cbio_histology.canonical.json	grade_histology	cc5a0343e0e876fdac91ecda0d8632a2b105133b4adc61a39d0aaf11cef238bd	path_only
analyses/grade-histology-sensitivity/data-preparation/validation/acquisition/round2/cptac_discovery_cbio_histology.raw.json	grade_histology	4133634004e840605a9e1fc9c3b4a1cafeeb8dd182fcf4a5dc9f5cfef7e17393	path_only
analyses/grade-histology-sensitivity/data-preparation/validation/acquisition/round2/pdc_PDC000125.canonical.json	grade_histology	8143943f3084a93ee1e49a62f892c8ac02b16efd74ee7a5e42df8109157e442e	path_only
analyses/grade-histology-sensitivity/data-preparation/validation/acquisition/round2/pdc_PDC000125.raw.json	grade_histology	8143943f3084a93ee1e49a62f892c8ac02b16efd74ee7a5e42df8109157e442e	path_only
analyses/grade-histology-sensitivity/data-preparation/validation/acquisition/round2/pdc_PDC000439.canonical.json	grade_histology	de0dc78e2705070d8b21d0fb3db8c2a777a246ef49398036872fc0c6abebe61d	path_only
analyses/grade-histology-sensitivity/data-preparation/validation/acquisition/round2/pdc_PDC000439.raw.json	grade_histology	de0dc78e2705070d8b21d0fb3db8c2a777a246ef49398036872fc0c6abebe61d	path_only
analyses/grade-histology-sensitivity/data-preparation/validation/acquisition/round2/tcga_cbio_grade.canonical.json	grade_histology	2705c71a20870f1a9e4e69c48f638065e8732b3a333f37bfccb55dc2c5680a46	path_only
analyses/grade-histology-sensitivity/data-preparation/validation/acquisition/round2/tcga_cbio_grade.raw.json	grade_histology	4af93f837dda71a50b6e5010fb63404b851f29ed4b671f611351c1d6af3c3edc	path_only
analyses/grade-histology-sensitivity/data-preparation/validation/acquisition/round2/tcga_cbio_icdo_histology.canonical.json	grade_histology	fb61c87ed612628944e1c2e5b750f23a0a12c9f4cbc2361f1aa4e2b70d31b580	path_only
analyses/grade-histology-sensitivity/data-preparation/validation/acquisition/round2/tcga_cbio_icdo_histology.raw.json	grade_histology	fce9c7b47ef10a85876cc92c8b1eee330246db91a4c20b0403f9b9ce0f4a89b9	path_only
analyses/grade-histology-sensitivity/data-preparation/validation/firewall_trace_audit.py	grade_histology	4e3609f9724156b816520e8a3927617ba41ed0595f6a96ad4545dc3d96e44e61	normalised
analyses/grade-histology-sensitivity/data-preparation/validation/independent_acquire.py	grade_histology	3aa094a86020d3babc2420647604548ec0b714d44fe248b0fa42fa75786f6023	path_only
analyses/grade-histology-sensitivity/data-preparation/validation/independent_reconstruct.py	grade_histology	aeb9fdc73217c5eb5392206b88d006c13376a618dac629a64930f9c11c0a033d	normalised
analyses/grade-histology-sensitivity/data-preparation/validation/validation_ACCESS_LOG.tsv	grade_histology	d0705e5c14443c15afb02751ceb634eb2afb88470969e04deb0b29c6639874c8	normalised
analyses/grade-histology-sensitivity/data-preparation/validation/validation_REPRODUCIBILITY_MANIFEST.json	grade_histology	a2f5a8784df7906cff7d440c243b62ebc98587941c38b557a32d615ddf69a960	normalised
analyses/grade-histology-sensitivity/data-preparation/validation/validation_VERDICT_PHASE1.md	grade_histology	1b83bae3d188db5e844c1786f3d5773c0e2c183d8a050d5c0f575b8c6eeadbcf	normalised
analyses/grade-histology-sensitivity/data-preparation/validation/validation_closeout.py	grade_histology	0e5d86e360943d36f68674b05d0581b34131531b58e2610013e8ed7de0c5084d	normalised
analyses/grade-histology-sensitivity/final-analysis/BYTE_IDENTITY_REPORT.json	grade_histology	775e420352f51bf82dbf8338ff50837b44d285b9c6573685355fd0f0814f129b	path_only
analyses/grade-histology-sensitivity/final-analysis/COMMANDS_CHRONOLOGICAL.tsv	grade_histology	a93cd5bef6d8b2319c0b28aba5d4a270ce4417d3360e94b36e0220bdc822bb22	normalised
analyses/grade-histology-sensitivity/final-analysis/COMMAND_COVERAGE_NOTE.md	grade_histology	8a9ef914da29a1ea1c7eb7c35d7cc0a31d08512c9534505947d5801acd1640ea	path_only
analyses/grade-histology-sensitivity/final-analysis/DEVIATIONS.md	grade_histology	967fc7cfbc08a7f7abb5a8e5dfd954ce94eb2f9680e3c503a2d9e1bd60498b1e	path_only
analyses/grade-histology-sensitivity/final-analysis/ENVIRONMENT.txt	grade_histology	ffd1b79c3d6a9e8357760219578a1c7010ece06374b40b2a8e944a986b985c92	path_only
analyses/grade-histology-sensitivity/final-analysis/EXECUTION_CONFIG.json	grade_histology	45d1f85dd7e23f9cfc3447625cbb97ee94f41b122ffba09cd8a06a7c447e01f4	normalised
analyses/grade-histology-sensitivity/final-analysis/FILE_INVENTORY.tsv	grade_histology	c4b79a7115fa0731dcecc98988a6904ca1e5920e195d765a14ccaac5baa34117	path_only
analyses/grade-histology-sensitivity/final-analysis/INPUT_ACCESS_ALLOWLIST.tsv	grade_histology	0b29f01e06db89dec558803347ece674be87bc7b17206c6555ca7953487a9231	normalised
analyses/grade-histology-sensitivity/final-analysis/OUTPUT_SHA256SUMS.txt	grade_histology	b3c7a2654e1b4f26ddcf4e40fddff266236a93aca2d9f9fa5ee8edbcb52fa57e	path_only
analyses/grade-histology-sensitivity/final-analysis/PRE_OUTCOME_EXECUTION_SEAL.json	grade_histology	a829e3664ab6c73e8e95c805d055d0e35b90852b77fc8224cc6fb33ff5962cc0	normalised
analyses/grade-histology-sensitivity/final-analysis/RAW_ANALYTICAL_REPORT.md	grade_histology	ff19d43dfeaeb14f104a3d5a501f3a32f55cfe848862add0bd573cfc43f1d972	path_only
analyses/grade-histology-sensitivity/final-analysis/RAW_NUMBERS.json	grade_histology	f528a4713b1a040a09968ddd68a7fdeb59b19cb30706d6d898e5a5a2962f72c4	path_only
analyses/grade-histology-sensitivity/final-analysis/REPRODUCIBILITY_MANIFEST.json	grade_histology	3b21e951e72a9b0634758ca0b064043ae8d29c6afb2f7dea187109cc1a0b4b33	normalised
analyses/grade-histology-sensitivity/final-analysis/RUN1_SCIENTIFIC_SHA256SUMS.txt	grade_histology	43ed5fe55fa783db8295b6efb89e15c5c87b89f0f4cc70ddcc1dffb2796434f6	path_only
analyses/grade-histology-sensitivity/final-analysis/RUN2_SCIENTIFIC_SHA256SUMS.txt	grade_histology	5037e967e4219aa2f35a3025fbb6ce6b3e06e76268286e802dda86cfc13a4591	path_only
analyses/grade-histology-sensitivity/final-analysis/STATIC_ACCESS_SCAN.json	grade_histology	5a087205aef8b1a5d2c7443cc880935b143685ab1edaafa7dcb6bb617b2f754f	normalised
analyses/grade-histology-sensitivity/final-analysis/UPSTREAM_POINT_ESTIMATE_RECONCILIATION.json	grade_histology	8cbc77e9209a5dd6f2791e04bd1409137cf9e1fb3081ff3e5dee1637d7616230	normalised
analyses/grade-histology-sensitivity/final-analysis/UPSTREAM_POINT_ESTIMATE_RECONCILIATION.tsv	grade_histology	65b63f0d4f65f7359d7a19e2ab7fabffbf2d394d26a9de32f162a9c2bbc60f5a	path_only
analyses/grade-histology-sensitivity/final-analysis/UPSTREAM_RECONCILIATION.stderr	grade_histology	e3b0c44298fc1c149afbf4c8996fb92427ae41e4649b934ca495991b7852b855	path_only
analyses/grade-histology-sensitivity/final-analysis/UPSTREAM_RECONCILIATION.stdout	grade_histology	710e2328c9d3ec4866c942f531063e721f8a77a39e03cfb4877ff8e408e5c181	path_only
analyses/grade-histology-sensitivity/final-analysis/UPSTREAM_RECONCILIATION_ACCESS_LOG.tsv	grade_histology	0af5df1e4d91486b69ba5a885f461816a6579c3bb60eaee22b74cf3e81a77878	normalised
analyses/grade-histology-sensitivity/final-analysis/audit_bootstrap.txt	grade_histology	1c24712f79af1cea09a3b782d81cd16ab55f9be815bb972abfdc4e5bee685b9c	normalised
analyses/grade-histology-sensitivity/final-analysis/audit_exec.sh	grade_histology	afd8f7b264eaf023b9e69bf58bedaa8f6ddb0241fe0ba7150cd8062059e17c91	path_only
analyses/grade-histology-sensitivity/final-analysis/finalize_final.py	grade_histology	0ed138bae9fa10e9ecdb0563aae24bcd05becf780b5095800511c244e0b1421b	normalised
analyses/grade-histology-sensitivity/final-analysis/prepare_seal.py	grade_histology	28c5754c0d556258dddaf11fce70c3fd714b91e539af9133709caa282ad1f59f	path_only
analyses/grade-histology-sensitivity/final-analysis/reconcile_upstream.py	grade_histology	b3e6b57dadcc5c4c8f6e35e929df6fe336ed48a3f6a4252f540b2495f3881aed	normalised
analyses/grade-histology-sensitivity/final-analysis/run1/ANALYTICAL_REPORT.md	grade_histology	8ca9ceab140bfe754eec3b84696cc824a30d2022f6085730a05485bcaa008af0	path_only
analyses/grade-histology-sensitivity/final-analysis/run1/CLINICAL_DISTRIBUTIONS.tsv	grade_histology	b3cd4a7b3aca1b1740fcb8c209eaab710c1693083b0d757d18f07ae1b12403c0	path_only
analyses/grade-histology-sensitivity/final-analysis/run1/COHORT_COUNTS.tsv	grade_histology	da6e90bf2f8b34f0df2816844d0fc44a377bed97ca8b77e67516ed7d13417e10	path_only
analyses/grade-histology-sensitivity/final-analysis/run1/INFLUENCE_RECORDS.tsv	grade_histology	5e07c72f5376d989402d64fcad6d3caa60ac6b0a0b816cff938acf52cb4e9dd8	path_only
analyses/grade-histology-sensitivity/final-analysis/run1/INPUT_ACCESS_INVENTORY.tsv	grade_histology	7f2e4c08c5481b0753dc08e1467bd9aeeb3ec1752b466a71fefdbdf9837cb290	normalised
analyses/grade-histology-sensitivity/final-analysis/run1/MANUSCRIPT_READY_SENSITIVITY_TABLE.tsv	grade_histology	c5d8f2722c2d1befe276fa537f7db63e56d3fd67d37ec6eca05cc36e6718ffc9	path_only
analyses/grade-histology-sensitivity/final-analysis/run1/MATCHED_DECOMPOSITIONS.tsv	grade_histology	b6fd3cc094a6dd5b3f76b0a8ddf71311e1776d37b7b07c216485b72f7a48cab6	path_only
analyses/grade-histology-sensitivity/final-analysis/run1/MISSINGNESS.tsv	grade_histology	4e444be521a174e376e4a9f43cf223c4c3bfccf8dc657c544a2f45ee767f37f2	path_only
analyses/grade-histology-sensitivity/final-analysis/run1/MODEL_DIAGNOSTICS.tsv	grade_histology	cf8797723da44ae2235e677ef190767ebe0ca55b6ff6f4f02b5390f345f44221	path_only
analyses/grade-histology-sensitivity/final-analysis/run1/MODEL_RESULTS.tsv	grade_histology	0738c65a7d1631ea425693d117b46e000ecd67d92e285b035316a229a9f4b090	path_only
analyses/grade-histology-sensitivity/final-analysis/run1/PROPOSED_WORDING.md	grade_histology	528889f43228b10448c36e4e44aec8c4ce5ea0ab32e39128019953e8d4c0b267	path_only
analyses/grade-histology-sensitivity/final-analysis/run1/SCIENTIFIC_RESULTS.json	grade_histology	a10c5d92f9bb1a9165ca255b6b7f98bba247ee17435e11f69dad36741fa076b8	path_only
analyses/grade-histology-sensitivity/final-analysis/run1/SIX_TARGET_APPENDIX.tsv	grade_histology	0738c65a7d1631ea425693d117b46e000ecd67d92e285b035316a229a9f4b090	path_only
analyses/grade-histology-sensitivity/final-analysis/run2/ANALYTICAL_REPORT.md	grade_histology	8ca9ceab140bfe754eec3b84696cc824a30d2022f6085730a05485bcaa008af0	path_only
analyses/grade-histology-sensitivity/final-analysis/run2/CLINICAL_DISTRIBUTIONS.tsv	grade_histology	b3cd4a7b3aca1b1740fcb8c209eaab710c1693083b0d757d18f07ae1b12403c0	path_only
analyses/grade-histology-sensitivity/final-analysis/run2/COHORT_COUNTS.tsv	grade_histology	da6e90bf2f8b34f0df2816844d0fc44a377bed97ca8b77e67516ed7d13417e10	path_only
analyses/grade-histology-sensitivity/final-analysis/run2/INFLUENCE_RECORDS.tsv	grade_histology	5e07c72f5376d989402d64fcad6d3caa60ac6b0a0b816cff938acf52cb4e9dd8	path_only
analyses/grade-histology-sensitivity/final-analysis/run2/INPUT_ACCESS_INVENTORY.tsv	grade_histology	7f2e4c08c5481b0753dc08e1467bd9aeeb3ec1752b466a71fefdbdf9837cb290	normalised
analyses/grade-histology-sensitivity/final-analysis/run2/MANUSCRIPT_READY_SENSITIVITY_TABLE.tsv	grade_histology	c5d8f2722c2d1befe276fa537f7db63e56d3fd67d37ec6eca05cc36e6718ffc9	path_only
analyses/grade-histology-sensitivity/final-analysis/run2/MATCHED_DECOMPOSITIONS.tsv	grade_histology	b6fd3cc094a6dd5b3f76b0a8ddf71311e1776d37b7b07c216485b72f7a48cab6	path_only
analyses/grade-histology-sensitivity/final-analysis/run2/MISSINGNESS.tsv	grade_histology	4e444be521a174e376e4a9f43cf223c4c3bfccf8dc657c544a2f45ee767f37f2	path_only
analyses/grade-histology-sensitivity/final-analysis/run2/MODEL_DIAGNOSTICS.tsv	grade_histology	cf8797723da44ae2235e677ef190767ebe0ca55b6ff6f4f02b5390f345f44221	path_only
analyses/grade-histology-sensitivity/final-analysis/run2/MODEL_RESULTS.tsv	grade_histology	0738c65a7d1631ea425693d117b46e000ecd67d92e285b035316a229a9f4b090	path_only
analyses/grade-histology-sensitivity/final-analysis/run2/PROPOSED_WORDING.md	grade_histology	528889f43228b10448c36e4e44aec8c4ce5ea0ab32e39128019953e8d4c0b267	path_only
analyses/grade-histology-sensitivity/final-analysis/run2/SCIENTIFIC_RESULTS.json	grade_histology	a10c5d92f9bb1a9165ca255b6b7f98bba247ee17435e11f69dad36741fa076b8	path_only
analyses/grade-histology-sensitivity/final-analysis/run2/SIX_TARGET_APPENDIX.tsv	grade_histology	0738c65a7d1631ea425693d117b46e000ecd67d92e285b035316a229a9f4b090	path_only
analyses/grade-histology-sensitivity/final-analysis/run_phase2.py	grade_histology	4f5d4959a5b4bf6964ff7858eefb8cf181ced2de93fbc98d00c6c5058265c2aa	path_only
analyses/grade-histology-sensitivity/final-analysis/trace_exec.sh	grade_histology	20630160a846062de32635ad00dd02d95df6dee2be628b42a645c020c41b0e8b	path_only
analyses/grade-histology-sensitivity/protocol/allowed-inputs.json	grade_histology	40e11800d4d5f56388ca7563886215d07e219dc6d8f440b7069e0d3be772615b	normalised
analyses/grade-histology-sensitivity/protocol/frozen-analysis-plan/PHASE2_ANALYSIS_CHARTER.md	grade_histology	195aa495733a5a3ace0e3bda8ce3a11db8eff588477f16d10fe9eb9c868d1950	normalised
analyses/grade-histology-sensitivity/protocol/frozen-analysis-plan/PHASE2_FREEZE_SHA256SUMS.txt	grade_histology	cb3017f9b76bee0fe19166ee0b94b2e2a11abadca6101b1d9e75dda171681093	path_only
analyses/grade-histology-sensitivity/protocol/frozen-analysis-plan/PHASE2_FROZEN_SPEC.json	grade_histology	14343c81ed4a9211e26117d5489ef24d3d158a028121b4c78e633e956a24ef35	normalised
analyses/grade-histology-sensitivity/protocol/frozen-analysis-plan/PHASE2_INPUT_HASHES.tsv	grade_histology	20a6b6335854e0f6a220b808668241370db6d496f0de38033569e079dd5c5c3f	normalised
analyses/grade-histology-sensitivity/protocol/outcome-blind-data-protocol.md	grade_histology	09c6950e997b9c2534180d34c86e246ba749943b07a4f6bed62f5cbcea5ee2b9	normalised
analyses/grade-histology-sensitivity/validation/ADVERSARIAL_CHECKS.json	grade_histology	05bd1a05ca70b792f9d21ed9ff05504df535e40f58fa613eb690f72f01939da2	path_only
analyses/grade-histology-sensitivity/validation/INDEPENDENT_INFLUENCE_RECORDS.tsv	grade_histology	fe1bfc61f20eea670256b2d3e35ec6a7f2af0d83e61d9a8e2809ab735879c947	path_only
analyses/grade-histology-sensitivity/validation/INDEPENDENT_MATCHED_DECOMPOSITIONS.tsv	grade_histology	d5d0028fe15b8ff4a553a4177a35dc4b0c42744d6c34a709b0066b4799d87b34	path_only
analyses/grade-histology-sensitivity/validation/INDEPENDENT_MODEL_DIAGNOSTICS.tsv	grade_histology	d3457b695fccb45d455dadea4693163416ae652fc355fca3da27dead0195c100	path_only
analyses/grade-histology-sensitivity/validation/INDEPENDENT_MODEL_RESULTS.tsv	grade_histology	dbca26bea2a4112bd5adc152078fc87dc6904bfd2d44ab9c02cac5b6876845c1	path_only
analyses/grade-histology-sensitivity/validation/INDEPENDENT_REPRODUCTION_SUMMARY.json	grade_histology	c9ecb4f5cdc4ab4b9f06540ad21e45ea61d235e57b904a816c156368976fddc2	path_only
analyses/grade-histology-sensitivity/validation/INDEPENDENT_ROSTERS.tsv	grade_histology	99eb6c27893b17c9eb7c9922fa40d1ce386f2bd278a724c4c6e7ecbd362b9f35	path_only
analyses/grade-histology-sensitivity/validation/INDEPENDENT_SEEDS.tsv	grade_histology	181ed77d6c658cb105f873f04e8a993350addf23ce23469bacccfba3f58f6b62	path_only
analyses/grade-histology-sensitivity/validation/INDEPENDENT_UPSTREAM_RECONCILIATION.json	grade_histology	db3273d3f3268eb46354d0c9de4ad2ba3f627b0b84aeb9e3bcd56c0e5542bede	normalised
analyses/grade-histology-sensitivity/validation/INDEPENDENT_UPSTREAM_RECONCILIATION.tsv	grade_histology	160ed2f5ea6e6c85d9ab0e7468a79b91e7f5796852220d9750759748839f056e	path_only
analyses/grade-histology-sensitivity/validation/PROVENANCE_AUDIT.json	grade_histology	8c5bccebf977134823ad5d149e59b31477f82f6b80cb6b4629b8662fb34080ce	normalised
analyses/grade-histology-sensitivity/validation/adversarial_checks.py	grade_histology	24c63fedc2fa380d7251000f15c1dbfc2fab1892c0497bbdea3ec76a09e1b68a	path_only
analyses/grade-histology-sensitivity/validation/build_checksums.py	grade_histology	efbfcc1298f951ea05564a4b4b456280d4ace2d4f13848f659a0227ecc25ff62	path_only
analyses/grade-histology-sensitivity/validation/build_validation_manifest.py	grade_histology	448250df0e85e9703f954ff6f30c0c1b62cef09cb9461168abb1558644860cba	normalised
analyses/grade-histology-sensitivity/validation/independent_reconstruction.py	grade_histology	e52e3482f27f2a553719975ac384b599f861d27e2e335ebc72621c393c65a1c8	normalised
analyses/grade-histology-sensitivity/validation/independent_upstream_reconciliation.py	grade_histology	3bb8ac3bd1386b6f6c59ceb030bdd5ae6e9705bc7bbe89b8825518ba1be5c94f	normalised
analyses/grade-histology-sensitivity/validation/provenance_audit.py	grade_histology	52daa2e18ef7b1c3a1049b427edea83f744b5dccddb898e9e53e1139a20a76dd	normalised
analyses/grade-histology-sensitivity/validation/validation-report.md	grade_histology	8d84b8aa69750ab513661de85747854da3e0aea05ce8bfc070d61c28ccc782fa	normalised
analyses/grade-histology-sensitivity/validation/validation_REPRODUCIBILITY_MANIFEST.json	grade_histology	2c910e2c987c74674c074aa5f080af43bffa8c93a40ba7e37dd7184546b2f56b	path_only
analyses/grade-histology-sensitivity/validation/validation_SHA256SUMS.txt	grade_histology	c453d626bc2dd28cfb13240100e396bf1746c2863ca49026e05f175e5af482fc	normalised
analyses/grade-histology-sensitivity/validation/validation_VERDICT_final.md	grade_histology	8d84b8aa69750ab513661de85747854da3e0aea05ce8bfc070d61c28ccc782fa	normalised
analyses/molecular-subtype-sensitivity/figures/GATA2_PER_CLASS_FOREST.pdf	molecular_subtype	2fb96d13035b736f14e845d7ae948172c001df8ae799486145ec572f220606f1	path_only
analyses/molecular-subtype-sensitivity/figures/GATA2_PER_CLASS_FOREST.png	molecular_subtype	b807815f5103b2f14219e782ae07659978480e3be1fca71bcfa16c63925153b3	path_only
analyses/molecular-subtype-sensitivity/figures/GATA2_PER_CLASS_FOREST.svg	molecular_subtype	76eb922d32a737ce7d9911c4132c4f3a78d3d20e48163ac01835675c9bca6783	path_only
analyses/molecular-subtype-sensitivity/figures/SOX9_PER_CLASS_FOREST.pdf	molecular_subtype	a79080161aa8748fdfe76ac077a8d4150359ed66053f48cb781252581ff4204c	path_only
analyses/molecular-subtype-sensitivity/figures/SOX9_PER_CLASS_FOREST.png	molecular_subtype	1adf736fc92416ec5874924be06c159fb0563e306cf126414aaa666f6c064811	path_only
analyses/molecular-subtype-sensitivity/figures/SOX9_PER_CLASS_FOREST.svg	molecular_subtype	d2208b604cbdf61545bcbe04d115a2366eb51aa8afa656c1d9956984f8e46221	path_only
analyses/molecular-subtype-sensitivity/protocol/frozen-analysis-specification.json	molecular_subtype	044bf4c5cdb80df5825e91cf5c6c9a29b17d2e75dac4f8d67f002f1655534340	normalised
analyses/molecular-subtype-sensitivity/protocol/hypothesis-and-analysis-plan.md	molecular_subtype	0dbd83c4dd69cca9fc70eecb9a8012bf6e91bfb9b51fcc0abd10f36c84d9851a	normalised
analyses/molecular-subtype-sensitivity/reproducibility/run-1/ANALYTICAL_REPORT.md	molecular_subtype	f3a235cca45d3278512bd1e928105db3673baa191605ae6cdcbed2a64c527a9b	normalised
analyses/molecular-subtype-sensitivity/reproducibility/run-1/DEPENDENCIES.lock	molecular_subtype	9257f50eecf827ccf184cbcc5d2ed6c8f8c2db2055c8cdc9a8a3f0816c0478c1	path_only
analyses/molecular-subtype-sensitivity/reproducibility/run-1/INPUT_CHECKSUMS.tsv	molecular_subtype	23a897873ff9f82acf572b730d39aa388985f74ce7fbe75f5ab753eaeb25fd30	normalised
analyses/molecular-subtype-sensitivity/reproducibility/run-1/REPRODUCIBILITY_MANIFEST.json	molecular_subtype	7b1dd0502bcc18bce8ec29f9fa8ab43a640ec4a3d2ecf1cf4e06da106f7c2127	normalised
analyses/molecular-subtype-sensitivity/reproducibility/run-1/SEED_SCHEME.md	molecular_subtype	fc6061188a471e5fb9ee439126790056128e54a5df4dcdf667a05b35e7771d7f	path_only
analyses/molecular-subtype-sensitivity/reproducibility/run-1/SESSION_ENVIRONMENT.json	molecular_subtype	2f1ebd3cb3138336bc8411fbc9143d70b5bc78931983b0f9f178bace8411655e	path_only
analyses/molecular-subtype-sensitivity/reproducibility/run-1/figures/GATA2_PER_CLASS_FOREST.pdf	molecular_subtype	2fb96d13035b736f14e845d7ae948172c001df8ae799486145ec572f220606f1	path_only
analyses/molecular-subtype-sensitivity/reproducibility/run-1/figures/GATA2_PER_CLASS_FOREST.png	molecular_subtype	b807815f5103b2f14219e782ae07659978480e3be1fca71bcfa16c63925153b3	path_only
analyses/molecular-subtype-sensitivity/reproducibility/run-1/figures/GATA2_PER_CLASS_FOREST.svg	molecular_subtype	76eb922d32a737ce7d9911c4132c4f3a78d3d20e48163ac01835675c9bca6783	path_only
analyses/molecular-subtype-sensitivity/reproducibility/run-1/figures/SOX9_PER_CLASS_FOREST.pdf	molecular_subtype	a79080161aa8748fdfe76ac077a8d4150359ed66053f48cb781252581ff4204c	path_only
analyses/molecular-subtype-sensitivity/reproducibility/run-1/figures/SOX9_PER_CLASS_FOREST.png	molecular_subtype	1adf736fc92416ec5874924be06c159fb0563e306cf126414aaa666f6c064811	path_only
analyses/molecular-subtype-sensitivity/reproducibility/run-1/figures/SOX9_PER_CLASS_FOREST.svg	molecular_subtype	d2208b604cbdf61545bcbe04d115a2366eb51aa8afa656c1d9956984f8e46221	path_only
analyses/molecular-subtype-sensitivity/reproducibility/run-1/integrity/PROVENANCE_GATE.json	molecular_subtype	d12e2cc80d11e117200f04f8a90441647e2f88a09f7ce25258de1c57ee7f7862	normalised
analyses/molecular-subtype-sensitivity/reproducibility/run-1/integrity/UPSTREAM_AND_DIRTY_WORKTREE_PRESERVATION.json	molecular_subtype	aeffffb4eec08cbfa0bd11e78ce670ecf635924d77c278c230508f5cc860243c	normalised
analyses/molecular-subtype-sensitivity/reproducibility/run-1/results/C2_RECONSTRUCTION_CHECKS.tsv	molecular_subtype	540f95ef76a888042309e4a5dac74fab3d99ebaa7ec20d8fc06923e2fa3323ec	path_only
analyses/molecular-subtype-sensitivity/reproducibility/run-1/results/CPTAC_FIXED_EFFECT_META.tsv	molecular_subtype	4015a50142741b37b8bc84cc3149f2146a2a5877b519de719934a8e0f4de7b93	path_only
analyses/molecular-subtype-sensitivity/reproducibility/run-1/results/DESCRIPTIVE_BH18_FAMILIES.tsv	molecular_subtype	be6fca082faf60b0c6b8983b13d9e6165a411618f890f736e0a1ee9ad7c1efaf	path_only
analyses/molecular-subtype-sensitivity/reproducibility/run-1/results/GATA2_SOX9_HETEROGENEITY.md	molecular_subtype	b5d02a3241513e7b97fb7eb17ba7018ee41b685c0fe3826f74da224526912366	path_only
analyses/molecular-subtype-sensitivity/reproducibility/run-1/results/GATA2_SOX9_HETEROGENEITY.tsv	molecular_subtype	4a24f110314c98d2ae66ccdca4453644ad1aa9e345d401248f4bd164e00a26a4	path_only
analyses/molecular-subtype-sensitivity/reproducibility/run-1/results/INTERPRETATION_TAXONOMY.tsv	molecular_subtype	b637e9b01f8f8031a6ea87955e7d9ef841b21e821a9c5a9a50a2c19ef54b8285	path_only
analyses/molecular-subtype-sensitivity/reproducibility/run-1/results/MANUSCRIPT_READY_POSTHOC_TABLE.md	molecular_subtype	c8eb741b6799d44547b0aff1a21cb3f8d8ecdad2a24494437361a9e0d48f10f3	path_only
analyses/molecular-subtype-sensitivity/reproducibility/run-1/results/MANUSCRIPT_READY_POSTHOC_TABLE.tsv	molecular_subtype	7bab997f0397d84438cac84fa75147dcb3279a4ed3502fab2c3beef43b3f3574	path_only
analyses/molecular-subtype-sensitivity/reproducibility/run-1/results/PER_CLASS_CONTRASTS.json	molecular_subtype	13cb7bb94cdf8251d1769598599d9d337dc343c114a7a4a78c72048876ae3889	path_only
analyses/molecular-subtype-sensitivity/reproducibility/run-1/results/PER_CLASS_CONTRASTS_LONG.csv	molecular_subtype	0c717c4d05e4164a48477955950409b0ee5d9488d17cdf6682dc5d8b20e41770	path_only
analyses/molecular-subtype-sensitivity/reproducibility/run-1/results/PER_CLASS_CONTRASTS_LONG.tsv	molecular_subtype	ccc62944a898580fd14a3eb0c3561eaef054bd71829c2559f3fe5d155edcbe20	path_only
analyses/molecular-subtype-sensitivity/reproducibility/run-1/results/SAMPLE_COUNTS.tsv	molecular_subtype	18e0496f98c7c4c66885a4e1bb9d1b0bf86829e1df4610a04f1527084fcb7991	path_only
analyses/molecular-subtype-sensitivity/reproducibility/run-1/results/SIX_TARGET_COMPLETENESS.tsv	molecular_subtype	ccc62944a898580fd14a3eb0c3561eaef054bd71829c2559f3fe5d155edcbe20	path_only
analyses/molecular-subtype-sensitivity/reproducibility/run-2/ANALYTICAL_REPORT.md	molecular_subtype	f3a235cca45d3278512bd1e928105db3673baa191605ae6cdcbed2a64c527a9b	normalised
analyses/molecular-subtype-sensitivity/reproducibility/run-2/DEPENDENCIES.lock	molecular_subtype	9257f50eecf827ccf184cbcc5d2ed6c8f8c2db2055c8cdc9a8a3f0816c0478c1	path_only
analyses/molecular-subtype-sensitivity/reproducibility/run-2/INPUT_CHECKSUMS.tsv	molecular_subtype	23a897873ff9f82acf572b730d39aa388985f74ce7fbe75f5ab753eaeb25fd30	normalised
analyses/molecular-subtype-sensitivity/reproducibility/run-2/REPRODUCIBILITY_MANIFEST.json	molecular_subtype	7b1dd0502bcc18bce8ec29f9fa8ab43a640ec4a3d2ecf1cf4e06da106f7c2127	normalised
analyses/molecular-subtype-sensitivity/reproducibility/run-2/SEED_SCHEME.md	molecular_subtype	fc6061188a471e5fb9ee439126790056128e54a5df4dcdf667a05b35e7771d7f	path_only
analyses/molecular-subtype-sensitivity/reproducibility/run-2/SESSION_ENVIRONMENT.json	molecular_subtype	2f1ebd3cb3138336bc8411fbc9143d70b5bc78931983b0f9f178bace8411655e	path_only
analyses/molecular-subtype-sensitivity/reproducibility/run-2/figures/GATA2_PER_CLASS_FOREST.pdf	molecular_subtype	2fb96d13035b736f14e845d7ae948172c001df8ae799486145ec572f220606f1	path_only
analyses/molecular-subtype-sensitivity/reproducibility/run-2/figures/GATA2_PER_CLASS_FOREST.png	molecular_subtype	b807815f5103b2f14219e782ae07659978480e3be1fca71bcfa16c63925153b3	path_only
analyses/molecular-subtype-sensitivity/reproducibility/run-2/figures/GATA2_PER_CLASS_FOREST.svg	molecular_subtype	76eb922d32a737ce7d9911c4132c4f3a78d3d20e48163ac01835675c9bca6783	path_only
analyses/molecular-subtype-sensitivity/reproducibility/run-2/figures/SOX9_PER_CLASS_FOREST.pdf	molecular_subtype	a79080161aa8748fdfe76ac077a8d4150359ed66053f48cb781252581ff4204c	path_only
analyses/molecular-subtype-sensitivity/reproducibility/run-2/figures/SOX9_PER_CLASS_FOREST.png	molecular_subtype	1adf736fc92416ec5874924be06c159fb0563e306cf126414aaa666f6c064811	path_only
analyses/molecular-subtype-sensitivity/reproducibility/run-2/figures/SOX9_PER_CLASS_FOREST.svg	molecular_subtype	d2208b604cbdf61545bcbe04d115a2366eb51aa8afa656c1d9956984f8e46221	path_only
analyses/molecular-subtype-sensitivity/reproducibility/run-2/integrity/PROVENANCE_GATE.json	molecular_subtype	d12e2cc80d11e117200f04f8a90441647e2f88a09f7ce25258de1c57ee7f7862	normalised
analyses/molecular-subtype-sensitivity/reproducibility/run-2/integrity/UPSTREAM_AND_DIRTY_WORKTREE_PRESERVATION.json	molecular_subtype	aeffffb4eec08cbfa0bd11e78ce670ecf635924d77c278c230508f5cc860243c	normalised
analyses/molecular-subtype-sensitivity/reproducibility/run-2/results/C2_RECONSTRUCTION_CHECKS.tsv	molecular_subtype	540f95ef76a888042309e4a5dac74fab3d99ebaa7ec20d8fc06923e2fa3323ec	path_only
analyses/molecular-subtype-sensitivity/reproducibility/run-2/results/CPTAC_FIXED_EFFECT_META.tsv	molecular_subtype	4015a50142741b37b8bc84cc3149f2146a2a5877b519de719934a8e0f4de7b93	path_only
analyses/molecular-subtype-sensitivity/reproducibility/run-2/results/DESCRIPTIVE_BH18_FAMILIES.tsv	molecular_subtype	be6fca082faf60b0c6b8983b13d9e6165a411618f890f736e0a1ee9ad7c1efaf	path_only
analyses/molecular-subtype-sensitivity/reproducibility/run-2/results/GATA2_SOX9_HETEROGENEITY.md	molecular_subtype	b5d02a3241513e7b97fb7eb17ba7018ee41b685c0fe3826f74da224526912366	path_only
analyses/molecular-subtype-sensitivity/reproducibility/run-2/results/GATA2_SOX9_HETEROGENEITY.tsv	molecular_subtype	4a24f110314c98d2ae66ccdca4453644ad1aa9e345d401248f4bd164e00a26a4	path_only
analyses/molecular-subtype-sensitivity/reproducibility/run-2/results/INTERPRETATION_TAXONOMY.tsv	molecular_subtype	b637e9b01f8f8031a6ea87955e7d9ef841b21e821a9c5a9a50a2c19ef54b8285	path_only
analyses/molecular-subtype-sensitivity/reproducibility/run-2/results/MANUSCRIPT_READY_POSTHOC_TABLE.md	molecular_subtype	c8eb741b6799d44547b0aff1a21cb3f8d8ecdad2a24494437361a9e0d48f10f3	path_only
analyses/molecular-subtype-sensitivity/reproducibility/run-2/results/MANUSCRIPT_READY_POSTHOC_TABLE.tsv	molecular_subtype	7bab997f0397d84438cac84fa75147dcb3279a4ed3502fab2c3beef43b3f3574	path_only
analyses/molecular-subtype-sensitivity/reproducibility/run-2/results/PER_CLASS_CONTRASTS.json	molecular_subtype	13cb7bb94cdf8251d1769598599d9d337dc343c114a7a4a78c72048876ae3889	path_only
analyses/molecular-subtype-sensitivity/reproducibility/run-2/results/PER_CLASS_CONTRASTS_LONG.csv	molecular_subtype	0c717c4d05e4164a48477955950409b0ee5d9488d17cdf6682dc5d8b20e41770	path_only
analyses/molecular-subtype-sensitivity/reproducibility/run-2/results/PER_CLASS_CONTRASTS_LONG.tsv	molecular_subtype	ccc62944a898580fd14a3eb0c3561eaef054bd71829c2559f3fe5d155edcbe20	path_only
analyses/molecular-subtype-sensitivity/reproducibility/run-2/results/SAMPLE_COUNTS.tsv	molecular_subtype	18e0496f98c7c4c66885a4e1bb9d1b0bf86829e1df4610a04f1527084fcb7991	path_only
analyses/molecular-subtype-sensitivity/reproducibility/run-2/results/SIX_TARGET_COMPLETENESS.tsv	molecular_subtype	ccc62944a898580fd14a3eb0c3561eaef054bd71829c2559f3fe5d155edcbe20	path_only
analyses/molecular-subtype-sensitivity/results/analytical-report.md	molecular_subtype	978d9638bd2a43f46719e00b8f11d56982ba5f0a5206564df532752c7f2f5df8	normalised
analyses/molecular-subtype-sensitivity/results/tables/C2_RECONSTRUCTION_CHECKS.tsv	molecular_subtype	540f95ef76a888042309e4a5dac74fab3d99ebaa7ec20d8fc06923e2fa3323ec	path_only
analyses/molecular-subtype-sensitivity/results/tables/CPTAC_FIXED_EFFECT_META.tsv	molecular_subtype	4015a50142741b37b8bc84cc3149f2146a2a5877b519de719934a8e0f4de7b93	path_only
analyses/molecular-subtype-sensitivity/results/tables/DESCRIPTIVE_BH18_FAMILIES.tsv	molecular_subtype	be6fca082faf60b0c6b8983b13d9e6165a411618f890f736e0a1ee9ad7c1efaf	path_only
analyses/molecular-subtype-sensitivity/results/tables/GATA2_SOX9_HETEROGENEITY.md	molecular_subtype	b5d02a3241513e7b97fb7eb17ba7018ee41b685c0fe3826f74da224526912366	path_only
analyses/molecular-subtype-sensitivity/results/tables/GATA2_SOX9_HETEROGENEITY.tsv	molecular_subtype	4a24f110314c98d2ae66ccdca4453644ad1aa9e345d401248f4bd164e00a26a4	path_only
analyses/molecular-subtype-sensitivity/results/tables/INTERPRETATION_TAXONOMY.tsv	molecular_subtype	b637e9b01f8f8031a6ea87955e7d9ef841b21e821a9c5a9a50a2c19ef54b8285	path_only
analyses/molecular-subtype-sensitivity/results/tables/MANUSCRIPT_READY_POSTHOC_TABLE.md	molecular_subtype	c8eb741b6799d44547b0aff1a21cb3f8d8ecdad2a24494437361a9e0d48f10f3	path_only
analyses/molecular-subtype-sensitivity/results/tables/MANUSCRIPT_READY_POSTHOC_TABLE.tsv	molecular_subtype	7bab997f0397d84438cac84fa75147dcb3279a4ed3502fab2c3beef43b3f3574	path_only
analyses/molecular-subtype-sensitivity/results/tables/PER_CLASS_CONTRASTS.json	molecular_subtype	13cb7bb94cdf8251d1769598599d9d337dc343c114a7a4a78c72048876ae3889	path_only
analyses/molecular-subtype-sensitivity/results/tables/PER_CLASS_CONTRASTS_LONG.csv	molecular_subtype	0c717c4d05e4164a48477955950409b0ee5d9488d17cdf6682dc5d8b20e41770	path_only
analyses/molecular-subtype-sensitivity/results/tables/PER_CLASS_CONTRASTS_LONG.tsv	molecular_subtype	ccc62944a898580fd14a3eb0c3561eaef054bd71829c2559f3fe5d155edcbe20	path_only
analyses/molecular-subtype-sensitivity/results/tables/SAMPLE_COUNTS.tsv	molecular_subtype	18e0496f98c7c4c66885a4e1bb9d1b0bf86829e1df4610a04f1527084fcb7991	path_only
analyses/molecular-subtype-sensitivity/results/tables/SIX_TARGET_COMPLETENESS.tsv	molecular_subtype	ccc62944a898580fd14a3eb0c3561eaef054bd71829c2559f3fe5d155edcbe20	path_only
analyses/molecular-subtype-sensitivity/results/tables/UPSTREAM_POINT_ESTIMATE_RECONCILIATION.tsv	molecular_subtype	4e41d1d5863bd6b921cf5f1038f5c447afe8a9d906459865c673845730aa817b	path_only
analyses/molecular-subtype-sensitivity/src/build-release.py	molecular_subtype	92580fe912849a7f5366b753cb14d21804f72a8da05cf8813bcbc30866da89de	normalised
analyses/molecular-subtype-sensitivity/src/run-analysis.py	molecular_subtype	20bc3685fc0eb792f139f4244f2f00514af3440c602247612b546b1f2bf280c9	normalised
analyses/molecular-subtype-sensitivity/validation/CHECKSUM_INTEGRITY_REPORT.md	molecular_subtype	e62fd85e63cd0c8583ad013216328b2183b287e1a0a76e4b65577adbd9352325	normalised
analyses/molecular-subtype-sensitivity/validation/COMMANDS.txt	molecular_subtype	cbf9097a75139d038611b92affb06b91a2741a386ce18751714d563bbbc0d9b4	normalised
analyses/molecular-subtype-sensitivity/validation/ENVIRONMENT.json	molecular_subtype	b7975bece56a27b6208ea07f77f4495262542977ccab67f76d4c5cb86617f9a0	path_only
analyses/molecular-subtype-sensitivity/validation/PRESENTATION_AUDIT.md	molecular_subtype	45786fb54dd4667195da7c9a3e62c0a6a082fb877e8aafeca9f029962d05d03b	path_only
analyses/molecular-subtype-sensitivity/validation/SHA256SUMS.txt	molecular_subtype	f11632d506d2e147facec53eb017fe9d5228ff1c99ce11cbf37e9bccf28d5928	normalised
analyses/molecular-subtype-sensitivity/validation/independent_reproduction/DEFINITIVE_RUN_PAIR.tsv	molecular_subtype	e6a891f5e6637a12fe69200ad26da3ddc05bc066ebae6162a209aca90938b7f2	path_only
analyses/molecular-subtype-sensitivity/validation/independent_reproduction/FULL_MACHINE_COMPARISON.json	molecular_subtype	da8a1f9d4f2847d258980240d335abeaca5b19d3535fef7e15b703da7505bf46	normalised
analyses/molecular-subtype-sensitivity/validation/independent_reproduction/FULL_MACHINE_COMPARISON.tsv	molecular_subtype	30db621a092537048e36293a2b66b0aa4b929c258e160ed7a8b362f0c5ddf4c1	normalised
analyses/molecular-subtype-sensitivity/validation/independent_reproduction/INDEPENDENT_IDENTITIES.tsv	molecular_subtype	1ffd10f343ee9f727a5278872e36bc39974f1127c05373a4ad01f6d6d9e1db94	path_only
analyses/molecular-subtype-sensitivity/validation/independent_reproduction/INDEPENDENT_META.tsv	molecular_subtype	f548c399f8b34fe197d2e6f9c2add25f267a723fab5f6d4715b5695cdde1427e	path_only
analyses/molecular-subtype-sensitivity/validation/independent_reproduction/INDEPENDENT_RESULTS.tsv	molecular_subtype	4c8e849381799dbabeb49d5d13785f517fd723d3deb14850adbfb9b93f2c47e3	path_only
analyses/molecular-subtype-sensitivity/validation/independent_reproduction/INPUT_RECHECK.tsv	molecular_subtype	460432998be082d8a8e4cd87df5201846de6325793490535501b8f010476ab72	normalised
analyses/molecular-subtype-sensitivity/validation/independent_reproduction/SUMMARY.json	molecular_subtype	1801542d7e137bef50a82353004cd0ece8f4041ebe666997e69ffa9145e04235	normalised
analyses/molecular-subtype-sensitivity/validation/independent_reproduction/validation_reproduce.py	molecular_subtype	ade6d163939ea2be0cd71a20d7dfd5da9da81485107cff261774e4c15fa736ea	normalised
analyses/molecular-subtype-sensitivity/validation/validation-report.md	molecular_subtype	0ad741e4b40db87a9fcfdd38fc7acb486375825eaf6f79fddccb6ea76974a75c	normalised
analyses/molecular-subtype-sensitivity/validation/validation_VERDICT.md	molecular_subtype	0ad741e4b40db87a9fcfdd38fc7acb486375825eaf6f79fddccb6ea76974a75c	normalised
analyses/no-purity-sensitivity/protocol/model-definition.txt	no_purity	c4fa7e0619a13c26510298c2a60dda134f5394913128be1c339cdee096dccab4	path_only
analyses/no-purity-sensitivity/protocol/revision-record.md	no_purity	6668ca93efb5763debc08990a63c908ce3a7291523c666427c663e45cf76dc0e	normalised
analyses/no-purity-sensitivity/protocol/seed-scheme.md	no_purity	32c03f44e789e9bf4c42a12d5508a5d4e27ef84c8806b46629f07c83032e512c	path_only
analyses/no-purity-sensitivity/reproducibility/dependencies.lock	no_purity	4559207dc665dd9f93bccf9bc61c02d89714ee57263a91c7f11e6982e1e96814	path_only
analyses/no-purity-sensitivity/results/analytical-report.md	no_purity	cc1333677cb7ab35514234117a40f9a1fe1c1e314d7dc1ba9c7f9fa062957e02	normalised
analyses/no-purity-sensitivity/results/base-analysis/delta_d_decomposition.tsv	no_purity	0eeac98ac36f7382e017311bae4644a5e93d2802a4cdc6d65372aab315529676	path_only
analyses/no-purity-sensitivity/results/base-analysis/descriptive_tcga_cptac_gaps.tsv	no_purity	6a8b411f4c8f3e5753f9cf70f937bf58e2ef1162d2ef3264c7b815b563dbf639	path_only
analyses/no-purity-sensitivity/results/base-analysis/per_target_sensitivity_audit.tsv	no_purity	d87b6bc553f51b727b8c12f155d103eee1d2fe21fe3001bcb77d192fd4287ae2	path_only
analyses/no-purity-sensitivity/results/base-analysis/purity_group_differences.tsv	no_purity	628e32c767abf7640dd5adc7d491b27d436e54eaddc049fa9904cd8930d766bb	path_only
analyses/no-purity-sensitivity/results/base-analysis/purity_score_correlations.tsv	no_purity	42618781920871930f1abfee2cbc3700becf3080fd823e73c5a604b2604d50d3	path_only
analyses/no-purity-sensitivity/results/base-analysis/regenerated_full_families.tsv	no_purity	eed0d0292e40964d826fba25986171d9c4dc385075857d6c0f78f174d534998f	path_only
analyses/no-purity-sensitivity/results/base-analysis/regeneration_audit.tsv	no_purity	f932d362ddf62070f54855d01ab6a09f45e176b915caee1bb1c85fc0f2a3ce6e	path_only
analyses/no-purity-sensitivity/results/base-analysis/tcga_primary_vs_nopurity_per_target.tsv	no_purity	f49685bf10cf6f8c8302ddaa81fe4f8c0d60ee36107e7d7f01c89692a52e5399	path_only
analyses/no-purity-sensitivity/results/base-analysis/upstream_checksum_verification.tsv	no_purity	881874cb5369eb7b56ec02554fb5931566fa79b564f82dbff277db79fa32ea3a	normalised
analyses/no-purity-sensitivity/results/gene-leave-one-out/family_reconstruction_audit.tsv	no_purity	eeec3c232e303fcc0d664f7ac9052ba58aaf969df8cefe9743c3cd317b8edff6	path_only
analyses/no-purity-sensitivity/results/gene-leave-one-out/full_score_reconstruction_audit.tsv	no_purity	24881786b09f3265246e891f244f81c1466577c765df30c20b909756bcd6f8b8	path_only
analyses/no-purity-sensitivity/results/gene-leave-one-out/gene_loo_all_point_rows.tsv	no_purity	ce6dd5bca1941721141fd003b3296cc21d36d26337d75b468915b55d54bf00c5	path_only
analyses/no-purity-sensitivity/results/gene-leave-one-out/gene_loo_per_target_summary.tsv	no_purity	9cd17b1595abd027ce09a01ff71c9f78c547ede380785e62a6200a81a905e8cc	path_only
analyses/no-purity-sensitivity/results/gene-leave-one-out/gene_loo_stochastic_full_gate_rows.tsv	no_purity	c0954d0d819e3a602906a4b21e54fcdc975094f1a5b3da109202bd155c7b47b0	path_only
analyses/no-purity-sensitivity/results/gene-leave-one-out/upstream_checksum_verification.tsv	no_purity	881874cb5369eb7b56ec02554fb5931566fa79b564f82dbff277db79fa32ea3a	normalised
analyses/no-purity-sensitivity/results/tables/CATEGORY_CHANGE_REPORT.tsv	no_purity	d47332049893220dc3dbc765d2663617c973e6d8b5e6916107cd60fb6bef6408	path_only
analyses/no-purity-sensitivity/results/tables/COVARIATE_COMPATIBILITY.tsv	no_purity	25ab052b2ee1ba79bee7307ffb2f4cdd56bf1170f673e22e607320128c524072	path_only
analyses/no-purity-sensitivity/results/tables/CPTAC_NUMBER_TRACE.tsv	no_purity	f2130bb349394b021a8a78d6d85afcaf28cab81d00e61205d2fb2357b7f4164a	normalised
analyses/no-purity-sensitivity/results/tables/GATA2_SOX9_DECOMPOSITION.md	no_purity	2dd88298616306341c48dd566e9f0e1da7caf7bb5c3ded46fcd9e7f9a977f62d	path_only
analyses/no-purity-sensitivity/results/tables/GATA2_SOX9_DECOMPOSITION.tsv	no_purity	a298642579a52990d1d45f43fc2fe595e9c9d0a867506bf0ad9763c8b0abe18d	path_only
analyses/no-purity-sensitivity/results/tables/SIX_TARGET_RESULTS.tsv	no_purity	e7445a4df6a48ca05a2a73460687a6fd8399e08b3e7c66843702f7385b465e13	path_only
analyses/no-purity-sensitivity/src/run-base-analysis.py	no_purity	6ecd627012e69d370c8abd47403e24dc32c4f7e89d18ceced4eec2e5c830631b	normalised
analyses/no-purity-sensitivity/src/run-gene-leave-one-out.py	no_purity	d057faadf3e26e543bb9ea8e24ed550c9cca08354b43e82a5d0b36c574ae27cd	normalised
analyses/no-purity-sensitivity/src/run-verification.sh	no_purity	cefe38792ff9ccb70283255ed6bd49f1da37e0d66dc9ca2548c6795ba25a4f12	normalised
analyses/no-purity-sensitivity/validation/COMMANDS.txt	no_purity	2db946f4093910db2120307c3c573da09fba3592391ec81a5ca5ad68525be412	normalised
analyses/no-purity-sensitivity/validation/TARGETED_EVIDENCE.tsv	no_purity	b439c3c63b4e5ae08e0edf313d63307ac8888e8f3e399e80af1d0cb0510312f6	normalised
analyses/no-purity-sensitivity/validation/TARGETED_SHA256SUMS.txt	no_purity	5a7afd6b38dedcdd25420e1275bbb4d0f596a07d17df2f3dfaf8968c5e3c9ba2	normalised
analyses/no-purity-sensitivity/validation/validation-report.md	no_purity	e3a25f3607805e0e8d8335498807656b5688c1234b898c8076ede6a59f3bfe4d	normalised
analyses/no-purity-sensitivity/validation/validation_VERDICT_TARGETED_CYCLE2.md	no_purity	e3a25f3607805e0e8d8335498807656b5688c1234b898c8076ede6a59f3bfe4d	normalised
