config	module	contrast	n	sigma_resid	omnibus_F	omnibus_p_F	omnibus_BH_q_F1	F1_gate_pass	estimate	d	est_ci_lo	est_ci_hi	d_ci_lo	d_ci_hi	perm_p	BH_q_F2	b3_category	category_reason
PRIMARY	M1	C1	506	0.1272176976542097	10.353893805655094	1.2751175777995616e-06	6.6943672834476982e-06	True	0.051952391624045635	0.40837393367436486	0.023166384736883049	0.080911820740337467	0.18608512895913049	0.62887113026800179	0.00049975012493753122	0.0019605581824472381	DESCRIPTIVE	|d|<0.5
PRIMARY	M1	C2	506	0.1272176976542097	10.353893805655094	1.2751175777995616e-06	6.6943672834476982e-06	True	-0.040948462596113178	-0.32187709219054689	-0.071698927950615443	-0.0068265888547629191	-0.60327126577173518	-0.050456608252983051	0.0094952523738130942	0.021054690046281209	DESCRIPTIVE	|d|<0.5
PRIMARY	M1	C3	506	0.1272176976542097	10.353893805655094	1.2751175777995616e-06	6.6943672834476982e-06	True	0.026949404997314907	0.21183691808796962	-0.013603784706095733	0.065896001858693029	-0.11058382233766835	0.51985547071942695	0.20239880059970014	0.29929321053758834	DESCRIPTIVE	F2 q>0.05; |d|<0.5; bootstrap CI includes 0
PRIMARY	M3_DLX5	C1	506	6.4102961629111306	5.4956754920625732	0.0010140478535835714	0.0015210717803753569	True	-1.9086992890710317	-0.29775524259151037	-3.2043834315175146	-0.54025235902314328	-0.5062484757274095	-0.085290147269377253	0.0049975012493753126	0.01158511653264277	DESCRIPTIVE	|d|<0.5
PRIMARY	M3_DLX5	C2	506	6.4102961629111306	5.4956754920625732	0.0010140478535835714	0.0015210717803753569	True	-2.3014124222976111	-0.35901811145843571	-4.0133248862876361	-0.5461307909784151	-0.64006310008766409	-0.087697453230402386	0.0039980009995002497	0.0097094309987863208	DESCRIPTIVE	|d|<0.5
PRIMARY	M3_DLX5	C3	506	6.4102961629111306	5.4956754920625732	0.0010140478535835714	0.0015210717803753569	True	-0.53347452759584613	-0.083221510213902103	-2.8562206100499492	1.6923815105500328	-0.4490009305934029	0.26794762811261225	0.61769115442278866	0.68483149729483084	DESCRIPTIVE	F2 q>0.05; |d|<0.5; bootstrap CI includes 0
PRIMARY	M3_EMX2	C1	506	3.0369562239677053	1.9807478653516839	0.11591806050646547	0.13523773725754304	False	0.14956879556595071	0.04924957244544767	-0.45396001661037794	0.8061221749733859	-0.15009153153886687	0.27027957186016044			DESCRIPTIVE	omnibus F1 gate FAIL -> descriptive/exploratory
PRIMARY	M3_EMX2	C2	506	3.0369562239677053	1.9807478653516839	0.11591806050646547	0.13523773725754304	False	0.91436083876892749	0.30107804371784408	0.17778055295097905	1.7486063816544493	0.058277387782145508	0.58094558418739217			DESCRIPTIVE	omnibus F1 gate FAIL -> descriptive/exploratory
PRIMARY	M3_EMX2	C3	506	3.0369562239677053	1.9807478653516839	0.11591806050646547	0.13523773725754304	False	0.59214274247000098	0.1949790180697375	-0.43745916625999604	1.5709998005376142	-0.14623273550586469	0.52697400410765405			DESCRIPTIVE	omnibus F1 gate FAIL -> descriptive/exploratory
PRIMARY	M3_FOXA2	C1	506	9.9776178300285405	4.9065251716321914	0.0022751537702914463	0.0029861393235075234	True	-0.42740432622456259	-0.0428363095786502	-2.5729486811570714	1.5534139272609591	-0.25894500367568307	0.1586862973010455	0.66816591704147921	0.72503110147054128	CAT5_CLEAN_NULL	H3 equivalence (C1) CI-in-SESOI
PRIMARY	M3_FOXA2	C2	506	9.9776178300285405	4.9065251716321914	0.0022751537702914463	0.0029861393235075234	True	-4.0705209966420259	-0.40796521434118532	-6.6700440559998322	-1.5281275037432673	-0.68017267741920295	-0.15369061399877515	0.0014992503748125937	0.0054615549368173056	DESCRIPTIVE	|d|<0.5
PRIMARY	M3_FOXA2	C3	506	9.9776178300285405	4.9065251716321914	0.0022751537702914463	0.0029861393235075234	True	-4.9231355217285149	-0.49341792856726729	-7.9921650394622485	-1.8456146657601675	-0.80772506294273505	-0.18890604153472676	0.0029985007496251873	0.0080486072753097136	DESCRIPTIVE	|d|<0.5
PRIMARY	M3_GATA2	C1	506	7.8667332425302066	6.238835755938883	0.00036503850232717853	0.00076658085488707486	True	-0.48915692524014776	-0.062180438837763155	-2.1025565154216075	1.1868344363103993	-0.27322843049868917	0.1518989537964904	0.5237381309345327	0.60706010631048113	CAT5_CLEAN_NULL	H3 equivalence (C1) CI-in-SESOI
PRIMARY	M3_GATA2	C2	506	7.8667332425302066	6.238835755938883	0.00036503850232717853	0.00076658085488707486	True	-4.350546249801706	-0.55303085991033596	-6.5566247038694243	-2.2505419739627959	-0.85539907348606281	-0.28652971157688523	0.00049975012493753122	0.0019605581824472381	CAT2_DEPLETION	
PRIMARY	M3_GATA2	C3	506	7.8667332425302066	6.238835755938883	0.00036503850232717853	0.00076658085488707486	True	-2.0317836442761674	-0.25827539610618311	-4.9109088817096849	0.84953053781649002	-0.63793185648576545	0.11055573794271496	0.11544227886056972	0.18992116844803406	DESCRIPTIVE	F2 q>0.05; |d|<0.5; bootstrap CI includes 0
PRIMARY	M3_GATA3	C1	506	11.735029128628961	1.2694571667701544	0.28415281822451416	0.29836045913573989	False	-1.2397264751743755	-0.10564323800014432	-3.7019966042919354	1.3177248960429115	-0.31834314208836506	0.11245186012021843			DESCRIPTIVE	omnibus F1 gate FAIL -> descriptive/exploratory
PRIMARY	M3_GATA3	C2	506	11.735029128628961	1.2694571667701544	0.28415281822451416	0.29836045913573989	False	-2.1132176293067282	-0.18007774894663783	-5.2540833970948233	1.1564195054384572	-0.45853528899863211	0.10027993330630522			DESCRIPTIVE	omnibus F1 gate FAIL -> descriptive/exploratory
PRIMARY	M3_GATA3	C3	506	11.735029128628961	1.2694571667701544	0.28415281822451416	0.29836045913573989	False	-2.0334973978450321	-0.17328439286819322	-6.0709679842889832	2.4338853566228469	-0.53338539599124724	0.20979825958917903			DESCRIPTIVE	omnibus F1 gate FAIL -> descriptive/exploratory
PRIMARY	M3_HOXA10	C1	506	6.473309752102077	1.5846837091630961	0.19215827262971966	0.21238545922232172	False	1.2446479749871835	0.192273817050545	-0.10723010533729015	2.5755562355193367	-0.016442109232014984	0.40445293585888248			DESCRIPTIVE	omnibus F1 gate FAIL -> descriptive/exploratory
PRIMARY	M3_HOXA10	C2	506	6.473309752102077	1.5846837091630961	0.19215827262971966	0.21238545922232172	False	-0.46770789290419756	-0.072251739962284178	-2.0377745765973403	1.1925439197360017	-0.31794425749743488	0.18495250029625648			DESCRIPTIVE	omnibus F1 gate FAIL -> descriptive/exploratory
PRIMARY	M3_HOXA10	C3	506	6.473309752102077	1.5846837091630961	0.19215827262971966	0.21238545922232172	False	-1.7547153649359863	-0.27106927246393203	-3.8058839474584203	0.45540436370678739	-0.599895895075926	0.070891188729607646			DESCRIPTIVE	omnibus F1 gate FAIL -> descriptive/exploratory
PRIMARY	M3_HOXA11	C1	506	2.8882131326680067	5.5860651353274697	0.00089564983624021053	0.0014681451096908739	True	0.1084539935292787	0.03755055065105032	-0.54268505446216997	0.72601767775270276	-0.19024193511464141	0.25320390685219557	0.70814592703648171	0.73704984242572591	CAT5_CLEAN_NULL	H3 equivalence (C1) CI-in-SESOI
PRIMARY	M3_HOXA11	C2	506	2.8882131326680067	5.5860651353274697	0.00089564983624021053	0.0014681451096908739	True	-1.4214252110694594	-0.49214692468225435	-2.0967122425969582	-0.73321320654496114	-0.74428753304718986	-0.25314481226730962	0.00049975012493753122	0.0019605581824472381	DESCRIPTIVE	|d|<0.5
PRIMARY	M3_HOXA11	C3	506	2.8882131326680067	5.5860651353274697	0.00089564983624021053	0.0014681451096908739	True	0.0042648449097296703	0.0014766378774096877	-0.94580195148190704	0.98457644544907197	-0.3261387392591506	0.34687086881946277	0.99400299850074958	0.99400299850074958	DESCRIPTIVE	F2 q>0.05; |d|<0.5; bootstrap CI includes 0
PRIMARY	M3_HOXA13	C1	506	4.6321550685451935	7.6474855350449964	5.249893582381232e-05	0.00018374627538334312	True	0.93098259898325475	0.20098260641253651	-0.0072371804588664355	1.8740592324663248	-0.001581323516443059	0.40891410296234509	0.046476761619190406	0.087789438614026327	DESCRIPTIVE	F2 q>0.05; |d|<0.5; bootstrap CI includes 0
PRIMARY	M3_HOXA13	C2	506	4.6321550685451935	7.6474855350449964	5.249893582381232e-05	0.00018374627538334312	True	-2.2345126945494282	-0.48239159991058217	-3.4111933596367039	-1.0071931721515306	-0.75120720847194178	-0.21722923771826144	0.00049975012493753122	0.0019605581824472381	DESCRIPTIVE	|d|<0.5
PRIMARY	M3_HOXA13	C3	506	4.6321550685451935	7.6474855350449964	5.249893582381232e-05	0.00018374627538334312	True	0.42439692798997797	0.091619758343553681	-1.0960657244528875	1.9550330022622942	-0.23956078314248119	0.42869989917248802	0.567216391804098	0.64284524404464438	DESCRIPTIVE	F2 q>0.05; |d|<0.5; bootstrap CI includes 0
PRIMARY	M3_HOXA9	C1	506	4.7684596427534913	11.396341964484568	3.0655806999036569e-07	2.1459064899325598e-06	True	-1.4094017912964154	-0.2955675200980778	-2.4016877283424618	-0.43674970009003944	-0.51423659511546815	-0.092008543819349767	0.0034982508745627187	0.0089205397301349333	DESCRIPTIVE	|d|<0.5
PRIMARY	M3_HOXA9	C2	506	4.7684596427534913	11.396341964484568	3.0655806999036569e-07	2.1459064899325598e-06	True	-3.0805173590624655	-0.64601938358518995	-4.2773001654588665	-1.8490839165596866	-0.92115566931922355	-0.38174878936338896	0.00049975012493753122	0.0019605581824472381	CAT2_DEPLETION	
PRIMARY	M3_HOXA9	C3	506	4.7684596427534913	11.396341964484568	3.0655806999036569e-07	2.1459064899325598e-06	True	-1.1341436668087042	-0.23784277351119745	-2.6960184377007477	0.5359322101530265	-0.57327616785216529	0.1118330425419138	0.14742628685657172	0.23092998955067923	DESCRIPTIVE	F2 q>0.05; |d|<0.5; bootstrap CI includes 0
PRIMARY	M3_LHX1	C1	506	3.114392474323656	30.695500287342032	3.1746044864651939e-18	6.6666694215769077e-17	True	2.9948643724416097	0.96162073249679181	2.3317491551753431	3.6453883885569414	0.73448983799134326	1.2071228317759897	0.00049975012493753122	0.0019605581824472381	CAT1_ENRICHMENT	
PRIMARY	M3_LHX1	C2	506	3.114392474323656	30.695500287342032	3.1746044864651939e-18	6.6666694215769077e-17	True	-0.86451890767196671	-0.27758829845609356	-1.5868660663003042	-0.14774254274888662	-0.51822641797853553	-0.047526411795018729	0.017991004497751123	0.038230884557721133	DESCRIPTIVE	|d|<0.5
PRIMARY	M3_LHX1	C3	506	3.114392474323656	30.695500287342032	3.1746044864651939e-18	6.6666694215769077e-17	True	-0.20432072674005508	-0.065605323806989635	-1.0541056135502691	0.64724307183708896	-0.3427302422241813	0.20722144147971014	0.69565217391304346	0.73704984242572591	DESCRIPTIVE	F2 q>0.05; |d|<0.5; bootstrap CI includes 0
PRIMARY	M3_MSX1	C1	506	5.5074078417180088	8.6346910923840081	1.3497575330565364e-05	5.6689816388374524e-05	True	-2.2470216812332198	-0.40799986959605161	-3.4031826886720014	-1.125585652282262	-0.63450323664401065	-0.20325716449423939	0.00049975012493753122	0.0019605581824472381	DESCRIPTIVE	|d|<0.5
PRIMARY	M3_MSX1	C2	506	5.5074078417180088	8.6346910923840081	1.3497575330565364e-05	5.6689816388374524e-05	True	-2.0332691062492954	-0.36918803994276683	-3.4027462668890092	-0.61264391605538515	-0.6349550744167598	-0.11181594465112978	0.0019990004997501249	0.0059970014992503746	DESCRIPTIVE	|d|<0.5
PRIMARY	M3_MSX1	C3	506	5.5074078417180088	8.6346910923840081	1.3497575330565364e-05	5.6689816388374524e-05	True	-1.1966872044964436	-0.21728683236997079	-3.0380395230486297	0.72708384970818618	-0.55560331943481023	0.13228580883475227	0.20539730134932535	0.29929321053758834	DESCRIPTIVE	F2 q>0.05; |d|<0.5; bootstrap CI includes 0
PRIMARY	M3_MSX2	C1	506	6.6676280017594296	6.5164344583598073	0.00024912855852055895	0.00058129996988130425	True	-2.4328803771766818	-0.36487944086483259	-3.9165111854077885	-1.0243161456728485	-0.60295940508813661	-0.15534560587031238	0.00049975012493753122	0.0019605581824472381	DESCRIPTIVE	|d|<0.5
PRIMARY	M3_MSX2	C2	506	6.6676280017594296	6.5164344583598073	0.00024912855852055895	0.00058129996988130425	True	-0.77319275632742634	-0.11596219167047098	-2.4779536938543041	0.94862968196377306	-0.37614080700826857	0.14444862569884551	0.34432783608195899	0.45027486256871557	DESCRIPTIVE	F2 q>0.05; |d|<0.5; bootstrap CI includes 0
PRIMARY	M3_MSX2	C3	506	6.6676280017594296	6.5164344583598073	0.00024912855852055895	0.00058129996988130425	True	-2.0426418738870904	-0.30635210502866767	-4.3747208809754756	0.29761576333094003	-0.66747644517463389	0.044685032276037102	0.057971014492753624	0.10194902548725639	DESCRIPTIVE	F2 q>0.05; |d|<0.5; bootstrap CI includes 0
PRIMARY	M3_PAX2	C1	506	4.5584865816380331	0.93548443544675719	0.42327092599124094	0.42327092599124089	False	-0.36018090414905346	-0.079013264095125865	-1.3146929972558927	0.62197481838789392	-0.29614101472713472	0.13628154710680668			DESCRIPTIVE	omnibus F1 gate FAIL -> descriptive/exploratory
PRIMARY	M3_PAX2	C2	506	4.5584865816380331	0.93548443544675719	0.42327092599124094	0.42327092599124089	False	-0.50565661564073405	-0.11092642406310055	-1.6695362239398002	0.71111953404217498	-0.37077596614642394	0.15854487481406204			DESCRIPTIVE	omnibus F1 gate FAIL -> descriptive/exploratory
PRIMARY	M3_PAX2	C3	506	4.5584865816380331	0.93548443544675719	0.42327092599124094	0.42327092599124089	False	0.72539510546773833	0.15913068788875911	-0.92784258401725939	2.311531141476701	-0.20308399054755641	0.5153647331746376			DESCRIPTIVE	omnibus F1 gate FAIL -> descriptive/exploratory
PRIMARY	M3_PAX8	C1	506	4.8232788589274911	15.717343405946096	8.810293651302956e-10	9.2508083338681042e-09	True	3.3428904413147293	0.69307426319075771	2.3083392693042302	4.3309366849478019	0.47340531396777991	0.92419280464908138	0.00049975012493753122	0.0019605581824472381	CAT1_ENRICHMENT	
PRIMARY	M3_PAX8	C2	506	4.8232788589274911	15.717343405946096	8.810293651302956e-10	9.2508083338681042e-09	True	-1.1872375555572265	-0.24614740102777757	-2.479514824392357	0.030170727388607776	-0.51894015736918242	0.0061077851625825621	0.037981009495252377	0.077481259370314859	DESCRIPTIVE	F2 q>0.05; |d|<0.5; bootstrap CI includes 0
PRIMARY	M3_PAX8	C3	506	4.8232788589274911	15.717343405946096	8.810293651302956e-10	9.2508083338681042e-09	True	-0.6762442593343998	-0.14020426334727204	-2.3138248827741785	0.8429338583541286	-0.48460832476504967	0.17775456811040269	0.41479260369815091	0.51596153142940726	DESCRIPTIVE	F2 q>0.05; |d|<0.5; bootstrap CI includes 0
PRIMARY	M3_SALL1	C1	506	3.3333757197786515	4.2612874560630924	0.0054950772775897369	0.0067880366370226168	True	1.1082525661577791	0.33247154216128122	0.34828953048072636	1.8275220650936506	0.10575703623692818	0.55982860761013198	0.0019990004997501249	0.0059970014992503746	DESCRIPTIVE	|d|<0.5
PRIMARY	M3_SALL1	C2	506	3.3333757197786515	4.2612874560630924	0.0054950772775897369	0.0067880366370226168	True	0.32672921398109955	0.098017517810082194	-0.50220691973094189	1.1522194412104583	-0.15323640690495599	0.34920229020589905	0.40779610194902549	0.51596153142940726	DESCRIPTIVE	F2 q>0.05; |d|<0.5; bootstrap CI includes 0
PRIMARY	M3_SALL1	C3	506	3.3333757197786515	4.2612874560630924	0.0054950772775897369	0.0067880366370226168	True	-0.96770878235365965	-0.29030894315685452	-2.0424827893414341	0.12541461447060387	-0.6221006539562608	0.038125092958638265	0.081459270364817593	0.13848075962018991	DESCRIPTIVE	F2 q>0.05; |d|<0.5; bootstrap CI includes 0
PRIMARY	M3_SIX1	C1	506	4.4573520536466207	6.5490629321056417	0.00023818723298096335	0.00058129996988130425	True	-1.6052668062071931	-0.36013911104327118	-2.5419317237667034	-0.62229539174603055	-0.57997981688896727	-0.1397420652168001	0.00049975012493753122	0.0019605581824472381	DESCRIPTIVE	|d|<0.5
PRIMARY	M3_SIX1	C2	506	4.4573520536466207	6.5490629321056417	0.00023818723298096335	0.00058129996988130425	True	-1.5321119696374552	-0.34372693724831843	-2.5932635431560858	-0.39992297836349355	-0.59215350583055304	-0.089935780868291793	0.0019990004997501249	0.0059970014992503746	DESCRIPTIVE	|d|<0.5
PRIMARY	M3_SIX1	C3	506	4.4573520536466207	6.5490629321056417	0.00023818723298096335	0.00058129996988130425	True	-0.062223385047698088	-0.013959719649425556	-1.5893158298421095	1.4903314132010321	-0.36043657164080328	0.33724854429682261	0.92853573213393303	0.9471064467766116	DESCRIPTIVE	F2 q>0.05; |d|<0.5; bootstrap CI includes 0
PRIMARY	M3_SOX17	C1	506	6.3631868403504628	5.3590192951609277	0.00122333258905545	0.0017126656246776301	True	-1.3011667189161742	-0.20448350041604474	-2.6037491307537319	-0.034444118381793946	-0.41167811506340918	-0.0055135381500803328	0.043478260869565216	0.085284280936454848	DESCRIPTIVE	F2 q>0.05; |d|<0.5
PRIMARY	M3_SOX17	C2	506	6.3631868403504628	5.3590192951609277	0.00122333258905545	0.0017126656246776301	True	-0.57838673437792298	-0.090895764793552311	-2.1714701977856676	1.1149518405372474	-0.34306500293487874	0.17760586836032238	0.45577211394302847	0.54056692583940591	DESCRIPTIVE	F2 q>0.05; |d|<0.5; bootstrap CI includes 0
PRIMARY	M3_SOX17	C3	506	6.3631868403504628	5.3590192951609277	0.00122333258905545	0.0017126656246776301	True	-3.0787709289902754	-0.48384103849773286	-5.1376514689398212	-0.98720690489983487	-0.81935399611313386	-0.1538138259865609	0.0029985007496251873	0.0080486072753097136	DESCRIPTIVE	|d|<0.5
PRIMARY	M3_SOX9	C1	506	8.0484531556112628	5.5754136656337074	0.00090885173457054102	0.0014681451096908739	True	0.63119610068331378	0.078424523132529275	-1.0022597179132819	2.3397904191980827	-0.12502128243401814	0.29239745804829448	0.43228385807096453	0.5249161133718856	CAT5_CLEAN_NULL	H3 equivalence (C1) CI-in-SESOI
PRIMARY	M3_SOX9	C2	506	8.0484531556112628	5.5754136656337074	0.00090885173457054102	0.0014681451096908739	True	-4.2424280879495662	-0.52711098715804883	-6.3085372086076568	-2.3181196443007397	-0.80490037361543243	-0.28656597645849041	0.00049975012493753122	0.0019605581824472381	CAT2_DEPLETION	
PRIMARY	M3_SOX9	C3	506	8.0484531556112628	5.5754136656337074	0.00090885173457054102	0.0014681451096908739	True	-2.6298890577118286	-0.32675708075387239	-4.8842285013992495	-0.27600505843772588	-0.61465372717359523	-0.034097876901769013	0.053473263368315843	0.097397729706575273	DESCRIPTIVE	F2 q>0.05; |d|<0.5
PRIMARY	M3_TBX18	C1	506	3.7313333808622704	6.0416782750900566	0.00047877561379377722	0.00091402617178812015	True	-1.6588755921139857	-0.44457983856983524	-2.3851305086753007	-0.92853590392110863	-0.65404396229111739	-0.2483090769948299	0.00049975012493753122	0.0019605581824472381	DESCRIPTIVE	|d|<0.5
PRIMARY	M3_TBX18	C2	506	3.7313333808622704	6.0416782750900566	0.00047877561379377722	0.00091402617178812015	True	0.46363782733072512	0.12425526748928113	-0.54313144567574712	1.4363983942109719	-0.14625436393256283	0.38896573566051407	0.30284857571214391	0.41651542649727769	DESCRIPTIVE	F2 q>0.05; |d|<0.5; bootstrap CI includes 0
PRIMARY	M3_TBX18	C3	506	3.7313333808622704	6.0416782750900566	0.00047877561379377722	0.00091402617178812015	True	0.89533301249607078	0.23994988415888185	-0.28350955958151164	2.0941162039515224	-0.07615991974784693	0.56658622600045416	0.14942528735632185	0.23092998955067923	DESCRIPTIVE	F2 q>0.05; |d|<0.5; bootstrap CI includes 0
PRIMARY	M3_WT1	C1	506	9.9013613711309763	7.4656786893133438	6.7429596119386175e-05	0.00020228878835815852	True	-1.0870287354396027	-0.10978578547885456	-3.2101619455561559	1.0262150966242811	-0.32699379760628322	0.10274348895215568	0.28085957021489255	0.39788439113776447	DESCRIPTIVE	F2 q>0.05; |d|<0.5; bootstrap CI includes 0
PRIMARY	M3_WT1	C2	506	9.9013613711309763	7.4656786893133438	6.7429596119386175e-05	0.00020228878835815852	True	-5.8512302295264291	-0.59095209337441612	-8.4526135968948708	-3.4769771272802501	-0.87809638508781762	-0.34903964823632033	0.00049975012493753122	0.0019605581824472381	CAT2_DEPLETION	
PRIMARY	M3_WT1	C3	506	9.9013613711309763	7.4656786893133438	6.7429596119386175e-05	0.00020228878835815852	True	-1.6743109098277529	-0.16909906093413354	-5.0051885484738561	1.77716656421348	-0.50882286889166284	0.18066444800783904	0.31034482758620691	0.41651542649727769	DESCRIPTIVE	F2 q>0.05; |d|<0.5; bootstrap CI includes 0
SENS_nopurity	M1	C1	507	0.12778979871598437	9.9878868533253868	2.1021801123382933e-06	1.1036445589776041e-05	True	0.053701211620957867	0.42023081780033156	0.026690184457571521	0.082560597270877292	0.20944155220201102	0.64350585305479846	0.00049975012493753122	0.0018205183122724353	DESCRIPTIVE	|d|<0.5
SENS_nopurity	M1	C2	507	0.12778979871598437	9.9878868533253868	2.1021801123382933e-06	1.1036445589776041e-05	True	-0.039318132199938294	-0.30767817615335402	-0.071575739904288074	-0.0044131178341590771	-0.58881699734995563	-0.035058910789077552	0.0074962518740629685	0.016622123720748321	DESCRIPTIVE	|d|<0.5
SENS_nopurity	M1	C3	507	0.12778979871598437	9.9878868533253868	2.1021801123382933e-06	1.1036445589776041e-05	True	0.022813010165342096	0.17851980670260317	-0.016691366711414447	0.064064965493661072	-0.13171963633283723	0.49914855221715299	0.2913543228385807	0.40159649904777339	DESCRIPTIVE	F2 q>0.05; |d|<0.5; bootstrap CI includes 0
SENS_nopurity	M3_DLX5	C1	507	6.458979702556249	5.0210279656053745	0.0019440794503352153	0.0027217112304693011	True	-1.8064410635607344	-0.279679012282049	-3.1852957903258932	-0.55817169248803911	-0.50195831840902383	-0.08672453406842584	0.0069965017491254375	0.016622123720748321	DESCRIPTIVE	|d|<0.5
SENS_nopurity	M3_DLX5	C2	507	6.458979702556249	5.0210279656053745	0.0019440794503352153	0.0027217112304693011	True	-2.2209440536209559	-0.34385369762688373	-3.9458638632159682	-0.48093421346928078	-0.61754918009532644	-0.074219856306488793	0.0049975012493753126	0.014159586873230053	DESCRIPTIVE	|d|<0.5
SENS_nopurity	M3_DLX5	C3	507	6.458979702556249	5.0210279656053745	0.0019440794503352153	0.0027217112304693011	True	-0.77890708522591012	-0.12059289873873495	-3.1195250429199208	1.5222470098717356	-0.48866931115165763	0.23743098016984354	0.45877061469265368	0.53175684884830321	DESCRIPTIVE	F2 q>0.05; |d|<0.5; bootstrap CI includes 0
SENS_nopurity	M3_EMX2	C1	507	3.0353427015997809	2.1150803732917818	0.097392850973486378	0.11362499280240078	False	0.16501156460377037	0.054363405000957828	-0.45692237004835151	0.80859535889636336	-0.15007503238807532	0.26974204184555889			DESCRIPTIVE	omnibus F1 gate FAIL -> descriptive/exploratory
SENS_nopurity	M3_EMX2	C2	507	3.0353427015997809	2.1150803732917818	0.097392850973486378	0.11362499280240078	False	0.94690417931902093	0.31195956187087343	0.15641112527694612	1.7582526786069557	0.050020897175982224	0.59387040833804627			DESCRIPTIVE	omnibus F1 gate FAIL -> descriptive/exploratory
SENS_nopurity	M3_EMX2	C3	507	3.0353427015997809	2.1150803732917818	0.097392850973486378	0.11362499280240078	False	0.55997155858046277	0.18448380088526053	-0.40589931097352061	1.5102755902838687	-0.1356490470131671	0.50405054810604466			DESCRIPTIVE	omnibus F1 gate FAIL -> descriptive/exploratory
SENS_nopurity	M3_FOXA2	C1	507	9.9787149833305246	4.9573287202928169	0.0021214142755657463	0.0027843562366800419	True	-0.50442935424706103	-0.050550532317007943	-2.5643627831196176	1.6240559910659467	-0.26209220389658	0.16523897739688415	0.62418790604697649	0.69923733785281272	CAT5_CLEAN_NULL	H3 equivalence (C1) CI-in-SESOI
SENS_nopurity	M3_FOXA2	C2	507	9.9787149833305246	4.9573287202928169	0.0021214142755657463	0.0027843562366800419	True	-4.1908060066462429	-0.41997451712439904	-6.7864629407403187	-1.6253597936174096	-0.69550087242689695	-0.15991695942703807	0.00049975012493753122	0.0018205183122724353	DESCRIPTIVE	|d|<0.5
SENS_nopurity	M3_FOXA2	C3	507	9.9787149833305246	4.9573287202928169	0.0021214142755657463	0.0027843562366800419	True	-4.7525858674889854	-0.47627233320404433	-7.8663230508931878	-1.5452267241083628	-0.80208802950576086	-0.15592307388271831	0.0074962518740629685	0.016622123720748321	DESCRIPTIVE	|d|<0.5
SENS_nopurity	M3_GATA2	C1	507	7.8797391292254728	5.9440391285663763	0.00054728589744888713	0.0010500056597814731	True	-0.40472720429161546	-0.051363020736372715	-2.1549295191289222	1.3420234948705523	-0.27360242732548251	0.17296669110493104	0.63068465767116444	0.69923733785281272	CAT5_CLEAN_NULL	H3 equivalence (C1) CI-in-SESOI
SENS_nopurity	M3_GATA2	C2	507	7.8797391292254728	5.9440391285663763	0.00054728589744888713	0.0010500056597814731	True	-4.2479217497270447	-0.5390942111232796	-6.5494785202699539	-2.2362957569509589	-0.84242451042957478	-0.28436416368197559	0.00049975012493753122	0.0018205183122724353	CAT2_DEPLETION	
SENS_nopurity	M3_GATA2	C3	507	7.8797391292254728	5.9440391285663763	0.00054728589744888713	0.0010500056597814731	True	-2.2257418861610745	-0.2824639051698975	-5.0524533308552844	0.4564048629163539	-0.65540621504127439	0.058910642632706282	0.077461269365317345	0.13622499095279947	DESCRIPTIVE	F2 q>0.05; |d|<0.5; bootstrap CI includes 0
SENS_nopurity	M3_GATA3	C1	507	11.786252198022616	1.161910507738499	0.32374130183862526	0.3399283669305565	False	-1.1011223526318121	-0.09342429927102254	-3.6588339576542297	1.3856231302082866	-0.31012031077086433	0.11724916817139217			DESCRIPTIVE	omnibus F1 gate FAIL -> descriptive/exploratory
SENS_nopurity	M3_GATA3	C2	507	11.786252198022616	1.161910507738499	0.32374130183862526	0.3399283669305565	False	-1.8519570163773826	-0.15712857533186725	-4.9822998246560743	1.3775272448249813	-0.42753919512344984	0.11815180999903431			DESCRIPTIVE	omnibus F1 gate FAIL -> descriptive/exploratory
SENS_nopurity	M3_GATA3	C3	507	11.786252198022616	1.161910507738499	0.32374130183862526	0.3399283669305565	False	-2.3296424783652991	-0.19765761322807465	-6.5022091542952598	1.8167637922344886	-0.55955577255599753	0.15343090435553608			DESCRIPTIVE	omnibus F1 gate FAIL -> descriptive/exploratory
SENS_nopurity	M3_HOXA10	C1	507	6.4814571591938357	1.407118572476995	0.23987616991921207	0.26512629306860286	False	1.1867774122693973	0.18310348786090083	-0.21988707010869785	2.5757109146415038	-0.034038179368802171	0.40347958970076364			DESCRIPTIVE	omnibus F1 gate FAIL -> descriptive/exploratory
SENS_nopurity	M3_HOXA10	C2	507	6.4814571591938357	1.407118572476995	0.23987616991921207	0.26512629306860286	False	-0.50777272310488364	-0.078342371265174029	-2.1145905329390509	1.172881097011035	-0.33070135362918929	0.1822484047154467			DESCRIPTIVE	omnibus F1 gate FAIL -> descriptive/exploratory
SENS_nopurity	M3_HOXA10	C3	507	6.4814571591938357	1.407118572476995	0.23987616991921207	0.26512629306860286	False	-1.6145050642493111	-0.2490960018086617	-3.751494342259976	0.54735936711226685	-0.59111170575452932	0.084932531588383195			DESCRIPTIVE	omnibus F1 gate FAIL -> descriptive/exploratory
SENS_nopurity	M3_HOXA11	C1	507	2.8855176757822814	5.6997349159033037	0.0007657583312761137	0.0013400770797331988	True	0.098054201709946026	0.033981494042784867	-0.52247110339041558	0.72031638615511184	-0.18016869817262302	0.25055541956813521	0.72013993003498256	0.76514867566216893	CAT5_CLEAN_NULL	H3 equivalence (C1) CI-in-SESOI
SENS_nopurity	M3_HOXA11	C2	507	2.8855176757822814	5.6997349159033037	0.0007657583312761137	0.0013400770797331988	True	-1.421111896389855	-0.49249807350585123	-2.1042182542079644	-0.73528664197318938	-0.74089472248835508	-0.25912259424141176	0.00049975012493753122	0.0018205183122724353	DESCRIPTIVE	|d|<0.5
SENS_nopurity	M3_HOXA11	C3	507	2.8855176757822814	5.6997349159033037	0.0007657583312761137	0.0013400770797331988	True	0.031264734462473243	0.01083505213808721	-0.90392066036580154	0.96446030009111661	-0.31368645095187542	0.34063589589202165	0.94552723638180913	0.94552723638180913	DESCRIPTIVE	F2 q>0.05; |d|<0.5; bootstrap CI includes 0
SENS_nopurity	M3_HOXA13	C1	507	4.6358417993211827	7.4376305296538519	7.0024170427052183e-05	0.00021007251128115655	True	0.9700067345942065	0.20924068951969904	-0.025293846021004367	1.8817768448324121	-0.0053628811806638683	0.41461682471696365	0.033983008495752122	0.061897622617262789	DESCRIPTIVE	F2 q>0.05; |d|<0.5; bootstrap CI includes 0
SENS_nopurity	M3_HOXA13	C2	507	4.6358417993211827	7.4376305296538519	7.0024170427052183e-05	0.00021007251128115655	True	-2.2058326103324859	-0.47582137307953037	-3.3535232432564808	-0.98937341723759542	-0.73966058311436711	-0.21205541725082561	0.00049975012493753122	0.0018205183122724353	DESCRIPTIVE	|d|<0.5
SENS_nopurity	M3_HOXA13	C3	507	4.6358417993211827	7.4376305296538519	7.0024170427052183e-05	0.00021007251128115655	True	0.33024731322651668	0.07123783069449742	-1.1203747206015038	1.8537123720976403	-0.24188639790315941	0.39729656219134968	0.66516741629185405	0.72177740916775657	DESCRIPTIVE	F2 q>0.05; |d|<0.5; bootstrap CI includes 0
SENS_nopurity	M3_HOXA9	C1	507	4.8228666488884109	10.305368644753392	1.360488020619984e-06	9.5234161443398875e-06	True	-1.3111246665067902	-0.27185588198027044	-2.2568580487768322	-0.35946276430536683	-0.4753355917317923	-0.075015980302824109	0.0054972513743128436	0.014755780004734475	DESCRIPTIVE	|d|<0.5
SENS_nopurity	M3_HOXA9	C2	507	4.8228666488884109	10.305368644753392	1.360488020619984e-06	9.5234161443398875e-06	True	-2.9628415599919755	-0.61433205097529708	-4.1623195404316329	-1.7373546573052245	-0.89365487686187772	-0.35425227211390364	0.00049975012493753122	0.0018205183122724353	CAT2_DEPLETION	
SENS_nopurity	M3_HOXA9	C3	507	4.8228666488884109	10.305368644753392	1.360488020619984e-06	9.5234161443398875e-06	True	-1.3603404124418361	-0.28206054852364032	-2.8835624994940514	0.29677777460853644	-0.60488168912390272	0.060792420503278176	0.089955022488755629	0.14799052086859799	DESCRIPTIVE	F2 q>0.05; |d|<0.5; bootstrap CI includes 0
SENS_nopurity	M3_LHX1	C1	507	3.1117821426056809	30.667652112134764	3.2442605353522593e-18	6.8129471242397445e-17	True	2.9761947836988214	0.95642774696517663	2.293297424568121	3.6437253361521442	0.72497356803182011	1.2165720599356227	0.00049975012493753122	0.0018205183122724353	CAT1_ENRICHMENT	
SENS_nopurity	M3_LHX1	C2	507	3.1117821426056809	30.667652112134764	3.2442605353522593e-18	6.8129471242397445e-17	True	-0.88979391667824981	-0.28594351272071133	-1.6399426453824886	-0.18208367389610033	-0.53867627046745192	-0.058417953058360658	0.011994002998500749	0.025487256371814093	DESCRIPTIVE	|d|<0.5
SENS_nopurity	M3_LHX1	C3	507	3.1117821426056809	30.667652112134764	3.2442605353522593e-18	6.8129471242397445e-17	True	-0.16205119506539578	-0.052076651783116358	-1.0100062251738786	0.73675723698060258	-0.32831917730762772	0.23655644893300826	0.76261869065467269	0.77787106446776622	DESCRIPTIVE	F2 q>0.05; |d|<0.5; bootstrap CI includes 0
SENS_nopurity	M3_MSX1	C1	507	5.5023221109479854	8.8658914802856312	9.8106104390148671e-06	4.1204563843862443e-05	True	-2.2687973874648746	-0.41233452744444787	-3.3730709179548679	-1.1953959674807395	-0.6300533587833983	-0.21762590638241391	0.00049975012493753122	0.0018205183122724353	DESCRIPTIVE	|d|<0.5
SENS_nopurity	M3_MSX1	C2	507	5.5023221109479854	8.8658914802856312	9.8106104390148671e-06	4.1204563843862443e-05	True	-2.0833242131751186	-0.37862636377283743	-3.3861425117197248	-0.66864353316347958	-0.62702518124827977	-0.12213316647096953	0.0019990004997501249	0.0067966016991504253	DESCRIPTIVE	|d|<0.5
SENS_nopurity	M3_MSX1	C3	507	5.5023221109479854	8.8658914802856312	9.8106104390148671e-06	4.1204563843862443e-05	True	-1.1523226637581079	-0.20942479202831987	-3.0020696206760875	0.70589087215829061	-0.55603824188233864	0.12801157526276646	0.20339830084957522	0.30509745127436283	DESCRIPTIVE	F2 q>0.05; |d|<0.5; bootstrap CI includes 0
SENS_nopurity	M3_MSX2	C1	507	6.6604828727942635	6.5481450320909858	0.00023833035204477639	0.00062561717411753807	True	-2.4636700221572672	-0.36989360519497694	-3.8677724970958947	-1.063867768799023	-0.59624662665169681	-0.15601415308134536	0.00049975012493753122	0.0018205183122724353	DESCRIPTIVE	|d|<0.5
SENS_nopurity	M3_MSX2	C2	507	6.6604828727942635	6.5481450320909858	0.00023833035204477639	0.00062561717411753807	True	-0.82948850156852405	-0.12453879356956139	-2.5307316070632875	0.89699348690334557	-0.38412470007044491	0.13547807789685806	0.28435782108945529	0.40159649904777339	DESCRIPTIVE	F2 q>0.05; |d|<0.5; bootstrap CI includes 0
SENS_nopurity	M3_MSX2	C3	507	6.6604828727942635	6.5481450320909858	0.00023833035204477639	0.00062561717411753807	True	-1.9764381588771283	-0.29674097158183305	-4.2911638168980435	0.24887790008395322	-0.65118101000996897	0.038438910937165907	0.080959520239880053	0.13763118440779609	DESCRIPTIVE	F2 q>0.05; |d|<0.5; bootstrap CI includes 0
SENS_nopurity	M3_PAX2	C1	507	4.5540904773357909	0.82052499629587639	0.48293016371497666	0.4829301637149766	False	-0.33422938195282992	-0.073391028047461837	-1.2951735037534604	0.63121720632064637	-0.28618508390803621	0.13891679649596084			DESCRIPTIVE	omnibus F1 gate FAIL -> descriptive/exploratory
SENS_nopurity	M3_PAX2	C2	507	4.5540904773357909	0.82052499629587639	0.48293016371497666	0.4829301637149766	False	-0.47569022894519497	-0.1044533988317862	-1.6318209229129577	0.67907184753159677	-0.36084108592360836	0.14938800006177352			DESCRIPTIVE	omnibus F1 gate FAIL -> descriptive/exploratory
SENS_nopurity	M3_PAX2	C3	507	4.5540904773357909	0.82052499629587639	0.48293016371497666	0.4829301637149766	False	0.66539871644879245	0.14611012226486558	-0.86529548755062768	2.1408882859011165	-0.19268649144727429	0.47911579254001224			DESCRIPTIVE	omnibus F1 gate FAIL -> descriptive/exploratory
SENS_nopurity	M3_PAX8	C1	507	4.8213976906156928	15.657306174661763	9.5142992415676905e-10	9.9900142036460748e-09	True	3.3098188045313846	0.68648533411246571	2.3079722513309595	4.3268706684764657	0.47138362726329724	0.92483428563753933	0.00049975012493753122	0.0018205183122724353	CAT1_ENRICHMENT	
SENS_nopurity	M3_PAX8	C2	507	4.8213976906156928	15.657306174661763	9.5142992415676905e-10	9.9900142036460748e-09	True	-1.2369071385833337	-0.25654534596696599	-2.5289180418686095	-0.015316849403236682	-0.52853827747869409	-0.003214041786436059	0.030984507746126936	0.060777303655864374	DESCRIPTIVE	F2 q>0.05; |d|<0.5
SENS_nopurity	M3_PAX8	C3	507	4.8213976906156928	15.657306174661763	9.5142992415676905e-10	9.9900142036460748e-09	True	-0.60254242837344663	-0.12497256335983807	-2.136614344085888	1.0407971754783842	-0.44962230327815367	0.21764250321370984	0.45077461269365315	0.53175684884830321	DESCRIPTIVE	F2 q>0.05; |d|<0.5; bootstrap CI includes 0
SENS_nopurity	M3_SALL1	C1	507	3.3496607064357042	3.7713851534101934	0.010694952675650189	0.013211412128744351	True	1.0642953436311267	0.31773228302982914	0.346263193914776	1.7650353898025373	0.10419393693715723	0.53595474064737314	0.0024987506246876563	0.0079647676161919041	DESCRIPTIVE	|d|<0.5
SENS_nopurity	M3_SALL1	C2	507	3.3496607064357042	3.7713851534101934	0.010694952675650189	0.013211412128744351	True	0.29483994181626461	0.088020837826884538	-0.55489671383968298	1.1600056505382486	-0.16535580389653087	0.3517094209035081	0.4497751124437781	0.53175684884830321	DESCRIPTIVE	F2 q>0.05; |d|<0.5; bootstrap CI includes 0
SENS_nopurity	M3_SALL1	C3	507	3.3496607064357042	3.7713851534101934	0.010694952675650189	0.013211412128744351	True	-0.86155770321705205	-0.257207454343582	-1.9656704153844398	0.27831714353620535	-0.58987277329656773	0.083505706961221088	0.111944027986007	0.17841079460269865	DESCRIPTIVE	F2 q>0.05; |d|<0.5; bootstrap CI includes 0
SENS_nopurity	M3_SIX1	C1	507	4.4857558168305394	5.9404382852407416	0.00055000296464743827	0.0010500056597814731	True	-1.5344515056142034	-0.34207200932715665	-2.4298992458891502	-0.53042365435292382	-0.55471840512273984	-0.11806932533071827	0.00049975012493753122	0.0018205183122724353	DESCRIPTIVE	|d|<0.5
SENS_nopurity	M3_SIX1	C2	507	4.4857558168305394	5.9404382852407416	0.00055000296464743827	0.0010500056597814731	True	-1.4609920078734802	-0.32569583979400829	-2.5995990535717772	-0.31546273123955593	-0.58712913124150024	-0.069724829010234912	0.0044977511244377807	0.013493253373313342	DESCRIPTIVE	|d|<0.5
SENS_nopurity	M3_SIX1	C3	507	4.4857558168305394	5.9404382852407416	0.00055000296464743827	0.0010500056597814731	True	-0.22849468728703837	-0.050937834473674899	-1.8157468582243275	1.2332077373625081	-0.40528077981210037	0.27712660112354237	0.74412793603198402	0.77450050484961597	DESCRIPTIVE	F2 q>0.05; |d|<0.5; bootstrap CI includes 0
SENS_nopurity	M3_SOX17	C1	507	6.3600528562760701	5.3152911250944763	0.0012984421700816687	0.0019476632551225031	True	-1.322208185935668	-0.20789264111711261	-2.6345254531254962	-0.033287286554923849	-0.42198380476692565	-0.0052700780235582683	0.033983008495752122	0.061897622617262789	DESCRIPTIVE	F2 q>0.05; |d|<0.5
SENS_nopurity	M3_SOX17	C2	507	6.3600528562760701	5.3152911250944763	0.0012984421700816687	0.0019476632551225031	True	-0.6424115860670998	-0.10100727157214913	-2.1869407438549935	1.0585584832097203	-0.34504395568207874	0.16717998566037684	0.37681159420289856	0.46871686108165433	DESCRIPTIVE	F2 q>0.05; |d|<0.5; bootstrap CI includes 0
SENS_nopurity	M3_SOX17	C3	507	6.3600528562760701	5.3152911250944763	0.0012984421700816687	0.0019476632551225031	True	-3.0396597077221266	-0.47792994435928388	-5.1049922405326678	-0.85652295350338492	-0.81931576654133664	-0.13438189930371014	0.0074962518740629685	0.016622123720748321	DESCRIPTIVE	|d|<0.5
SENS_nopurity	M3_SOX9	C1	507	8.1006148789176233	5.3640392052100543	0.0012143985137669916	0.0019476632551225031	True	0.757989563094009	0.093571855275668775	-0.92603695159630928	2.4429757090776065	-0.11454646518764845	0.30396365030579031	0.36781609195402298	0.46871686108165433	DESCRIPTIVE	F2 q>0.05; |d|<0.5; bootstrap CI includes 0
SENS_nopurity	M3_SOX9	C2	507	8.1006148789176233	5.3640392052100543	0.0012143985137669916	0.0019476632551225031	True	-4.1230346607622836	-0.50897798776889758	-6.1946142220738958	-2.1120530801451673	-0.77513195167494142	-0.26040857872323986	0.00049975012493753122	0.0018205183122724353	CAT2_DEPLETION	
SENS_nopurity	M3_SOX9	C3	507	8.1006148789176233	5.3640392052100543	0.0012143985137669916	0.0019476632551225031	True	-2.929501426975488	-0.36163939043685511	-5.3237103311489804	-0.48811695533621452	-0.66968019295014802	-0.060409591753885113	0.021989005497251374	0.044857571214392801	DESCRIPTIVE	|d|<0.5
SENS_nopurity	M3_TBX18	C1	507	3.7360507975174637	6.2331193186629195	0.00036770066999419559	0.00085796822998645628	True	-1.6899097920059758	-0.45232516461737871	-2.4614863006865155	-0.9531390024025731	-0.67185114413359148	-0.25355711986448237	0.00049975012493753122	0.0018205183122724353	DESCRIPTIVE	|d|<0.5
SENS_nopurity	M3_TBX18	C2	507	3.7360507975174637	6.2331193186629195	0.00036770066999419559	0.00085796822998645628	True	0.40408387120470657	0.10815802383447591	-0.57250875434712767	1.3725621112121549	-0.15553605598179551	0.37114217856474735	0.35332333833083457	0.46203821166339903	DESCRIPTIVE	F2 q>0.05; |d|<0.5; bootstrap CI includes 0
SENS_nopurity	M3_TBX18	C3	507	3.7360507975174637	6.2331193186629195	0.00036770066999419559	0.00085796822998645628	True	0.96138798022579941	0.25732733100540922	-0.24482241433556193	2.184291064833491	-0.067087599236035675	0.59463398130275891	0.12293853073463268	0.18999591113534142	DESCRIPTIVE	F2 q>0.05; |d|<0.5; bootstrap CI includes 0
SENS_nopurity	M3_WT1	C1	507	9.8868159413031051	7.7381025618815871	4.6299064262258368e-05	0.0001620467249179043	True	-1.1165257516681801	-0.1129307714735326	-3.2028832041735962	0.97137545961440497	-0.32884515493720784	0.098772609575488071	0.26186906546726635	0.38158063825230243	DESCRIPTIVE	F2 q>0.05; |d|<0.5; bootstrap CI includes 0
SENS_nopurity	M3_WT1	C2	507	9.8868159413031051	7.7381025618815871	4.6299064262258368e-05	0.0001620467249179043	True	-5.914836434053484	-0.59825493557978537	-8.3400932235238212	-3.3222456399894353	-0.86148312649311198	-0.33306393880395946	0.00049975012493753122	0.0018205183122724353	CAT2_DEPLETION	
SENS_nopurity	M3_WT1	C3	507	9.8868159413031051	7.7381025618815871	4.6299064262258368e-05	0.0001620467249179043	True	-1.6132080987001416	-0.16316760707163697	-5.0903595100839576	1.830998624661718	-0.52242550629408901	0.18544479380033424	0.31934032983508248	0.42858833741024221	DESCRIPTIVE	F2 q>0.05; |d|<0.5; bootstrap CI includes 0
